Severity,Start_Time,Start_Lat,Start_Lng,Weather_Condition,Temperature(F),Visibility(mi),Precipitation(in),Sunrise_Sunset
2,2023-01-01 00:00:00,33.93772915715956,-79.31499267220826,Cloudy,2.0466102839460696,7.439208217388889,0.0,Day
3,2023-01-01 01:00:00,44.38395309483865,-105.91996681179417,Clear,38.43792773479638,6.724281907143164,0.0,Night
2,2023-01-01 02:00:00,33.15667118065188,-98.92781940408841,Cloudy,15.523190631773119,6.019811586543833,0.0,Day
2,2023-01-01 03:00:00,37.94236790528056,-109.87083577755679,Cloudy,4.103341830265704,5.732992067814281,0.0,Day
4,2023-01-01 04:00:00,41.03206049751636,-102.44055170734454,Thunderstorm,4.214202985924329,8.28035558488603,0.12261695858934149,Day
3,2023-01-01 05:00:00,43.05172942231511,-75.74451454780828,Cloudy,-9.085000664801475,7.790511884364255,0.0,Night
2,2023-01-01 06:00:00,32.3469133923334,-80.71387439342064,Cloudy,24.6215445378145,9.213201561074339,0.0,Day
1,2023-01-01 07:00:00,44.781023107455496,-101.31923536283863,Cloudy,28.797415133779886,5.916264428638767,0.0,Night
2,2023-01-01 08:00:00,43.60123477976523,-113.38027079688447,Cloudy,-8.37861135381552,9.23992729964123,0.0,Night
3,2023-01-01 09:00:00,44.44274649341298,-99.00149880501381,Rain,19.296726956547666,7.889555862799281,0.44896350632872706,Day
2,2023-01-01 10:00:00,42.790061393124596,-81.41387971909445,Clear,29.083633388521093,6.331115969898578,0.0,Day
4,2023-01-01 11:00:00,43.16503842050347,-117.80995015210594,Cloudy,8.812002419550112,6.367765702842556,0.0,Night
3,2023-01-01 12:00:00,38.982433738697445,-82.73296594816456,Snow,11.637079142734482,6.951901950719262,0.01127765706239053,Night
2,2023-01-01 13:00:00,42.67965094676073,-86.00450345955161,Cloudy,8.081244995607008,7.300636083333972,0.0,Night
1,2023-01-01 14:00:00,38.01020036794945,-116.76755287560756,Clear,5.782535928323698,5.412525423684413,0.0,Day
2,2023-01-01 15:00:00,38.07325755919747,-88.21798553461102,Rain,14.557086182596038,9.209995828331639,0.27323072262928694,Night
2,2023-01-01 16:00:00,38.43870137851489,-105.06720765154725,Snow,-1.694966993338772,5.60770534662097,0.39507475978588363,Night
2,2023-01-01 17:00:00,44.944768873545804,-111.13573398328272,Clear,12.034384061592949,7.417299215149408,0.0,Night
2,2023-01-01 18:00:00,31.565922602064344,-100.75590243535032,Rain,37.09125621361027,6.914841165954609,0.4299776228843302,Night
2,2023-01-01 19:00:00,42.084149677437296,-109.73061196607628,Snow,-8.629895110139337,7.561435421559715,0.1239894283407228,Night
1,2023-01-01 20:00:00,34.099687846832516,-78.77220608136453,Cloudy,-1.7628292073485614,9.43741258534086,0.0,Night
1,2023-01-01 21:00:00,35.418406238966135,-82.8999747089945,Thunderstorm,28.88511953232105,9.945441699280531,0.0978632586841548,Day
2,2023-01-01 22:00:00,31.20799885959042,-70.96235247978412,Rain,-3.397145504314416,5.101356863413792,0.40842771806480016,Night
1,2023-01-01 23:00:00,35.273606720761045,-93.29625767883005,Rain,3.564044975137273,6.96619715862597,0.4708271242259982,Night
2,2023-01-02 00:00:00,44.86144045705063,-115.53970891122768,Rain,12.74194620221779,9.088052654586217,0.17449012973208822,Night
2,2023-01-02 01:00:00,35.95603892742053,-101.61156891773456,Clear,37.15811288205523,6.633014401309885,0.0,Night
2,2023-01-02 02:00:00,40.0453187995837,-78.06814755391355,Clear,-0.8249406348215267,8.245180879592608,0.0,Day
1,2023-01-02 03:00:00,31.81069782242307,-100.15683945846338,Cloudy,36.15422970021582,9.961296018832304,0.0,Night
3,2023-01-02 04:00:00,43.837458146230155,-97.21624364675553,Clear,25.92622563564263,8.23385644407972,0.0,Day
2,2023-01-02 05:00:00,42.41618069920198,-99.40145686212426,Cloudy,23.557245587158604,5.555956888116345,0.0,Day
2,2023-01-02 06:00:00,35.7944145629542,-108.23106549658077,Fog,26.177126202501604,0.8070392443744719,0.0,Day
3,2023-01-02 07:00:00,35.226949990091484,-116.3402394340815,Snow,-8.437669051533128,9.833287186462648,0.4395729641670798,Day
1,2023-01-02 08:00:00,36.48400505270267,-110.97198380495293,Cloudy,-5.054986946524034,8.562542106494337,0.0,Day
2,2023-01-02 09:00:00,36.01887274281748,-101.80284611393893,Fog,6.74207643701142,1.2489251017445797,0.0,Day
4,2023-01-02 10:00:00,33.87076207121837,-107.72811554039323,Rain,-6.301623342566117,9.742000876727122,0.36950734504516985,Night
3,2023-01-02 11:00:00,44.86269411249019,-91.36324000047424,Cloudy,39.3794854747711,9.84286007524599,0.0,Day
4,2023-01-02 12:00:00,42.15819683557108,-89.30471695440349,Clear,19.02061040725888,9.675583717495787,0.0,Night
3,2023-01-02 13:00:00,34.01884889261325,-91.4966962581446,Cloudy,14.367183557149204,7.0590950115504025,0.0,Night
1,2023-01-02 14:00:00,44.72587201540394,-115.75404820481744,Rain,29.275589244952194,8.948538369844234,0.469633782408589,Night
1,2023-01-02 15:00:00,30.23295207070319,-86.6569840016769,Cloudy,38.84796034059949,8.2708967951703,0.0,Night
2,2023-01-02 16:00:00,36.56846455094126,-100.77102576591768,Rain,37.75650000423873,5.898533329427934,0.2799847298031494,Night
2,2023-01-02 17:00:00,38.542277955918266,-76.09206113709462,Clear,29.653244239434805,7.67757450838577,0.0,Day
1,2023-01-02 18:00:00,30.56379933167467,-93.71928155072533,Rain,8.858711848043825,8.738455045643185,0.19173625299682828,Night
3,2023-01-02 19:00:00,32.41555786055702,-115.77426655710845,Snow,-6.702025421104665,9.479561379826547,0.3679286835607416,Day
2,2023-01-02 20:00:00,33.87196623277946,-119.53909552497214,Rain,-5.081151113545942,9.312991852032766,0.21123136165852316,Day
2,2023-01-02 21:00:00,40.8034058655944,-84.87438538011534,Thunderstorm,-9.942382960270626,5.77329250092741,0.1470340894373432,Day
3,2023-01-02 22:00:00,44.09615293297913,-99.97446318611503,Snow,-9.904857838757206,7.440166232426054,0.3087647832859233,Night
3,2023-01-02 23:00:00,39.36802630301897,-105.60020631609879,Fog,36.8210899466731,0.5952345422220588,0.0,Day
2,2023-01-03 00:00:00,38.439923865154384,-97.6410479536778,Fog,36.350848460374955,1.7817576384773006,0.0,Day
3,2023-01-03 01:00:00,38.05138679963696,-116.38035528884313,Snow,23.377689985240103,5.0096865456843345,0.28709535836419575,Day
3,2023-01-03 02:00:00,35.260554747165024,-100.40078326286785,Rain,26.333836211015125,8.693567688134639,0.35009237667941884,Night
2,2023-01-03 03:00:00,42.41571519205796,-104.26501208488473,Clear,15.66042283250189,8.093207582731328,0.0,Night
1,2023-01-03 04:00:00,38.111511573543886,-79.9905430283826,Cloudy,1.8921128044166213,9.60785736588283,0.0,Night
1,2023-01-03 05:00:00,33.45154768985584,-111.25729961572924,Cloudy,35.719252455440454,7.28458675165869,0.0,Day
2,2023-01-03 06:00:00,32.05246812246117,-82.18415482359319,Clear,3.8845733679675014,8.288361249377504,0.0,Day
2,2023-01-03 07:00:00,44.78268772292804,-94.97987337211649,Clear,26.983563047481724,9.863735152107711,0.0,Day
4,2023-01-03 08:00:00,30.26209822533003,-115.90560254572864,Thunderstorm,2.2717842361939837,8.719518814579544,0.3959739225224844,Day
3,2023-01-03 09:00:00,44.001600449847075,-71.51607258201096,Fog,33.50742090245889,1.7067943995875008,0.0,Day
3,2023-01-03 10:00:00,33.27454951770466,-83.28951753158731,Snow,22.561971721274055,5.837667754863372,0.11073014542071924,Night
4,2023-01-03 11:00:00,39.86324299022471,-106.99528663554776,Cloudy,22.1347510278366,9.10725551479874,0.0,Day
3,2023-01-03 12:00:00,34.52298788397197,-90.91233556995843,Clear,-5.131638162904003,6.673977704868294,0.0,Day
2,2023-01-03 13:00:00,42.897156178197235,-75.0032235093014,Clear,10.97344515846008,8.529590552991374,0.0,Night
1,2023-01-03 14:00:00,38.15167983272413,-73.4596516076199,Clear,16.245425377479965,8.49911866671914,0.0,Day
3,2023-01-03 15:00:00,32.11586633972593,-83.44209799009093,Clear,4.701814420555504,9.968502616941024,0.0,Day
2,2023-01-03 16:00:00,34.04752500673651,-83.61649226986273,Clear,34.048730591673284,7.3493636181817035,0.0,Night
2,2023-01-03 17:00:00,34.804778603546396,-106.13193764879502,Fog,31.88349707556109,1.5600412460248971,0.0,Night
2,2023-01-03 18:00:00,43.28883546585146,-70.5119024403966,Rain,14.6810456171265,5.243764386430511,0.3679607441262972,Night
4,2023-01-03 19:00:00,41.50107628059029,-107.82593975809192,Clear,7.001560132205746,7.312955103465443,0.0,Night
2,2023-01-03 20:00:00,42.443809689163004,-115.52967845082689,Clear,30.077113600282225,5.933407724085654,0.0,Day
3,2023-01-03 21:00:00,30.783782817621788,-71.13099131827698,Cloudy,-0.15542762293806156,9.202857758565884,0.0,Night
1,2023-01-03 22:00:00,38.68173308209896,-112.35772678990537,Clear,-6.4241842453183615,9.199541660080355,0.0,Night
2,2023-01-03 23:00:00,44.9876539577197,-93.91932608238852,Fog,-7.714475696402614,1.151389640280296,0.0,Day
1,2023-01-04 00:00:00,41.77799458579972,-96.58782980869735,Cloudy,-8.06583695509999,6.591425765582342,0.0,Day
3,2023-01-04 01:00:00,31.810615220848717,-77.58969882472425,Cloudy,14.444432823508922,8.51238892230176,0.0,Night
1,2023-01-04 02:00:00,40.18227251111023,-100.16703868522256,Clear,2.7656818049680094,8.691329617061335,0.0,Day
3,2023-01-04 03:00:00,41.179857313427746,-94.89092700349782,Clear,24.518756068097375,8.28815801057187,0.0,Night
1,2023-01-04 04:00:00,37.71372533882113,-117.81311502810381,Cloudy,22.694578702025268,9.983473187630807,0.0,Day
1,2023-01-04 05:00:00,31.18129721660163,-109.60813454368206,Rain,17.101000357201244,9.34341605992556,0.1452126322321967,Day
2,2023-01-04 06:00:00,30.520293528095355,-78.3502170847182,Rain,7.642164071398149,7.085294403762612,0.21632498511488057,Day
2,2023-01-04 07:00:00,44.067145458590254,-96.08193988104094,Clear,32.52281224928651,6.634883607709418,0.0,Day
1,2023-01-04 08:00:00,33.86270948217928,-108.45341399943023,Cloudy,25.485137665002675,7.984248739980402,0.0,Day
2,2023-01-04 09:00:00,35.68452190527675,-101.5546328193329,Cloudy,3.576306201582927,9.08818167916752,0.0,Night
3,2023-01-04 10:00:00,41.929163114782575,-105.74521884633572,Fog,15.084433115675498,1.1971104642683712,0.0,Day
2,2023-01-04 11:00:00,40.33891120076165,-92.18895963375404,Clear,-2.1864395587868373,8.688463034158197,0.0,Night
1,2023-01-04 12:00:00,44.528485500515025,-117.42769908889966,Clear,6.438814555095359,5.095800197530212,0.0,Day
3,2023-01-04 13:00:00,31.392588003167514,-108.75150746269749,Cloudy,39.85700914317668,9.62920054149052,0.0,Day
1,2023-01-04 14:00:00,40.60379361118841,-102.25175020451833,Cloudy,1.192211013359799,8.869173637577262,0.0,Day
2,2023-01-04 15:00:00,31.233432791665045,-73.58929481681373,Cloudy,24.915117785906922,6.970950433820665,0.0,Day
1,2023-01-04 16:00:00,30.00248244751717,-88.8360895244806,Cloudy,1.9209322888514162,6.920061627596461,0.0,Night
2,2023-01-04 17:00:00,31.80345339281621,-94.7873172193735,Cloudy,36.906726950290576,5.514434038742527,0.0,Night
1,2023-01-04 18:00:00,39.25088772418856,-110.45882731102775,Fog,5.506642249518377,1.8506174571329272,0.0,Day
4,2023-01-04 19:00:00,40.14289124366162,-92.10734899052777,Cloudy,7.334453732335465,8.843147546285923,0.0,Day
2,2023-01-04 20:00:00,36.57509808614376,-73.54952247332798,Fog,19.69298865330936,0.9752076997484862,0.0,Day
1,2023-01-04 21:00:00,30.691060646061363,-91.68453477171852,Cloudy,19.405588555746736,5.507282360720173,0.0,Day
1,2023-01-04 22:00:00,39.51089086581736,-111.76129715226094,Fog,18.95381948985899,0.5480559001545923,0.0,Night
3,2023-01-04 23:00:00,31.28726216379735,-70.14405014010796,Snow,18.662733420312037,7.2945723663230915,0.011770336941776947,Day
2,2023-01-05 00:00:00,32.125894976495964,-95.0571207538563,Clear,5.609344686010434,6.32985971882113,0.0,Day
3,2023-01-05 01:00:00,37.688635271562404,-104.02223683072381,Fog,11.720511166927086,1.6951260759953515,0.0,Night
4,2023-01-05 02:00:00,35.105599072122715,-94.8311933831881,Clear,19.67167215704885,6.129787703188262,0.0,Night
4,2023-01-05 03:00:00,36.97130890914511,-106.81546023802494,Fog,23.56350618335579,0.6192042550274083,0.0,Day
3,2023-01-05 04:00:00,39.526153554407884,-118.48134161071883,Cloudy,2.656450676179743,8.261484417983137,0.0,Day
1,2023-01-05 05:00:00,32.40010554242095,-75.52393558581427,Clear,25.07375308514704,9.461805403898476,0.0,Night
3,2023-01-05 06:00:00,43.39630109536512,-98.55627845822238,Cloudy,36.16381250563183,6.925153406164126,0.0,Day
1,2023-01-05 07:00:00,38.392200969693604,-82.3553649877257,Thunderstorm,27.896385167189436,8.459541155803787,0.15310232346797842,Night
3,2023-01-05 08:00:00,30.331399132969285,-71.43723100535533,Clear,-5.788359858863914,5.673965431912602,0.0,Day
2,2023-01-05 09:00:00,39.42679262600792,-88.37062117605205,Cloudy,13.456311004501053,7.704089889278807,0.0,Day
3,2023-01-05 10:00:00,36.94768397661077,-85.41918307017372,Rain,11.763191776953722,9.608521127772569,0.041703161946954365,Night
2,2023-01-05 11:00:00,40.52458667213784,-72.83795262010707,Snow,6.825165600913177,5.139679022286917,0.36959634273429237,Night
2,2023-01-05 12:00:00,41.76050434406317,-94.17227769917137,Cloudy,14.566006995150165,6.337786808634043,0.0,Night
4,2023-01-05 13:00:00,44.08267280084894,-104.00500610503681,Clear,11.981688669993936,5.662467668400721,0.0,Night
1,2023-01-05 14:00:00,44.97518691412499,-73.93078716732867,Clear,-9.691476141631979,7.6656073974820735,0.0,Day
2,2023-01-05 15:00:00,38.244254902071404,-116.5502945611031,Cloudy,1.8277639046034935,8.398212320356627,0.0,Day
2,2023-01-05 16:00:00,38.42262529692637,-109.26960231301034,Cloudy,0.6891072641173643,5.288895960315546,0.0,Day
4,2023-01-05 17:00:00,30.336678764634094,-102.93676763554112,Fog,7.462977062139977,0.7045850594642877,0.0,Day
1,2023-01-05 18:00:00,42.97755710229496,-80.89441894348047,Clear,-1.277162913784748,9.348145963744527,0.0,Day
1,2023-01-05 19:00:00,30.430769903137815,-74.80492766407235,Rain,-6.609927814424401,7.281165742837541,0.23815964156397715,Day
1,2023-01-05 20:00:00,39.48997210501563,-97.41067251196006,Clear,-0.16935724824936038,7.314757998193239,0.0,Day
1,2023-01-05 21:00:00,31.478654681163448,-105.69361541625474,Clear,32.70933932097325,9.722901974790584,0.0,Night
4,2023-01-05 22:00:00,34.287579061596844,-102.33946378410724,Cloudy,29.851967043226452,6.601048051324659,0.0,Night
3,2023-01-05 23:00:00,32.104943296660885,-87.17263428821039,Cloudy,12.104809871287241,9.485118235163952,0.0,Day
2,2023-01-06 00:00:00,32.06091432168812,-112.09964416982099,Rain,33.890751698938175,9.871273722881318,0.1032485240329026,Night
2,2023-01-06 01:00:00,31.119014734753957,-92.6284607064392,Fog,1.6332809060391948,1.046494077092892,0.0,Night
3,2023-01-06 02:00:00,34.768229729782554,-90.57783509907102,Cloudy,19.210457059961588,7.570194246062715,0.0,Night
1,2023-01-06 03:00:00,36.35477016679191,-84.60721247956035,Thunderstorm,-2.8537562226794506,7.6717807645012925,0.10413274320771698,Night
2,2023-01-06 04:00:00,36.96709789248238,-89.80510458580623,Fog,31.670034477469486,1.2022714696472674,0.0,Night
2,2023-01-06 05:00:00,36.59562059200661,-115.15221892669338,Cloudy,-3.470922125407374,6.519540681909108,0.0,Day
1,2023-01-06 06:00:00,37.855380514429164,-85.56005561395322,Snow,-8.406992051077841,8.990212216767073,0.49145645828685935,Day
2,2023-01-06 07:00:00,42.896803937804115,-118.91262846800781,Cloudy,3.6722115034097644,9.855036956390059,0.0,Night
2,2023-01-06 08:00:00,39.47694923559263,-100.48455981939702,Clear,35.04675446735117,9.201683263721495,0.0,Night
1,2023-01-06 09:00:00,30.259285064547193,-99.14685311431818,Rain,-3.5271459036778383,9.545701417283588,0.06453487475096258,Night
1,2023-01-06 10:00:00,32.59428417360478,-114.16847590049315,Clear,6.533513434776982,8.541772195714849,0.0,Night
3,2023-01-06 11:00:00,35.234247332232194,-119.50714302823135,Cloudy,5.820749650609633,9.519778801385868,0.0,Night
1,2023-01-06 12:00:00,44.23565563297315,-116.44190793260493,Rain,30.08231370484455,5.824253176761637,0.12810555157276937,Day
4,2023-01-06 13:00:00,31.171190961748874,-97.68500188076108,Clear,11.07626998900123,8.56180707520813,0.0,Day
1,2023-01-06 14:00:00,40.65178893606722,-107.98228790161232,Clear,20.578352480734168,8.659386774857381,0.0,Night
3,2023-01-06 15:00:00,30.496396976173095,-116.55098010984379,Fog,10.219150291643771,1.996425254060825,0.0,Night
3,2023-01-06 16:00:00,35.438057535029486,-107.17972945261991,Cloudy,17.572850756843447,5.39869233678956,0.0,Night
4,2023-01-06 17:00:00,41.55223145570615,-93.55888227805094,Clear,-6.8779637991284135,8.112218731304136,0.0,Night
3,2023-01-06 18:00:00,35.15894004657529,-82.89305805245198,Rain,8.701471907006745,5.259404032852403,0.4370745553746965,Day
1,2023-01-06 19:00:00,36.45423089979698,-99.39993265008943,Cloudy,32.75529188699769,6.912012480782748,0.0,Day
2,2023-01-06 20:00:00,43.579567924011435,-89.34255198117003,Cloudy,24.553378159112086,6.968351144878758,0.0,Day
2,2023-01-06 21:00:00,30.99253636978947,-90.1617662914964,Thunderstorm,39.091452207331,9.994612542316665,0.39452020590218867,Day
1,2023-01-06 22:00:00,37.91493487815152,-75.18427461344913,Rain,29.39597686880716,6.499010168645553,0.40928483733306864,Day
1,2023-01-06 23:00:00,35.49356337886768,-111.03028634440687,Clear,12.575485744588704,9.102269689618442,0.0,Day
3,2023-01-07 00:00:00,44.45717507275546,-96.17847782492235,Snow,23.814022884977142,5.265858426091769,0.3543692363108211,Day
2,2023-01-07 01:00:00,41.90534744127387,-88.40851342412411,Fog,28.79568378441445,0.80033591061096,0.0,Night
2,2023-01-07 02:00:00,31.831151660498083,-94.01388374726663,Clear,3.484182996067057,7.683458392780061,0.0,Day
4,2023-01-07 03:00:00,43.91114635083858,-97.48292070690742,Clear,-6.999105469220787,8.14374926597231,0.0,Day
2,2023-01-07 04:00:00,33.16819946180653,-71.3270508641119,Clear,10.292363399927417,9.05002601694969,0.0,Night
2,2023-01-07 05:00:00,31.2722646530223,-72.89930827647825,Rain,-2.7663418948742375,8.809616908615741,0.28160465363929077,Night
3,2023-01-07 06:00:00,38.123899196917385,-89.42722774735569,Cloudy,3.8620559881250944,8.805040641661872,0.0,Night
1,2023-01-07 07:00:00,41.04947354964419,-98.02121453208656,Cloudy,37.34227477370666,7.161469671621434,0.0,Night
2,2023-01-07 08:00:00,40.74076334244318,-82.23089393467166,Fog,32.354129661125924,0.7370634796645603,0.0,Day
4,2023-01-07 09:00:00,38.01084103316094,-94.35326267916103,Rain,19.623191728383013,7.456578588745607,0.167020465883633,Day
4,2023-01-07 10:00:00,37.39106211629554,-70.221518927783,Clear,10.062835326618618,5.334755891725011,0.0,Day
3,2023-01-07 11:00:00,44.543158459547286,-85.70313523887236,Clear,3.2165180103925746,9.450908913058635,0.0,Day
2,2023-01-07 12:00:00,42.30838262654247,-116.59199701765547,Cloudy,18.572913985933333,9.450816530693801,0.0,Night
3,2023-01-07 13:00:00,40.47960057214559,-99.90446727996881,Clear,16.658012483644626,6.614393823275696,0.0,Day
1,2023-01-07 14:00:00,32.92817195339463,-83.48676510924328,Rain,29.03904041907665,9.569513096404702,0.11123991953367814,Day
1,2023-01-07 15:00:00,42.29656036539977,-77.88153778654873,Fog,36.40100943820286,1.1395023581605188,0.0,Night
2,2023-01-07 16:00:00,41.24671115274043,-79.33152500135355,Clear,6.446865066500948,7.004006154310115,0.0,Night
2,2023-01-07 17:00:00,44.880398996665,-71.13811378327819,Cloudy,0.31485553783970666,6.657527992126267,0.0,Night
1,2023-01-07 18:00:00,31.99492661901188,-95.54397525037456,Rain,10.139980797285258,9.875713496930505,0.48346431654764394,Day
2,2023-01-07 19:00:00,40.72943093922057,-112.99664788943969,Cloudy,11.877065120660205,8.563134815556555,0.0,Day
1,2023-01-07 20:00:00,44.68624789550288,-87.38784095007361,Clear,-8.006485525781878,6.8940497738560005,0.0,Night
2,2023-01-07 21:00:00,36.93889540866705,-116.46255464206858,Cloudy,33.08482660997613,8.209919439904025,0.0,Night
3,2023-01-07 22:00:00,41.00115665139019,-71.32383478456154,Clear,39.77961693337477,7.857630995186844,0.0,Day
2,2023-01-07 23:00:00,44.63055975818145,-82.07334648785158,Fog,36.160434635576124,1.3917152615876596,0.0,Day
1,2023-01-08 00:00:00,38.212273408589944,-70.89258267866907,Clear,33.03324897434552,8.223509494059218,0.0,Night
2,2023-01-08 01:00:00,40.48562392054652,-101.13735044915292,Cloudy,39.63001517297705,7.688131610901809,0.0,Day
2,2023-01-08 02:00:00,30.30127215018144,-119.21016524986302,Cloudy,35.39042159874431,8.273951768431903,0.0,Night
2,2023-01-08 03:00:00,37.794976584396665,-93.93551509478603,Thunderstorm,24.418381037165865,9.537842811118196,0.4384055677667316,Day
2,2023-01-08 04:00:00,33.83700609062913,-113.94083643330784,Clear,-1.662167561391616,9.96632484072636,0.0,Night
2,2023-01-08 05:00:00,31.96866963525813,-86.01861516540018,Clear,-2.1824938331566095,8.546434366740066,0.0,Night
4,2023-01-08 06:00:00,40.62897127021992,-95.12242875257252,Clear,-7.561012671832365,9.639104008752163,0.0,Night
1,2023-01-08 07:00:00,30.58634233362513,-82.32765118824075,Clear,10.591543359380822,9.29205126941477,0.0,Day
2,2023-01-08 08:00:00,43.572977273655866,-105.44656035380127,Clear,30.44120385450018,6.475186989906396,0.0,Day
2,2023-01-08 09:00:00,37.76660489806264,-78.54172178322636,Cloudy,14.514797239945523,9.664539915215178,0.0,Night
2,2023-01-08 10:00:00,39.72345172784068,-87.45897272646418,Clear,8.31608528557912,5.354045000263107,0.0,Day
1,2023-01-08 11:00:00,33.801521986893995,-70.61451385420085,Clear,-4.538206790062512,6.649609105217724,0.0,Night
1,2023-01-08 12:00:00,32.732895280339385,-111.0721483734205,Snow,-7.412334545470591,8.199724675524,0.4337538662826837,Day
1,2023-01-08 13:00:00,33.656304316680206,-117.4413623834022,Clear,9.958957171180362,7.63457722947571,0.0,Day
4,2023-01-08 14:00:00,33.4843948650644,-77.44750308343467,Clear,-5.003730990813379,7.712061964146812,0.0,Night
3,2023-01-08 15:00:00,42.96752442440177,-103.07743568916707,Clear,-4.822591363100861,8.97444164900624,0.0,Night
2,2023-01-08 16:00:00,41.81009102193673,-98.43768179964059,Thunderstorm,9.767421248532312,5.973518411430962,0.03190803453189929,Night
3,2023-01-08 17:00:00,42.79104801186048,-73.71658688418924,Clear,15.142172825135805,9.910377549837293,0.0,Day
1,2023-01-08 18:00:00,41.02308065487597,-97.96515940692396,Fog,-0.6658556512742457,0.8511185888034194,0.0,Day
3,2023-01-08 19:00:00,39.65325542196632,-105.09904618360088,Rain,24.231784313021848,9.749216324027977,0.46294230271638204,Night
2,2023-01-08 20:00:00,37.91812034596003,-117.02522527108997,Clear,10.934600034140544,6.915579322484163,0.0,Day
2,2023-01-08 21:00:00,33.98222739569863,-97.85323305655123,Thunderstorm,-5.403873113064197,8.008933344258178,0.4444450985080318,Night
3,2023-01-08 22:00:00,40.580444365906736,-87.25242370277738,Clear,21.85170622813576,7.251557356615681,0.0,Night
3,2023-01-08 23:00:00,32.0487660782779,-106.54124711313902,Clear,7.847240934756943,8.379675819259852,0.0,Day
3,2023-01-09 00:00:00,37.66592315350681,-84.11103013483856,Snow,-7.383926146186689,5.918123646920932,0.470884953000296,Night
1,2023-01-09 01:00:00,32.92912152758424,-96.08680259837729,Rain,37.39907898335961,7.003142664202425,0.4509475962800559,Day
4,2023-01-09 02:00:00,37.57138957319188,-77.09463539419454,Cloudy,18.559847855283483,5.341905610537157,0.0,Day
4,2023-01-09 03:00:00,34.40861119311533,-111.91312638620049,Clear,13.886018451531864,7.9905070849500675,0.0,Night
2,2023-01-09 04:00:00,30.802195043047295,-82.14601683674715,Cloudy,32.95686974269174,9.813408492945614,0.0,Day
1,2023-01-09 05:00:00,37.5556351929597,-73.37237116439982,Rain,36.83702146568624,5.229532575786929,0.366897038340994,Day
1,2023-01-09 06:00:00,32.727453130499285,-82.93010319191612,Clear,1.0160934083105673,8.298150122507833,0.0,Night
4,2023-01-09 07:00:00,32.417325488537294,-99.70313354786522,Clear,30.507225083751358,8.8754898181883,0.0,Night
2,2023-01-09 08:00:00,35.76548846516548,-108.4772116527843,Clear,31.553996338713254,6.065542120888145,0.0,Day
2,2023-01-09 09:00:00,35.42680736780045,-115.08162916509052,Clear,-7.27986026612005,6.365371466842735,0.0,Night
1,2023-01-09 10:00:00,43.00436798418403,-87.88151511241941,Fog,25.59720575891364,1.9355844447204649,0.0,Day
1,2023-01-09 11:00:00,38.46955534340563,-112.85728421992285,Cloudy,-6.851605910021149,6.4870631833815375,0.0,Night
2,2023-01-09 12:00:00,42.818511422021245,-78.08479921856383,Thunderstorm,19.733662319495036,5.550412795966871,0.20449670502021264,Day
2,2023-01-09 13:00:00,32.20253481213114,-71.9631328652278,Clear,23.461838856933703,6.851739356427112,0.0,Day
4,2023-01-09 14:00:00,35.35965405083466,-113.21054108785438,Rain,8.35293441754849,6.844645976571974,0.37157655324434957,Night
2,2023-01-09 15:00:00,38.329944264053246,-101.19735243960668,Clear,34.0393748328829,9.036337283027045,0.0,Night
3,2023-01-09 16:00:00,32.29692104114921,-73.13639472653654,Clear,30.025585348373617,9.00479157800359,0.0,Night
1,2023-01-09 17:00:00,31.92085599487208,-96.46477089100493,Clear,36.29798568106981,8.983616816546824,0.0,Night
1,2023-01-09 18:00:00,39.92102397317965,-93.22919718169324,Clear,5.744476331549089,7.835179566094652,0.0,Night
2,2023-01-09 19:00:00,39.807509562048025,-82.62420005180857,Cloudy,-8.923609996909455,6.629403434331673,0.0,Night
2,2023-01-09 20:00:00,33.512379961289085,-109.47332945456185,Thunderstorm,30.5730633498776,7.054822582002169,0.13399068085174914,Night
1,2023-01-09 21:00:00,33.40685333158361,-71.04254646256963,Rain,1.1488677998220371,6.588717523810409,0.47051091184259897,Night
4,2023-01-09 22:00:00,41.181686689951256,-80.95582344961582,Clear,13.35780202835278,7.909639524903607,0.0,Night
2,2023-01-09 23:00:00,31.75481759127893,-111.93133150955885,Clear,30.866058593201537,9.689895606568331,0.0,Night
1,2023-01-10 00:00:00,43.84895245014985,-114.4465211415614,Clear,0.806758933764538,6.422483920278571,0.0,Day
1,2023-01-10 01:00:00,44.15607781560766,-73.25228865061572,Cloudy,5.595438139316187,7.294259088230648,0.0,Night
1,2023-01-10 02:00:00,43.06488484753869,-85.74861000615587,Rain,11.953999316889455,8.2755846506967,0.3302454887594322,Night
4,2023-01-10 03:00:00,33.16015948539839,-118.0716346938441,Fog,3.5912425082720496,0.9168415967611246,0.0,Night
1,2023-01-10 04:00:00,30.252026246607944,-112.90063897382797,Clear,13.066071150141433,6.266669603204824,0.0,Night
2,2023-01-10 05:00:00,44.05036262737845,-117.60853773870737,Cloudy,-9.520167775273666,6.401449754901953,0.0,Day
2,2023-01-10 06:00:00,35.15957741030267,-71.29591467905345,Cloudy,0.6093986375663647,9.42582766127968,0.0,Night
1,2023-01-10 07:00:00,34.656153974825195,-95.10745503904951,Rain,31.627667983148775,5.401290599929015,0.20620406597370544,Day
1,2023-01-10 08:00:00,33.92516370235724,-96.89257806690479,Cloudy,10.674097925650038,8.027238029836063,0.0,Night
1,2023-01-10 09:00:00,33.66804259573335,-72.2110616910572,Rain,21.820288387096983,9.302277080479936,0.44402323011518346,Night
2,2023-01-10 10:00:00,41.01829935662485,-94.76820022657606,Rain,1.6143963817771194,9.608713751757666,0.2174113593257198,Night
1,2023-01-10 11:00:00,43.61840442731139,-94.11225765201368,Clear,22.4939332224333,5.063436271164344,0.0,Night
1,2023-01-10 12:00:00,41.79084548902837,-70.79514183233331,Rain,39.998693382312844,6.848329887470921,0.48619396809290893,Night
3,2023-01-10 13:00:00,40.11161948937511,-114.42838916263528,Clear,19.764381969840247,6.286323930605233,0.0,Night
1,2023-01-10 14:00:00,34.31636344217145,-70.71226016060051,Rain,21.41792813209544,7.840162943873616,0.208582089414041,Night
3,2023-01-10 15:00:00,38.20445212941656,-111.71610500895471,Cloudy,-4.424008776900125,8.164311384068146,0.0,Day
3,2023-01-10 16:00:00,33.554507589374055,-96.35442681924741,Cloudy,10.16907358329923,9.998872388027642,0.0,Day
2,2023-01-10 17:00:00,31.672606563104363,-103.11931601893325,Fog,33.036244924144476,0.5906460157289566,0.0,Day
2,2023-01-10 18:00:00,31.804394436007914,-72.22893757006901,Fog,31.71359868291661,1.1999687011270632,0.0,Night
1,2023-01-10 19:00:00,39.05653657857249,-95.72483455893865,Snow,16.119955518066096,7.07156753902821,0.41257987131761437,Day
3,2023-01-10 20:00:00,30.577194881652115,-118.84927416045772,Cloudy,35.172707486888626,5.7383861891928785,0.0,Night
2,2023-01-10 21:00:00,44.598817437054265,-108.91544328530055,Rain,-2.8531490897140985,6.516623201402992,0.03853651352823234,Day
2,2023-01-10 22:00:00,44.93199695244787,-98.45939769568994,Cloudy,22.909470233076263,6.23492458855516,0.0,Night
1,2023-01-10 23:00:00,32.24137036874146,-86.18047961855063,Fog,2.44417882510977,0.9878379507972106,0.0,Night
4,2023-01-11 00:00:00,36.40953614547106,-91.90485008225255,Cloudy,22.27807025526183,7.7290821077615615,0.0,Night
1,2023-01-11 01:00:00,41.521140278332226,-77.50453531316899,Thunderstorm,-5.6300155447402105,6.48096815107671,0.3069449361361002,Night
2,2023-01-11 02:00:00,44.32600240428798,-78.5783205983542,Fog,37.180454755246934,1.672780309235366,0.0,Night
2,2023-01-11 03:00:00,43.36981761663848,-90.47453497387696,Rain,29.316601979524634,6.094324415477077,0.03813750490710006,Night
1,2023-01-11 04:00:00,33.82132775838996,-91.43425317715044,Clear,0.048078244794538705,5.925635752866089,0.0,Night
2,2023-01-11 05:00:00,31.277954007144228,-106.09176419962182,Clear,21.863828428601863,9.299711186209429,0.0,Day
3,2023-01-11 06:00:00,34.330940411285894,-72.1047067502746,Fog,27.957282026873557,1.3760644283415353,0.0,Night
3,2023-01-11 07:00:00,36.55856164649514,-116.15743311306596,Clear,0.47229109146804404,5.40007303913494,0.0,Day
3,2023-01-11 08:00:00,35.39907475819087,-100.14848707753787,Fog,-5.333484614301145,1.08104725545437,0.0,Night
2,2023-01-11 09:00:00,41.60803684349517,-86.95820551869859,Cloudy,7.588988304784991,7.266557682136451,0.0,Day
2,2023-01-11 10:00:00,33.866818318474856,-72.71684499571433,Cloudy,-3.2122829402384,6.944858206541267,0.0,Day
1,2023-01-11 11:00:00,42.87955673605338,-94.92351148084956,Fog,18.285585255211465,0.5135050248851403,0.0,Day
2,2023-01-11 12:00:00,33.38451641410176,-75.20403367466889,Cloudy,11.20574547867075,6.331268426671828,0.0,Day
1,2023-01-11 13:00:00,35.42028067406057,-114.7600111001957,Cloudy,13.121216905045273,5.102906131417937,0.0,Night
2,2023-01-11 14:00:00,36.71713601582947,-93.4207912634705,Cloudy,17.143173867060373,6.070014239100075,0.0,Day
2,2023-01-11 15:00:00,34.368272138267066,-104.19747201294805,Clear,39.10260729713008,5.924625383545845,0.0,Day
2,2023-01-11 16:00:00,41.4955835551985,-80.215161904631,Rain,29.631783320055447,5.170246907767813,0.3756333368254791,Night
2,2023-01-11 17:00:00,36.143208171254074,-97.75025940490406,Clear,21.473574749142536,6.606577080131606,0.0,Day
4,2023-01-11 18:00:00,43.30538660138781,-96.23737569297866,Fog,8.185280723966805,0.8834655073384439,0.0,Night
2,2023-01-11 19:00:00,44.453829878031456,-116.76089527376563,Fog,-8.646532343151744,1.1962126970951512,0.0,Day
4,2023-01-11 20:00:00,42.89710728817529,-98.09949693806045,Clear,-4.173619464062414,6.628306627462984,0.0,Day
3,2023-01-11 21:00:00,37.83937758414737,-115.95856515337768,Rain,26.543362526969183,5.972701328288717,0.49522243528138776,Day
2,2023-01-11 22:00:00,37.64712603920736,-105.02189409548303,Cloudy,8.460196412096142,6.153098846268027,0.0,Night
2,2023-01-11 23:00:00,33.23808970920923,-113.65592655582053,Clear,6.721871792132241,9.455885395808572,0.0,Day
1,2023-01-12 00:00:00,38.88416493710163,-103.27595377813205,Thunderstorm,34.44891792954246,6.023602032086844,0.06597434436266976,Night
3,2023-01-12 01:00:00,44.290885881601525,-108.63058275928745,Clear,14.225444525688555,9.396203337582552,0.0,Night
2,2023-01-12 02:00:00,31.20909791470613,-105.74100230331014,Clear,34.97885287065549,7.235494977438977,0.0,Day
4,2023-01-12 03:00:00,41.28686121517619,-112.58070799495182,Cloudy,34.33192552010998,9.672002161742633,0.0,Day
2,2023-01-12 04:00:00,43.04309331485778,-98.01961934926686,Cloudy,-5.990935414272277,7.040460681523493,0.0,Night
3,2023-01-12 05:00:00,44.80055226743471,-95.12117632639676,Cloudy,37.26814892167678,5.888414669029086,0.0,Night
3,2023-01-12 06:00:00,35.02136573650395,-78.16761534180431,Rain,-6.152255819622129,7.745149646056689,0.3401348687235287,Night
2,2023-01-12 07:00:00,35.33361219352487,-93.05872986719748,Cloudy,38.17530576236064,7.938533014245339,0.0,Day
1,2023-01-12 08:00:00,33.44662862485724,-108.56212354980465,Cloudy,12.630745879969517,8.177446516366349,0.0,Day
2,2023-01-12 09:00:00,41.835954389718694,-83.20521516840031,Clear,28.043033787728817,7.057483592347635,0.0,Night
2,2023-01-12 10:00:00,32.1005940067202,-105.13766266275275,Clear,25.307218359492673,5.243006703972476,0.0,Night
1,2023-01-12 11:00:00,34.01650441947362,-82.18017267270102,Clear,15.924748716226425,8.13359961474756,0.0,Day
3,2023-01-12 12:00:00,34.42893536655711,-100.6417970896949,Clear,20.972740941782163,9.665150771334858,0.0,Day
2,2023-01-12 13:00:00,35.6239592808538,-94.31624687069076,Cloudy,37.495909074959734,9.78779314252865,0.0,Night
4,2023-01-12 14:00:00,36.324973554178946,-94.81222159549021,Clear,36.36757453316201,7.9844268393050735,0.0,Night
3,2023-01-12 15:00:00,38.38537447169769,-72.21820802898186,Clear,22.716302512954343,5.099435089772159,0.0,Night
2,2023-01-12 16:00:00,44.22559982246716,-112.31673424169321,Clear,22.88593394672626,5.530192404244062,0.0,Night
4,2023-01-12 17:00:00,33.709196214162,-73.0722200720761,Fog,2.346934669591903,1.6213493512697348,0.0,Night
2,2023-01-12 18:00:00,41.68830883388483,-91.90057063305689,Fog,31.43117473590619,1.2766822557208541,0.0,Night
3,2023-01-12 19:00:00,40.145854333025866,-70.31557093151702,Cloudy,21.630166650103842,9.730078026341811,0.0,Night
2,2023-01-12 20:00:00,31.740753446213752,-91.343086199064,Fog,31.312439599921518,1.267494796036935,0.0,Night
2,2023-01-12 21:00:00,42.15565127040679,-87.18119453000728,Rain,22.89262051439883,9.319081472342194,0.061166998617865,Day
2,2023-01-12 22:00:00,31.359176694447974,-82.52128984513746,Cloudy,4.96600130158075,9.124434628409386,0.0,Day
2,2023-01-12 23:00:00,41.08389344468129,-78.91054103635759,Clear,-0.5259298634593375,7.947104031035501,0.0,Day
2,2023-01-13 00:00:00,40.73680117856631,-96.12181951260979,Rain,-6.151707788842228,8.918187766835269,0.19685511868843233,Night
2,2023-01-13 01:00:00,40.341027924556016,-86.07030564578707,Rain,19.299746613006345,5.6285527225623575,0.10078140609188999,Night
2,2023-01-13 02:00:00,34.150385152343254,-89.25585020489636,Cloudy,4.202567875436751,8.196013784400602,0.0,Day
4,2023-01-13 03:00:00,38.60050484235191,-99.64565014637552,Rain,21.525475729540712,9.76725478168597,0.1754030542446205,Night
2,2023-01-13 04:00:00,41.42366686200076,-78.96011917929856,Cloudy,-7.067177755811423,5.809787492197039,0.0,Night
2,2023-01-13 05:00:00,39.56387917392775,-110.37757233911502,Rain,8.783153250281355,8.720213409000007,0.3405936123734745,Day
2,2023-01-13 06:00:00,42.064585808170506,-111.64346443113112,Fog,3.0276607684887793,1.7689522169819616,0.0,Night
3,2023-01-13 07:00:00,40.3182354738891,-83.17808927516924,Clear,8.516703900055653,9.08551961858915,0.0,Day
4,2023-01-13 08:00:00,34.11674832138347,-88.12573431421835,Rain,-7.285828512170647,8.486054668528338,0.4377783838711301,Day
2,2023-01-13 09:00:00,32.29584817234707,-104.11697672318148,Cloudy,26.20907094167233,9.630871288033116,0.0,Day
1,2023-01-13 10:00:00,39.479684795222184,-88.24350477417349,Rain,-4.1651333428513375,8.559677098469477,0.29977265730068875,Night
2,2023-01-13 11:00:00,41.39637571306082,-81.46764057931905,Rain,-9.279868682592337,7.051552974814308,0.2779011045120954,Night
2,2023-01-13 12:00:00,32.1348442854845,-109.15169108973305,Clear,37.314455069466675,5.054462672451629,0.0,Night
3,2023-01-13 13:00:00,32.622306867936324,-90.93029340975801,Cloudy,-0.3561808817475054,8.964584483854141,0.0,Day
2,2023-01-13 14:00:00,30.181040208876095,-78.7667049741193,Clear,31.40306492227304,7.042324833277028,0.0,Day
4,2023-01-13 15:00:00,37.9762377155377,-99.43807307867965,Rain,38.22352998785622,8.353170474174298,0.16635898198605928,Night
2,2023-01-13 16:00:00,38.13436571620774,-91.4131646214016,Cloudy,16.706059978438095,5.525332406242094,0.0,Night
4,2023-01-13 17:00:00,37.50113687698001,-116.07321478637657,Rain,16.305908002377322,9.454843179488275,0.11784656973439243,Night
1,2023-01-13 18:00:00,34.74015028217573,-78.47656361706709,Clear,8.370862249170482,7.178288987032525,0.0,Night
3,2023-01-13 19:00:00,36.41716851738178,-80.19368155555665,Cloudy,11.279743238769743,9.59845866904341,0.0,Day
4,2023-01-13 20:00:00,41.493551556534534,-97.18727735016907,Clear,14.103769847667007,8.535087168972455,0.0,Night
4,2023-01-13 21:00:00,32.72695321893153,-114.03757949058812,Fog,-2.395279813968539,1.408254718856224,0.0,Day
1,2023-01-13 22:00:00,33.023218299824165,-86.98006079554051,Fog,8.236836197017958,0.9919723377884188,0.0,Night
1,2023-01-13 23:00:00,40.00467397164885,-91.35099400936429,Thunderstorm,30.805422130472266,9.549672239708936,0.13466604068581184,Night
2,2023-01-14 00:00:00,43.003513103789594,-74.02600512640981,Rain,-0.8800940209263768,8.999852799417157,0.04541434332018793,Day
1,2023-01-14 01:00:00,35.105902023544544,-106.00957350979442,Rain,26.492662347705767,7.0899020378812505,0.374873990209151,Day
1,2023-01-14 02:00:00,43.991164877199125,-118.38367678161124,Clear,22.579330013409532,9.775321986269535,0.0,Night
1,2023-01-14 03:00:00,30.865141104264787,-107.26301949761289,Clear,-7.135111235867044,6.342880904007634,0.0,Day
2,2023-01-14 04:00:00,31.77778980482169,-98.60465103084684,Cloudy,-8.878556578115978,6.875538516591579,0.0,Night
2,2023-01-14 05:00:00,36.89939429239719,-112.22777801974037,Rain,7.626423128917452,8.748570866433992,0.46377041161364485,Day
1,2023-01-14 06:00:00,40.85227841442809,-71.01325279926394,Fog,24.608513856592054,0.9185635806953902,0.0,Day
1,2023-01-14 07:00:00,35.56255447103414,-108.88044870052232,Clear,6.520896368033078,7.57687234979774,0.0,Night
2,2023-01-14 08:00:00,38.321209352514025,-86.10695728361304,Fog,23.386665030024695,0.6807875033394853,0.0,Night
2,2023-01-14 09:00:00,30.42856028463902,-97.29436568219595,Rain,23.27290715139908,8.21983883071174,0.3149335157533801,Night
1,2023-01-14 10:00:00,36.92751467506795,-92.24260725866628,Cloudy,30.327731131213433,5.776849570604841,0.0,Night
2,2023-01-14 11:00:00,33.63863301712713,-73.36600038155962,Clear,-5.025719264807762,8.148301580639172,0.0,Day
4,2023-01-14 12:00:00,37.74553260803782,-93.42230791739276,Clear,18.856444559373184,7.863552644025535,0.0,Night
4,2023-01-14 13:00:00,37.88749807967155,-104.73867550592067,Cloudy,-6.875144021334275,7.789224125195562,0.0,Night
4,2023-01-14 14:00:00,41.29738392115583,-108.95928462464937,Rain,-1.2026429863331103,9.130235932686231,0.035599395211022365,Day
3,2023-01-14 15:00:00,38.097624418003534,-75.40035649677472,Clear,6.2750451428071266,5.919480112625069,0.0,Night
2,2023-01-14 16:00:00,39.21403759166882,-70.66374671642262,Cloudy,25.369462021473296,8.757829935217238,0.0,Night
2,2023-01-14 17:00:00,37.94469872595065,-107.4083920552524,Fog,38.69389875020407,1.6508050759335264,0.0,Day
2,2023-01-14 18:00:00,44.855661515787446,-83.90331309317264,Snow,7.126040719295531,8.613227197904342,0.20093139820455944,Night
2,2023-01-14 19:00:00,41.87429042884836,-94.71237570838504,Fog,16.05722427013421,0.5808569245977163,0.0,Night
2,2023-01-14 20:00:00,41.33467542003409,-85.07085010204648,Clear,2.9527797711217687,6.9776937386886875,0.0,Night
2,2023-01-14 21:00:00,39.408891914906455,-71.7892713614678,Clear,23.774481030480736,6.973385800364397,0.0,Day
2,2023-01-14 22:00:00,37.925560489962564,-106.19566357893765,Rain,8.329293397522324,8.669043569711203,0.4329341487611414,Night
1,2023-01-14 23:00:00,35.171357094095534,-83.002700897018,Cloudy,14.079808671913877,7.489483512914356,0.0,Night
3,2023-01-15 00:00:00,41.75951889132317,-98.10265946839087,Clear,18.39064379253144,6.692168621154634,0.0,Day
1,2023-01-15 01:00:00,32.84413749580792,-87.37329433164328,Clear,24.31211649536383,8.127348422026607,0.0,Night
1,2023-01-15 02:00:00,30.548233499091285,-99.66740420576812,Cloudy,-6.997416935512337,9.185056302515083,0.0,Night
1,2023-01-15 03:00:00,40.47258066792152,-84.58320099170118,Clear,17.745054689329685,5.307543705841409,0.0,Night
2,2023-01-15 04:00:00,32.172775451681005,-103.12492108362332,Clear,11.5582048907218,9.860684788857188,0.0,Day
1,2023-01-15 05:00:00,43.55739124141397,-95.58224512036308,Clear,-3.3117456760166437,5.483259697909522,0.0,Day
4,2023-01-15 06:00:00,41.560220804542716,-84.56031775492211,Clear,0.4018334165680848,7.5586906035145915,0.0,Day
2,2023-01-15 07:00:00,39.0336656674095,-117.86466010538696,Cloudy,34.19450455500687,7.801047720188981,0.0,Day
2,2023-01-15 08:00:00,34.70886980511913,-103.59552343630617,Cloudy,33.58880045501184,5.691053526806741,0.0,Night
2,2023-01-15 09:00:00,39.569135386347604,-92.69076486866253,Rain,-8.333487278816257,9.577968765088396,0.04576203241074704,Night
2,2023-01-15 10:00:00,37.15285034827509,-116.29324109666719,Clear,24.470074561812616,7.35733538646247,0.0,Night
3,2023-01-15 11:00:00,34.367227017294965,-84.84216144995113,Clear,17.709365656867707,5.715602572301966,0.0,Day
2,2023-01-15 12:00:00,44.17618465645186,-79.33565217541516,Cloudy,36.99079215736243,8.558062014238853,0.0,Night
3,2023-01-15 13:00:00,32.42834123049739,-111.83363452190704,Cloudy,35.40028555112079,8.31702172621305,0.0,Night
4,2023-01-15 14:00:00,41.30075624131315,-83.32684994698596,Cloudy,18.9780956426181,9.814327848907237,0.0,Day
3,2023-01-15 15:00:00,42.000578518377516,-87.68999326197834,Clear,-3.0522539340748187,7.207581623438742,0.0,Day
2,2023-01-15 16:00:00,44.27691912267493,-99.45607605684474,Fog,12.990751183465008,1.8372782241596513,0.0,Night
1,2023-01-15 17:00:00,38.24124644703238,-111.75059339775952,Clear,26.258218346450292,5.2999700314763105,0.0,Night
2,2023-01-15 18:00:00,38.023127415215484,-72.25608188579059,Cloudy,37.586831754493566,8.665607625401346,0.0,Night
2,2023-01-15 19:00:00,43.80433813518509,-96.79945112687771,Rain,8.19147028762913,8.086388446152112,0.010553025038221552,Night
3,2023-01-15 20:00:00,42.01639889011784,-110.81782738574208,Cloudy,29.233573797677593,9.863054174503798,0.0,Night
3,2023-01-15 21:00:00,41.45454719318106,-84.09178771158155,Clear,24.167037664086187,8.560824899018161,0.0,Night
3,2023-01-15 22:00:00,41.837055813169684,-89.60510222252267,Cloudy,-6.085361142886894,9.66580739969108,0.0,Night
3,2023-01-15 23:00:00,37.39771637196431,-79.1901005049643,Rain,17.8988425143144,9.957893973897903,0.12176354373727029,Night
1,2023-01-16 00:00:00,30.621279267465702,-70.19516441487764,Clear,-0.8245583230307076,7.142155721163429,0.0,Day
1,2023-01-16 01:00:00,32.973973254892186,-117.75664168605377,Clear,24.177464608888222,5.751475066846385,0.0,Day
1,2023-01-16 02:00:00,39.6448813149643,-83.03421205362353,Clear,20.504242347031962,5.979253884516319,0.0,Night
4,2023-01-16 03:00:00,35.94248877643908,-70.54345554466394,Snow,38.652404581691655,6.5918761155615835,0.45052162633454956,Night
3,2023-01-16 04:00:00,39.10155372595504,-93.0884180518951,Clear,36.76913325624047,7.544478835331364,0.0,Day
2,2023-01-16 05:00:00,38.27516854111889,-84.21489728787844,Thunderstorm,-9.53135832005594,5.612099996981781,0.08000063014458131,Day
3,2023-01-16 06:00:00,36.579904583353276,-97.94447425038341,Cloudy,-5.998528491415019,6.508589359276178,0.0,Night
3,2023-01-16 07:00:00,33.520920322214195,-102.1613142995743,Thunderstorm,28.456715571478064,6.538969236914577,0.20547950772764553,Day
4,2023-01-16 08:00:00,40.78439836167953,-85.1770954081548,Fog,24.282153648803842,1.367465645188885,0.0,Day
3,2023-01-16 09:00:00,43.635676946270934,-70.59552979462214,Cloudy,30.04727992584457,6.770843698331964,0.0,Night
2,2023-01-16 10:00:00,41.549455784261845,-115.4166792157343,Clear,3.3407461334161823,5.580761000423357,0.0,Night
2,2023-01-16 11:00:00,31.80057354183224,-98.89392597890307,Clear,32.46613843812383,7.148556898311946,0.0,Night
1,2023-01-16 12:00:00,38.06924607749672,-72.96905985347757,Clear,12.120973599406796,5.982683687018746,0.0,Day
2,2023-01-16 13:00:00,42.530492735483726,-114.36008537260959,Rain,3.0954242337220865,9.11057119846598,0.3193317630430381,Night
2,2023-01-16 14:00:00,38.86472673155549,-87.45333442265576,Clear,-9.469612620755383,5.402626763869118,0.0,Day
1,2023-01-16 15:00:00,36.59353741370307,-98.49175946850643,Clear,33.56820174097969,9.328302157091,0.0,Day
3,2023-01-16 16:00:00,34.26819524707381,-101.15537912603939,Cloudy,16.76719246200862,7.902633077622991,0.0,Night
2,2023-01-16 17:00:00,34.95586125879645,-109.52801129560909,Fog,38.76910418759963,1.167406547011911,0.0,Day
4,2023-01-16 18:00:00,33.632352451470155,-111.18328636544155,Clear,25.734069478362976,7.748711584469551,0.0,Day
1,2023-01-16 19:00:00,32.93589676956512,-94.18566501605045,Clear,-5.9791428255110715,6.880545645888346,0.0,Night
2,2023-01-16 20:00:00,38.83297722928244,-101.12813934206125,Clear,19.40955932010712,5.638059524959726,0.0,Day
2,2023-01-16 21:00:00,37.64077205420373,-95.42278080644964,Fog,-9.143773008832625,0.6029304334211163,0.0,Day
1,2023-01-16 22:00:00,41.02249626311824,-110.20312706836765,Cloudy,17.889092710646608,9.639557950482079,0.0,Day
2,2023-01-16 23:00:00,34.61894306037314,-102.48991239646827,Clear,7.510083154954039,9.750338115599323,0.0,Night
1,2023-01-17 00:00:00,36.91236120863696,-70.17911645733847,Clear,22.16479173593828,8.353557531113722,0.0,Night
1,2023-01-17 01:00:00,40.20555328575403,-101.59645859425213,Clear,17.078710312313536,7.051737132583336,0.0,Day
1,2023-01-17 02:00:00,44.448506775992655,-99.36454189699005,Clear,3.067516170724419,7.391799811382482,0.0,Night
1,2023-01-17 03:00:00,35.23305602460739,-119.00619688765063,Fog,-1.8824695447088011,1.6159908510189267,0.0,Day
3,2023-01-17 04:00:00,34.47313304420063,-100.95871015747352,Rain,10.23557431708748,9.115362582541739,0.46980558117118987,Day
1,2023-01-17 05:00:00,36.73932556386544,-81.83043294436189,Cloudy,39.34181574248023,6.872835687715202,0.0,Night
2,2023-01-17 06:00:00,40.858109451953304,-94.22016019713446,Fog,11.784932027463583,1.867405276789435,0.0,Day
3,2023-01-17 07:00:00,44.42325446950532,-87.14772918228789,Clear,27.439356891114578,6.6213607746530645,0.0,Night
2,2023-01-17 08:00:00,38.04804484973934,-92.17239307788445,Rain,-7.151323719731463,7.654298876636021,0.4316573607752981,Night
4,2023-01-17 09:00:00,42.18660360594885,-114.72544698128726,Fog,8.94328822087018,1.1982720876933088,0.0,Day
3,2023-01-17 10:00:00,36.9659970873149,-103.39278042925952,Clear,19.01615185995019,9.690994577128052,0.0,Day
3,2023-01-17 11:00:00,30.597856930351302,-85.28834589913184,Rain,27.559825666424103,8.478725447638746,0.2928672337955372,Day
1,2023-01-17 12:00:00,43.413169639165496,-92.60305478500405,Clear,16.419182865853003,6.622800972375043,0.0,Day
3,2023-01-17 13:00:00,34.34817139047791,-86.25194655024703,Clear,15.764777290039063,6.0951751659200175,0.0,Day
3,2023-01-17 14:00:00,32.0799846195404,-101.99097558734566,Clear,28.19534562985845,5.400716776667721,0.0,Night
2,2023-01-17 15:00:00,44.94242240743054,-110.31554578203743,Cloudy,5.664385865945013,8.543272023696927,0.0,Night
1,2023-01-17 16:00:00,35.21098494418585,-78.50929815668833,Rain,-5.469473956430373,7.5172534700101785,0.4778712127415143,Day
2,2023-01-17 17:00:00,32.04807416006554,-101.18494203044719,Fog,7.357523550870287,1.65789816835981,0.0,Night
3,2023-01-17 18:00:00,34.673132676573694,-87.24945029583685,Cloudy,-2.0501882275282677,7.361960869628689,0.0,Night
2,2023-01-17 19:00:00,37.70756440174369,-100.93768185313962,Fog,38.297210206671664,1.860365647744379,0.0,Night
3,2023-01-17 20:00:00,31.319356297544804,-73.63732213617304,Snow,18.87557737383458,7.856368096024826,0.4114428037903632,Night
1,2023-01-17 21:00:00,35.2893125154584,-70.4030342687591,Clear,12.330021566380932,9.571310030880188,0.0,Night
3,2023-01-17 22:00:00,40.032846341640905,-87.55355996738004,Cloudy,35.602593907828364,5.146831497340239,0.0,Night
1,2023-01-17 23:00:00,43.738980073553414,-89.89243954640557,Clear,35.018069368355164,9.008183897865813,0.0,Night
1,2023-01-18 00:00:00,35.96156526840214,-77.95865102067148,Rain,10.784863953710481,6.952581302791328,0.19410635596059367,Day
2,2023-01-18 01:00:00,38.468463686173706,-94.18841023743056,Fog,33.73636811249052,1.9243924929318061,0.0,Night
1,2023-01-18 02:00:00,39.540932999504165,-76.52470497385468,Clear,-6.798703342849385,9.742631646221781,0.0,Day
1,2023-01-18 03:00:00,31.061302190067433,-99.35308559758374,Rain,34.28595726662734,6.531434967631675,0.24929376393778818,Night
1,2023-01-18 04:00:00,35.13337563584976,-118.405145586736,Cloudy,5.529176427771585,5.447773183718994,0.0,Day
2,2023-01-18 05:00:00,40.2638102274377,-73.67048311472197,Cloudy,18.256114217031065,6.161492181574628,0.0,Night
4,2023-01-18 06:00:00,41.034916297353604,-83.92357644557693,Clear,3.4844291636195486,6.110464155562813,0.0,Day
3,2023-01-18 07:00:00,35.33928165260741,-94.46164395319023,Clear,39.23997785846697,8.70924708730127,0.0,Night
2,2023-01-18 08:00:00,30.101043755247055,-72.75531310336743,Clear,-6.411000833185989,5.309290908625587,0.0,Night
1,2023-01-18 09:00:00,30.102984003711423,-75.6615977706413,Clear,12.347764339032555,5.254667899278669,0.0,Day
2,2023-01-18 10:00:00,38.0718002659008,-114.57870113584167,Clear,21.049407741678063,8.46804297241918,0.0,Night
3,2023-01-18 11:00:00,38.272288447986824,-88.78012775667897,Cloudy,20.780612616864524,7.783598424380118,0.0,Day
2,2023-01-18 12:00:00,38.335791485665936,-93.09479311319977,Clear,26.937919488242194,7.088837724216017,0.0,Day
1,2023-01-18 13:00:00,40.82629598745577,-81.17631141335659,Fog,26.220766316102157,1.1767603693100253,0.0,Night
1,2023-01-18 14:00:00,43.81904093541205,-104.96160339829697,Cloudy,29.657135260015174,8.676239529843194,0.0,Day
3,2023-01-18 15:00:00,44.85255311601524,-119.59421737831548,Rain,1.714370474484582,5.517356863533896,0.1116253717362769,Night
2,2023-01-18 16:00:00,40.51600131937318,-110.7300199461769,Cloudy,8.52532467009473,7.766432079904712,0.0,Night
3,2023-01-18 17:00:00,37.70998076435947,-109.45297080163974,Cloudy,9.101655799013635,9.122084164571527,0.0,Day
2,2023-01-18 18:00:00,32.11492197480472,-105.42918141268152,Fog,37.7919830455071,1.0007624451040134,0.0,Night
1,2023-01-18 19:00:00,35.76262769099752,-101.48035758455632,Clear,10.46559285426041,8.815089938113196,0.0,Day
2,2023-01-18 20:00:00,38.586849985198214,-84.67226030350486,Clear,1.0934605352338451,9.227104195732545,0.0,Night
2,2023-01-18 21:00:00,44.997127217606476,-116.28775625145309,Rain,21.617221319587536,9.104645959100669,0.2195271788465946,Night
1,2023-01-18 22:00:00,31.90472434977195,-95.67263621695209,Clear,11.363345741261412,8.251782009929306,0.0,Day
1,2023-01-18 23:00:00,41.896147067303346,-95.06781593134059,Clear,2.5040031557874123,8.586722591982294,0.0,Night
1,2023-01-19 00:00:00,44.98410297433621,-89.20651072198456,Clear,25.756773722910054,8.938375903573904,0.0,Day
1,2023-01-19 01:00:00,42.07936924456599,-104.47262713536972,Clear,-0.40373566761357793,8.66854654748816,0.0,Day
2,2023-01-19 02:00:00,41.507162393344515,-107.01055522469747,Cloudy,21.66770203296742,7.258400811432893,0.0,Day
4,2023-01-19 03:00:00,33.88021705596073,-95.8057544651472,Clear,11.526535486853852,5.7956047143597775,0.0,Day
2,2023-01-19 04:00:00,30.05043760741339,-87.01960055362105,Fog,5.9583582165336075,0.6371376112445047,0.0,Night
2,2023-01-19 05:00:00,33.38980632149816,-117.77039643520239,Rain,37.29911337436506,6.036232811210291,0.49690770434933784,Day
2,2023-01-19 06:00:00,41.84700172610843,-105.3209079174475,Rain,6.220375390738994,6.807220771625011,0.07138112112490791,Night
2,2023-01-19 07:00:00,31.609217978486207,-80.63448425333826,Cloudy,7.375368707498414,7.446655400912141,0.0,Night
1,2023-01-19 08:00:00,34.441775622364474,-95.79052289899114,Fog,33.531918206658546,0.6901872682414734,0.0,Night
2,2023-01-19 09:00:00,38.437579064697736,-72.40870982995045,Clear,-3.547831856225338,9.797313974946313,0.0,Night
2,2023-01-19 10:00:00,38.69715450661534,-76.62291353662988,Fog,-4.596562517696947,0.7862739995953771,0.0,Night
1,2023-01-19 11:00:00,38.14483035667946,-102.80275106490024,Rain,4.135389204225124,9.900701441816702,0.4890571816725396,Night
3,2023-01-19 12:00:00,44.71325243061812,-83.68645022523862,Rain,19.58179616372299,9.990079079122296,0.30147919571688125,Day
2,2023-01-19 13:00:00,30.184283934763457,-106.28457569221105,Cloudy,9.215008005506899,9.426283738993217,0.0,Day
2,2023-01-19 14:00:00,37.31397765118911,-111.23517550699566,Clear,20.427724041783755,5.39751791603069,0.0,Night
1,2023-01-19 15:00:00,37.5663093049176,-75.94898167767897,Cloudy,-2.012468447778267,7.13022051732131,0.0,Night
2,2023-01-19 16:00:00,34.39983199681426,-102.48753599809167,Rain,3.0725424383673516,7.670599905126711,0.30239492528967304,Night
3,2023-01-19 17:00:00,37.87606913488159,-109.8290978665683,Clear,18.25811669062358,5.620412928078237,0.0,Day
1,2023-01-19 18:00:00,40.09919761200864,-71.75117501755867,Rain,0.857460112936618,9.043153136215626,0.4459813293368454,Night
1,2023-01-19 19:00:00,40.0913386147587,-118.44855968547489,Clear,11.140231524522246,5.743417074743904,0.0,Night
2,2023-01-19 20:00:00,31.31785463612536,-101.65503251450987,Clear,18.63239384958448,6.91664387696492,0.0,Day
1,2023-01-19 21:00:00,42.036899709968495,-118.07910529021073,Clear,38.68254511404572,5.344560899639407,0.0,Day
2,2023-01-19 22:00:00,43.96064745128571,-94.79498515374462,Clear,-6.00566710612034,7.622965439793214,0.0,Day
2,2023-01-19 23:00:00,31.854177869438953,-99.94122894303906,Cloudy,13.020698928545247,7.985207234173419,0.0,Night
1,2023-01-20 00:00:00,36.24960428557981,-83.96655639563136,Clear,9.813548037106543,8.675884250803398,0.0,Night
1,2023-01-20 01:00:00,37.67625341680579,-72.29827556543216,Thunderstorm,31.212062472558898,6.697307443414765,0.2178362484683183,Day
2,2023-01-20 02:00:00,32.022325340158694,-94.0155580428175,Cloudy,35.01485595142171,7.952657498015904,0.0,Day
1,2023-01-20 03:00:00,37.550760753285815,-105.73002112770662,Clear,35.350658426568245,8.67073669830236,0.0,Night
1,2023-01-20 04:00:00,33.102882549365724,-76.39121805968682,Rain,8.756965652079689,8.81017574455012,0.4105580188103709,Night
3,2023-01-20 05:00:00,44.03041436143179,-89.77301096238651,Fog,5.2327573447741,0.7416843450737505,0.0,Night
2,2023-01-20 06:00:00,36.727055127388645,-92.3257726892667,Rain,12.456862522754236,5.338519650890625,0.09956638134880082,Night
2,2023-01-20 07:00:00,44.923518770200715,-110.57126692047086,Clear,7.19931529859015,5.188097387757772,0.0,Day
1,2023-01-20 08:00:00,30.697667224011994,-117.97042432644452,Fog,25.942549028409672,0.7115540164028031,0.0,Day
2,2023-01-20 09:00:00,31.913711165432474,-96.92975275836693,Rain,0.678552431479126,6.9271945859062285,0.20007046171363907,Night
2,2023-01-20 10:00:00,36.64816200809822,-93.59765365263667,Clear,22.934204203694065,5.669713314016757,0.0,Night
4,2023-01-20 11:00:00,43.11538927397899,-113.64531375374318,Clear,36.34937665522504,5.922444677606361,0.0,Night
3,2023-01-20 12:00:00,38.32838685541765,-117.0301685501189,Cloudy,3.995678484805495,8.830752374015617,0.0,Day
1,2023-01-20 13:00:00,40.985148309735095,-109.19598251075728,Clear,23.84453082944122,7.994510003453825,0.0,Night
2,2023-01-20 14:00:00,36.35344735874321,-116.84508422991519,Snow,-2.8219439221310836,7.5070158308178545,0.2733593516075996,Day
2,2023-01-20 15:00:00,30.60768053771992,-117.19308665765506,Clear,-3.9308028951370444,8.115037928122664,0.0,Day
2,2023-01-20 16:00:00,39.717188376506975,-97.79168852894497,Fog,-4.2177760967567,0.8967743278779379,0.0,Day
3,2023-01-20 17:00:00,39.51002185697585,-79.48779073179458,Cloudy,-3.073591507732556,6.595211214550785,0.0,Night
2,2023-01-20 18:00:00,31.07142048234377,-86.8005886168074,Clear,0.8082435154720997,6.870317586925361,0.0,Night
1,2023-01-20 19:00:00,32.56322203857429,-86.02931713608885,Clear,18.141524780089718,6.572488846898944,0.0,Day
2,2023-01-20 20:00:00,37.142336983317286,-106.87817181158462,Cloudy,28.349282430776874,9.32208156067468,0.0,Day
1,2023-01-20 21:00:00,36.699563816159646,-119.4447907530009,Rain,-3.657148814454211,7.907105723263086,0.2840542499461972,Day
3,2023-01-20 22:00:00,41.28626250568888,-97.46767043263867,Rain,33.500747029536235,8.646607037419468,0.3391663006236176,Night
2,2023-01-20 23:00:00,35.81119705382525,-101.14379240634163,Clear,32.135814221511296,6.183530449378482,0.0,Day
2,2023-01-21 00:00:00,39.94950358238497,-72.6382500367481,Clear,26.369401325144572,6.320370186478752,0.0,Night
1,2023-01-21 01:00:00,40.566353100716356,-116.39902438103266,Clear,11.298289973073654,6.126679915390731,0.0,Night
3,2023-01-21 02:00:00,39.67505789288794,-81.17903385760565,Rain,-9.922138258723708,8.439897888227787,0.37963747760013183,Night
3,2023-01-21 03:00:00,38.9418835785668,-100.72919112115963,Clear,26.73824706501484,6.745204978452592,0.0,Night
2,2023-01-21 04:00:00,42.08525220977775,-78.51900862652782,Cloudy,33.94930723382197,7.0254206620208155,0.0,Day
1,2023-01-21 05:00:00,39.85660460225565,-95.25460518364531,Cloudy,6.764318808593099,8.545608039194306,0.0,Night
2,2023-01-21 06:00:00,42.51276519618486,-78.9749095727355,Fog,25.899378061055934,0.5995643796266128,0.0,Night
1,2023-01-21 07:00:00,39.55028290175113,-96.65758159234775,Clear,-6.897619281935915,5.80937656866659,0.0,Night
1,2023-01-21 08:00:00,32.38459525311434,-99.90702457387573,Clear,25.47474357358213,5.313381341174017,0.0,Night
1,2023-01-21 09:00:00,34.64168109585505,-71.8145750685065,Rain,-6.584573957555348,5.974229659837304,0.36635968271044733,Night
1,2023-01-21 10:00:00,34.955329987265564,-101.55709529198334,Cloudy,19.359316794434104,8.67480342481639,0.0,Day
2,2023-01-21 11:00:00,31.408732061053524,-79.73499862538915,Clear,19.877664294764685,5.973136455245082,0.0,Night
4,2023-01-21 12:00:00,40.384599862415556,-116.64836988468375,Fog,5.107827721190976,1.851019080530026,0.0,Night
2,2023-01-21 13:00:00,38.9266671949107,-116.86756909791032,Snow,-6.043863646163424,7.9515826824949105,0.4128897598514274,Night
1,2023-01-21 14:00:00,38.84632382670406,-98.09459031470314,Clear,37.46673873562186,6.472115501485405,0.0,Night
2,2023-01-21 15:00:00,37.17775951901242,-90.72149132593617,Clear,16.778870200830657,5.343631399383144,0.0,Day
2,2023-01-21 16:00:00,38.14686940249748,-89.57335076094049,Cloudy,18.98790625619313,6.996002587258023,0.0,Night
1,2023-01-21 17:00:00,30.121309373289694,-118.18069567891,Rain,20.751044451523686,5.933927111282678,0.21164539752276826,Day
4,2023-01-21 18:00:00,31.443721041651543,-85.16300229977779,Clear,34.55239634630775,5.92236605133262,0.0,Night
2,2023-01-21 19:00:00,40.250294556979576,-113.50369999464418,Rain,-6.987217772662121,7.612944355143705,0.08854380217220606,Day
4,2023-01-21 20:00:00,33.92200209601075,-72.23275100101392,Cloudy,34.66438839262664,8.365605690488767,0.0,Night
2,2023-01-21 21:00:00,31.618673060619273,-103.32256226614467,Clear,1.983825430563705,5.3770752613326405,0.0,Night
2,2023-01-21 22:00:00,34.9298289028206,-106.92774842573529,Rain,-6.102487520182628,7.891606993212505,0.25966150244250985,Day
1,2023-01-21 23:00:00,33.817238249400326,-105.43669913153082,Fog,22.863292606566567,1.9217769328011984,0.0,Night
2,2023-01-22 00:00:00,30.440586954372083,-73.1323279819648,Clear,38.84878221283418,8.366490305098413,0.0,Night
1,2023-01-22 01:00:00,36.15836704960743,-95.85793947410446,Clear,-7.137896684670205,9.051079181011833,0.0,Day
3,2023-01-22 02:00:00,30.405437942533393,-98.26601247040472,Cloudy,11.306090901868295,9.035068178329418,0.0,Day
3,2023-01-22 03:00:00,30.005862837704747,-91.70508909423592,Fog,16.489226267189288,1.9494677873292285,0.0,Night
3,2023-01-22 04:00:00,41.88710625980664,-73.46190484795115,Thunderstorm,2.6059482051745047,7.836348369387721,0.1343999986697708,Night
3,2023-01-22 05:00:00,34.72457444686377,-104.58300685351462,Cloudy,39.1436074576484,8.9684759191869,0.0,Night
3,2023-01-22 06:00:00,38.51379577329487,-110.95899948043959,Rain,22.04816073019137,5.304051307402386,0.25520738937994153,Night
1,2023-01-22 07:00:00,34.46626154240937,-90.22545336093752,Cloudy,32.21753364233557,8.02812168086181,0.0,Day
2,2023-01-22 08:00:00,43.95035545755228,-95.41626138560383,Cloudy,10.78888409858568,9.182609919122228,0.0,Night
2,2023-01-22 09:00:00,40.93771847250727,-116.90158672491683,Clear,7.697794357240888,6.861784989507632,0.0,Day
2,2023-01-22 10:00:00,35.53755386345536,-93.90313375662794,Clear,17.657894744054612,7.277040569906434,0.0,Night
3,2023-01-22 11:00:00,33.159403755794415,-91.87910619082146,Clear,11.763922131331988,8.493640342796748,0.0,Night
1,2023-01-22 12:00:00,32.06709573900663,-85.29246949110588,Cloudy,25.747402756839726,5.339423559328494,0.0,Night
1,2023-01-22 13:00:00,41.436280259674376,-70.22289602038009,Clear,3.290904510589735,6.928179802103127,0.0,Day
4,2023-01-22 14:00:00,36.79555136045781,-98.92095257495427,Fog,12.479551554619981,1.2334923210181439,0.0,Day
2,2023-01-22 15:00:00,33.479450683377195,-94.48983635063013,Clear,34.75663736470299,5.084971247935654,0.0,Day
1,2023-01-22 16:00:00,43.794391068336495,-116.24988439873276,Clear,27.805395017166468,5.9798633061663,0.0,Day
3,2023-01-22 17:00:00,35.85144594798037,-78.42059662149498,Cloudy,-1.5964917491052795,6.979417827944246,0.0,Day
4,2023-01-22 18:00:00,38.15239072783254,-115.09221013629828,Rain,34.34324146957987,5.987143542002855,0.13934370100044036,Day
1,2023-01-22 19:00:00,42.86698776411117,-73.30849888532967,Clear,19.450829522259404,8.011991590972782,0.0,Day
3,2023-01-22 20:00:00,42.500625951562284,-102.57498290114381,Clear,23.96435916362416,7.243263036681545,0.0,Night
4,2023-01-22 21:00:00,39.56930447588138,-103.12087659919399,Thunderstorm,4.712828292463303,5.197406473866924,0.07832478030348723,Night
4,2023-01-22 22:00:00,43.329356746066296,-103.56955096525297,Clear,12.077213181782874,6.375201321562585,0.0,Day
4,2023-01-22 23:00:00,44.2814724216421,-72.47552020837293,Clear,30.34062394531255,5.09738385189607,0.0,Night
2,2023-01-23 00:00:00,44.026712019253345,-70.99460966071211,Snow,6.533810938159103,6.7906758994723795,0.3951402411179098,Night
2,2023-01-23 01:00:00,35.23511003465092,-71.33797916233974,Clear,-1.7469192244903358,6.2955500887291675,0.0,Day
1,2023-01-23 02:00:00,35.957566443056855,-84.76064249978387,Cloudy,8.915245649174029,8.440933910842308,0.0,Day
1,2023-01-23 03:00:00,33.607557974719754,-114.44709201200673,Clear,-6.539066629530596,6.537034627982662,0.0,Day
2,2023-01-23 04:00:00,42.552447653912424,-100.68188864364274,Clear,25.892822924246616,6.87579332292182,0.0,Night
2,2023-01-23 05:00:00,31.82736908865746,-105.53453930232331,Clear,-2.6127045612901103,8.626669659316043,0.0,Night
1,2023-01-23 06:00:00,35.32625055253425,-84.58052307817863,Clear,4.256295353042237,7.404588379543265,0.0,Day
2,2023-01-23 07:00:00,30.1459979506188,-95.36727572449341,Clear,34.05405027769461,7.7822718929792,0.0,Day
1,2023-01-23 08:00:00,38.919693654358625,-89.17493256139281,Clear,17.024882897838552,9.206733318737243,0.0,Night
3,2023-01-23 09:00:00,39.87576460423822,-119.5634462133806,Rain,6.0669220298237825,6.034441527286842,0.36487798553857215,Night
1,2023-01-23 10:00:00,33.73481251298257,-80.85679689530008,Clear,17.38334450074429,9.945927642637951,0.0,Day
2,2023-01-23 11:00:00,41.050959784484775,-72.39740816577688,Cloudy,0.9138829815944689,9.50052545920197,0.0,Day
2,2023-01-23 12:00:00,35.723051818800705,-86.53133553386527,Fog,-8.741343514719492,1.5047528443308678,0.0,Day
1,2023-01-23 13:00:00,34.67566617676981,-77.40313016248783,Rain,20.18662394819015,9.464692088102801,0.19209527507530616,Night
4,2023-01-23 14:00:00,44.34248134916303,-96.08748056541708,Clear,25.706296639236463,8.769780791484067,0.0,Night
2,2023-01-23 15:00:00,38.83038696654164,-118.98959603556644,Fog,33.98908827229898,1.7321032152731108,0.0,Night
2,2023-01-23 16:00:00,33.7847909379674,-70.47653888413937,Clear,28.59416805323618,8.45567594062873,0.0,Night
1,2023-01-23 17:00:00,44.7486322777754,-117.05839250036787,Clear,36.33388502477575,8.372386914920792,0.0,Day
2,2023-01-23 18:00:00,35.81324457505287,-110.36128981097782,Rain,39.297673777143515,5.017322045487656,0.2652824258291163,Night
1,2023-01-23 19:00:00,39.71744676385715,-117.377992470753,Cloudy,27.24677238728991,7.373057643375282,0.0,Day
2,2023-01-23 20:00:00,40.85780872011284,-88.75207997355075,Cloudy,33.3961650415167,6.001343030892115,0.0,Night
2,2023-01-23 21:00:00,36.33443730454694,-90.83845486506802,Clear,23.686575161409237,6.620407295845037,0.0,Night
3,2023-01-23 22:00:00,38.03875177777404,-109.51651729127167,Cloudy,-1.4531104395865437,9.894078169981707,0.0,Day
2,2023-01-23 23:00:00,33.59672892962436,-72.16733793497839,Clear,-0.9148786838857532,5.427509789130883,0.0,Night
1,2023-01-24 00:00:00,36.98732633649978,-74.3256852135165,Fog,-4.487027184236844,1.7238874865329645,0.0,Day
1,2023-01-24 01:00:00,34.66200132020093,-106.00949707043259,Clear,37.14873599967618,5.864724209354366,0.0,Night
2,2023-01-24 02:00:00,38.21186899543282,-87.05676179635935,Fog,23.637584891969006,1.1461701407852245,0.0,Day
1,2023-01-24 03:00:00,40.048355091420454,-77.23833314125385,Cloudy,29.495487523276232,7.507093544239503,0.0,Day
1,2023-01-24 04:00:00,39.210078012904994,-102.01009467015825,Snow,6.55786684121821,5.806076493798465,0.10707327018907135,Day
3,2023-01-24 05:00:00,41.650751409133264,-107.32087546614211,Rain,13.021085503837892,9.827331279907884,0.03403883833566961,Night
1,2023-01-24 06:00:00,30.622950437720764,-107.19050287992923,Rain,-8.011023408165359,6.018483685546481,0.06317861737336532,Night
3,2023-01-24 07:00:00,31.178951415864937,-78.97717562355307,Clear,34.45037002175487,5.96017637017434,0.0,Night
1,2023-01-24 08:00:00,33.079711594418185,-96.84648912801352,Clear,32.6501714705804,5.160834623304191,0.0,Day
4,2023-01-24 09:00:00,44.78703800329656,-84.23309841127599,Clear,29.240566743214714,6.649098193394556,0.0,Day
2,2023-01-24 10:00:00,42.00402079117468,-87.48496057818211,Fog,-7.0848966159404245,1.1539237256526835,0.0,Night
3,2023-01-24 11:00:00,43.86181525871807,-104.688714827271,Snow,-1.2875132211283145,7.494433176215635,0.4677317433725951,Day
1,2023-01-24 12:00:00,34.081355273081876,-109.59616484707144,Cloudy,6.70853288772307,7.528053214137044,0.0,Night
3,2023-01-24 13:00:00,38.607847437616044,-113.71072449109761,Clear,3.1531337670835864,5.2662164353199294,0.0,Night
3,2023-01-24 14:00:00,38.32327194384221,-118.80571907853748,Clear,31.92299192655343,6.200311384937081,0.0,Day
2,2023-01-24 15:00:00,38.54278426734411,-115.93717915106541,Cloudy,-0.25821208996900324,9.160532425721758,0.0,Day
2,2023-01-24 16:00:00,40.76350411304375,-107.18766627700217,Cloudy,16.606223266948724,7.312723864626832,0.0,Day
3,2023-01-24 17:00:00,35.90970047046515,-84.32001970846791,Rain,18.56905489096561,7.173050207928858,0.2137397652910889,Night
1,2023-01-24 18:00:00,40.158155402896966,-112.25405319044813,Thunderstorm,11.250592358126863,8.49388473680899,0.48272874108759695,Day
2,2023-01-24 19:00:00,41.82655566191541,-93.83023120850433,Clear,2.034396586522961,8.574409717446361,0.0,Night
3,2023-01-24 20:00:00,34.336098539974095,-107.74339658127235,Cloudy,38.014714544056574,8.809813003978432,0.0,Day
2,2023-01-24 21:00:00,44.18614798582483,-94.40951091079071,Cloudy,10.669962113451124,9.152411625430972,0.0,Night
1,2023-01-24 22:00:00,37.77072022053868,-82.49944122667546,Clear,26.365499776833246,6.161253232011847,0.0,Day
2,2023-01-24 23:00:00,40.99144055661619,-106.70094352716562,Clear,-0.7976756171885562,5.3319030363967554,0.0,Night
3,2023-01-25 00:00:00,40.933873502791116,-102.60505941331527,Clear,31.14055842681141,6.901324393066605,0.0,Day
1,2023-01-25 01:00:00,38.47864978631624,-83.84997160208374,Fog,0.7945911616833374,1.0935072382052444,0.0,Day
1,2023-01-25 02:00:00,34.84025541975577,-92.68309520170024,Cloudy,23.76533117865131,5.39014332142784,0.0,Night
1,2023-01-25 03:00:00,40.00409192938699,-115.27166867735133,Cloudy,15.32480007362609,7.879768994014751,0.0,Day
3,2023-01-25 04:00:00,31.309273099881974,-82.0922865376576,Fog,-2.6721429509286763,1.8492498254882763,0.0,Day
1,2023-01-25 05:00:00,44.72153081570393,-106.12805037159362,Rain,-8.752540192196136,7.407036066411486,0.31365096914810553,Day
2,2023-01-25 06:00:00,32.75995891929096,-100.74711327290643,Clear,36.53741326909029,6.27587721803304,0.0,Day
2,2023-01-25 07:00:00,34.13139279003926,-107.74115378549772,Cloudy,-3.715474321773007,6.6315474091168145,0.0,Night
3,2023-01-25 08:00:00,44.31658704839708,-92.83214897640971,Cloudy,25.247571434345744,5.358260489917931,0.0,Night
4,2023-01-25 09:00:00,32.798120661240304,-84.61158486876886,Rain,22.634247947349202,6.4629177366934005,0.12921840940885554,Day
1,2023-01-25 10:00:00,32.5513904752303,-79.83918192947331,Rain,7.086002122426326,5.2218900378063715,0.47491038915374323,Day
2,2023-01-25 11:00:00,42.0680396979324,-73.89388615866439,Rain,-0.7308550222635741,8.631624990669842,0.18500721889235183,Night
3,2023-01-25 12:00:00,33.76932257220333,-102.03916741730171,Clear,-1.083587527229259,9.489976392558432,0.0,Night
1,2023-01-25 13:00:00,31.420898820204407,-73.36928846667007,Snow,19.266392652511954,8.167565642267965,0.3739980832460542,Night
1,2023-01-25 14:00:00,33.399645417174035,-89.15226278575973,Clear,17.346064731202276,8.283516114665934,0.0,Day
3,2023-01-25 15:00:00,43.32560378569797,-100.52027280037564,Clear,33.7967510175116,7.360711685701931,0.0,Night
4,2023-01-25 16:00:00,34.20478778181082,-75.63529756510906,Clear,22.000153920596816,5.78018224602554,0.0,Night
2,2023-01-25 17:00:00,40.42590774625546,-91.01852473495539,Clear,30.96374880402623,5.038625706266848,0.0,Night
1,2023-01-25 18:00:00,35.92708844219213,-97.28582356601149,Clear,-8.379346877369562,6.719879988052855,0.0,Night
2,2023-01-25 19:00:00,33.931781506526264,-119.4249224836432,Snow,23.549657351429758,8.757442786854782,0.35442064858347305,Night
1,2023-01-25 20:00:00,32.16071110729015,-84.12460549542067,Fog,1.6854319214810491,0.7823140646815181,0.0,Day
3,2023-01-25 21:00:00,44.58287592831755,-116.13260026505792,Clear,2.6419479982855076,7.155424628709495,0.0,Day
3,2023-01-25 22:00:00,37.81673316401628,-105.53035859890329,Clear,26.02882645446705,6.826955061667665,0.0,Day
3,2023-01-25 23:00:00,31.72132489785245,-71.91528287419824,Clear,29.671647941247045,7.229792531656907,0.0,Night
1,2023-01-26 00:00:00,32.9822096412007,-112.23934474384743,Clear,8.586773756927634,7.1388744790209655,0.0,Day
2,2023-01-26 01:00:00,36.10945616575501,-104.4107822063377,Clear,29.50384084341531,8.129399164993226,0.0,Day
1,2023-01-26 02:00:00,38.162557899225405,-73.38303200974235,Fog,12.18723376761778,0.574217286581209,0.0,Day
2,2023-01-26 03:00:00,32.72695197359526,-103.11580909465631,Clear,32.882267418519035,8.9247901162729,0.0,Night
3,2023-01-26 04:00:00,34.16592536666103,-103.56625122231695,Cloudy,-8.754811391070369,8.24802404717374,0.0,Night
1,2023-01-26 05:00:00,41.755594876748496,-87.60227065509147,Clear,-5.825246459257468,7.188619793936789,0.0,Night
2,2023-01-26 06:00:00,36.26222399830626,-113.43213800675794,Fog,28.817590363384078,1.5524845531172657,0.0,Day
2,2023-01-26 07:00:00,30.021035517415836,-71.36241451364283,Rain,21.204481391516616,8.555098481856332,0.4876211026097917,Day
4,2023-01-26 08:00:00,30.80910432609685,-106.24886774727997,Fog,17.951012681775918,0.9718167418083841,0.0,Day
3,2023-01-26 09:00:00,36.58992669409593,-80.71555839961052,Rain,20.698940366928667,7.2329088854775225,0.22855829055708918,Day
3,2023-01-26 10:00:00,30.901766063772573,-105.61928249891186,Clear,36.509531371107535,9.089904249645077,0.0,Day
2,2023-01-26 11:00:00,32.60856617717662,-106.23137952857532,Clear,22.776851571903308,7.202704438612189,0.0,Day
1,2023-01-26 12:00:00,40.91814663996116,-117.12436459697925,Rain,22.3738058329918,7.581368113895456,0.3459326622895446,Day
2,2023-01-26 13:00:00,37.20575737082356,-114.03396701403415,Clear,27.973543985311387,6.45776145959812,0.0,Day
2,2023-01-26 14:00:00,37.23692899743884,-93.90163452762164,Cloudy,33.33103528199133,9.194574169426492,0.0,Day
2,2023-01-26 15:00:00,38.97327137747116,-91.15784089454787,Clear,3.095623911917748,7.6114274015166,0.0,Night
2,2023-01-26 16:00:00,41.82778002226547,-79.20782394679966,Clear,20.8374429616652,7.762679691947139,0.0,Day
2,2023-01-26 17:00:00,32.378789266220565,-116.98924051770408,Cloudy,19.198748177623763,9.403377013566995,0.0,Day
1,2023-01-26 18:00:00,32.59571390422358,-102.19249071626176,Cloudy,-3.2575259250828736,9.602586339236048,0.0,Day
1,2023-01-26 19:00:00,31.82105775338532,-109.9920574673089,Rain,16.0158486955356,9.1209689833326,0.3287719396179974,Day
2,2023-01-26 20:00:00,44.052439158672655,-102.10612446390901,Clear,-6.522474262976732,5.326852064886542,0.0,Day
2,2023-01-26 21:00:00,38.65935335454967,-102.2846666874742,Cloudy,-0.7520206298830185,7.217545508900573,0.0,Day
2,2023-01-26 22:00:00,31.389606344312007,-102.28601146231375,Clear,35.64815409590902,6.716654695762127,0.0,Day
2,2023-01-26 23:00:00,33.309683413524425,-104.51832830958067,Clear,-4.037840922882826,6.067573906645594,0.0,Night
1,2023-01-27 00:00:00,40.88385074869268,-81.80109511630204,Cloudy,18.945814992339724,9.54476937922893,0.0,Night
3,2023-01-27 01:00:00,30.43487518226317,-85.51468565220952,Clear,6.174034799653679,9.450344791572519,0.0,Night
3,2023-01-27 02:00:00,40.884833369804596,-102.92653856924488,Clear,17.765664536330625,7.326489416416253,0.0,Night
2,2023-01-27 03:00:00,43.671966272890906,-112.67559487900706,Clear,1.7486771226201547,5.672804253364317,0.0,Night
2,2023-01-27 04:00:00,30.845726486570808,-94.08598163295038,Clear,12.218972733883007,5.066828101658937,0.0,Day
2,2023-01-27 05:00:00,32.79630668637838,-74.05761898475743,Clear,33.36667165741303,7.192335402824094,0.0,Day
3,2023-01-27 06:00:00,30.03567902420356,-113.8220329570049,Clear,8.810848890967819,5.199775742867716,0.0,Day
3,2023-01-27 07:00:00,31.63545771885681,-82.34850760250512,Clear,7.651546900046782,8.047779709598801,0.0,Night
2,2023-01-27 08:00:00,39.25487281008364,-90.03104689329406,Clear,12.305903963483264,8.042044354400346,0.0,Night
2,2023-01-27 09:00:00,30.672266945087035,-90.57049374778634,Cloudy,-4.975357787784237,9.494697239587241,0.0,Night
2,2023-01-27 10:00:00,36.38752613229488,-73.26714134772615,Clear,9.367351229402747,5.950245641446783,0.0,Day
2,2023-01-27 11:00:00,37.55102649825227,-72.20297063511293,Clear,-9.654987468591722,6.8569712120677195,0.0,Day
2,2023-01-27 12:00:00,43.599436474088144,-107.80801305720996,Clear,15.169857257447593,9.297726943921393,0.0,Day
2,2023-01-27 13:00:00,37.11435533270729,-79.5761483638816,Rain,32.397053957571465,7.371482512450575,0.14111005527532822,Night
2,2023-01-27 14:00:00,32.13818278717258,-88.96003859232461,Fog,17.603655197381592,1.7155771909259512,0.0,Night
1,2023-01-27 15:00:00,34.339383219464935,-99.5577204962421,Rain,20.386258910300974,5.553919557977643,0.18381270489041274,Night
4,2023-01-27 16:00:00,40.082930484873714,-86.7189345086307,Rain,-8.47183143701168,9.067272857892256,0.02332922927058309,Night
3,2023-01-27 17:00:00,31.681737153341466,-72.20166118610351,Cloudy,32.975749005803756,8.718487150142565,0.0,Day
2,2023-01-27 18:00:00,33.47614151503113,-94.15623315863002,Rain,9.250177640012929,9.37940758583396,0.11363547068409577,Night
2,2023-01-27 19:00:00,44.9366568160639,-72.9960081700576,Cloudy,38.74263403033534,5.594305829545719,0.0,Day
1,2023-01-27 20:00:00,30.083018563695287,-87.85563821598807,Clear,-3.9767315234870004,8.802083718982637,0.0,Day
1,2023-01-27 21:00:00,32.282749697948574,-95.8545379597759,Clear,37.23359423926188,8.275521824790946,0.0,Night
1,2023-01-27 22:00:00,42.655287618903905,-87.79147798942878,Clear,21.71454531681615,6.161466205705214,0.0,Day
2,2023-01-27 23:00:00,31.520730348344618,-89.87294774696957,Fog,-7.382984985470294,0.62719702436952,0.0,Night
3,2023-01-28 00:00:00,30.504615083768453,-98.91513295319692,Cloudy,38.58495389183656,7.851774095756156,0.0,Day
2,2023-01-28 01:00:00,31.8196845577913,-91.87698282710072,Rain,-9.306346592736794,9.534389876985678,0.04645388602445059,Day
2,2023-01-28 02:00:00,40.403957830467334,-84.8375663519461,Clear,26.53500843454956,9.295465671034933,0.0,Day
2,2023-01-28 03:00:00,44.89665797734175,-78.05668537950646,Cloudy,34.47649741940473,6.665627302613058,0.0,Night
1,2023-01-28 04:00:00,38.85953348691956,-104.78346320886406,Clear,-1.2094222884921315,7.679784309934066,0.0,Day
1,2023-01-28 05:00:00,31.864744035884804,-119.26760364978523,Clear,7.167859534890422,7.1568414970233585,0.0,Day
3,2023-01-28 06:00:00,32.7566815644185,-92.43910490517634,Snow,18.06146702694301,8.54538785130038,0.49064968680762766,Day
4,2023-01-28 07:00:00,38.06523012830425,-95.53579153901366,Cloudy,23.99046429224815,7.940210022717139,0.0,Night
2,2023-01-28 08:00:00,40.73487280778425,-117.29005983986161,Clear,33.59379338972971,8.924267665186207,0.0,Night
2,2023-01-28 09:00:00,39.94368274161134,-88.37467949913224,Snow,28.053523543915297,5.058761297989923,0.3500536642114665,Day
4,2023-01-28 10:00:00,38.62089747486654,-72.92998213284568,Clear,8.166557190946886,8.438966307072793,0.0,Day
1,2023-01-28 11:00:00,44.79404663739404,-99.88841069994491,Thunderstorm,31.08599058933342,6.595325776098274,0.060968453379600045,Night
3,2023-01-28 12:00:00,32.9705092527973,-75.2819905386524,Clear,38.30383605435066,6.12111069944709,0.0,Night
2,2023-01-28 13:00:00,32.59355986604209,-79.34493209040771,Clear,1.3493090620818027,9.00620683179336,0.0,Night
2,2023-01-28 14:00:00,42.88591815627591,-111.91418560628848,Clear,-6.29522032727853,5.446106055940927,0.0,Night
1,2023-01-28 15:00:00,34.36232594052784,-80.63600826149295,Clear,11.330986597094796,6.142300225495706,0.0,Night
2,2023-01-28 16:00:00,34.987895657456555,-94.16469592303076,Clear,34.069855197877544,6.018671705498891,0.0,Day
3,2023-01-28 17:00:00,38.23002209991498,-74.06857397843402,Cloudy,-2.4854247560402634,7.09912722529851,0.0,Day
1,2023-01-28 18:00:00,35.71912198929338,-110.52868822702926,Fog,34.289909394100505,1.8744723117217796,0.0,Day
2,2023-01-28 19:00:00,34.31460647759805,-113.74767767926197,Rain,39.61065118680833,8.602341585548352,0.30011151079990916,Day
1,2023-01-28 20:00:00,43.75762891871054,-107.93598002239949,Clear,-7.299888455842182,8.496849403007383,0.0,Night
3,2023-01-28 21:00:00,31.93911319453006,-117.01866447763494,Cloudy,14.762818692774196,6.627354455530195,0.0,Day
2,2023-01-28 22:00:00,36.064346751074616,-103.99599505840797,Clear,6.4442747356625105,7.184903880728976,0.0,Night
3,2023-01-28 23:00:00,30.044505880657365,-105.84955509935872,Clear,9.683992746565547,6.039540920898865,0.0,Night
2,2023-01-29 00:00:00,42.111804899485655,-99.18924503311061,Rain,12.58173761731543,8.354174502481353,0.23710408830302723,Day
1,2023-01-29 01:00:00,32.526282691439235,-96.85113985419741,Cloudy,26.985197822559492,6.981113700662878,0.0,Night
1,2023-01-29 02:00:00,41.59484995223827,-112.76397257424458,Clear,19.564985158558816,5.664130522211076,0.0,Night
1,2023-01-29 03:00:00,32.22904671717216,-89.03130356813011,Clear,38.060054410839015,5.636327459557556,0.0,Night
1,2023-01-29 04:00:00,36.25108271276405,-108.82163005950028,Thunderstorm,6.638229961976702,6.611603392105877,0.04798367779856303,Night
2,2023-01-29 05:00:00,40.922774077543735,-113.90356655268764,Clear,17.075204124137137,8.736625143180978,0.0,Night
1,2023-01-29 06:00:00,34.062132047622235,-84.5594453662348,Cloudy,30.666426546684853,5.127521680657502,0.0,Day
2,2023-01-29 07:00:00,34.70875688414088,-118.86323682585748,Cloudy,8.651420849684008,6.288873465914411,0.0,Day
2,2023-01-29 08:00:00,40.0098374216504,-101.58170296778451,Clear,13.264960030545478,5.812430794443786,0.0,Day
2,2023-01-29 09:00:00,32.81551475448395,-112.77983602839907,Clear,24.248727634261336,9.782389106528075,0.0,Day
3,2023-01-29 10:00:00,44.27676573952727,-75.86036490025634,Clear,33.037210930215316,8.526408019855133,0.0,Day
2,2023-01-29 11:00:00,32.83181526286099,-78.77708019003316,Rain,10.784073521191438,6.166163420594731,0.01739313480324052,Day
4,2023-01-29 12:00:00,41.249931905863306,-116.97366488202444,Cloudy,16.597523607337003,6.037302927180973,0.0,Night
1,2023-01-29 13:00:00,42.03898303910492,-92.47744651299047,Cloudy,38.75611426454195,9.290152726936384,0.0,Night
2,2023-01-29 14:00:00,35.61555659411156,-105.23222298199717,Thunderstorm,-7.8765419026498,5.951133482082065,0.2804315970626345,Night
2,2023-01-29 15:00:00,32.343587110065734,-110.3727230819924,Rain,12.41143583297723,9.985296000986136,0.4182786679720353,Night
2,2023-01-29 16:00:00,32.488552738203715,-104.42306819396282,Cloudy,21.799092556460025,6.411515600056998,0.0,Night
2,2023-01-29 17:00:00,44.78175546013536,-79.20563203605064,Cloudy,-9.578627121893742,5.421663574347675,0.0,Day
2,2023-01-29 18:00:00,40.88114904813673,-117.10723145610616,Cloudy,19.839325078320726,8.45470947008429,0.0,Night
2,2023-01-29 19:00:00,36.75071155037194,-87.58833079607368,Rain,-7.190002266849551,8.048213962920869,0.0641030533904779,Day
2,2023-01-29 20:00:00,33.86024683747825,-74.33149273384387,Cloudy,32.87791983240917,9.999110826807284,0.0,Day
4,2023-01-29 21:00:00,30.283651841170474,-97.59718262967989,Cloudy,30.354304775428297,9.010428721859876,0.0,Day
4,2023-01-29 22:00:00,40.056957851904016,-74.92430349058095,Clear,-8.387243160070186,7.144182665666196,0.0,Day
2,2023-01-29 23:00:00,44.353745200210525,-74.65997854628837,Cloudy,-7.559798772131195,8.383057240815418,0.0,Day
1,2023-01-30 00:00:00,31.602648116003586,-89.52021139887742,Clear,27.680696578080116,9.08924726801676,0.0,Night
3,2023-01-30 01:00:00,41.317368707752536,-97.2079733280699,Clear,8.477244628915518,7.568632627216475,0.0,Day
4,2023-01-30 02:00:00,32.298553308898875,-83.11681754861382,Clear,18.751289396916242,6.364357253676058,0.0,Night
1,2023-01-30 03:00:00,41.881577739894155,-74.18886807292265,Cloudy,3.5164134882691975,6.050528211431848,0.0,Night
2,2023-01-30 04:00:00,35.55859267648266,-85.99823277951671,Cloudy,-1.3515561947950143,6.476407183068072,0.0,Day
4,2023-01-30 05:00:00,40.680923664868175,-109.51964097421694,Clear,4.803855877378075,9.240343908349026,0.0,Night
3,2023-01-30 06:00:00,43.89423606509776,-78.99721267730789,Cloudy,2.335685011199404,6.902161862443677,0.0,Day
1,2023-01-30 07:00:00,39.30208792383191,-72.42333200879179,Cloudy,12.41537191196672,6.433320792831587,0.0,Day
2,2023-01-30 08:00:00,43.81048536428611,-99.48625604143528,Clear,27.33380826438431,9.029436138975406,0.0,Night
4,2023-01-30 09:00:00,33.525365639263164,-85.12051615582885,Rain,17.706470396347832,5.159601708872717,0.08164852934565837,Day
3,2023-01-30 10:00:00,44.67200714148283,-94.09168254821375,Rain,20.458915396985926,7.9697913546517105,0.4467583663912115,Night
3,2023-01-30 11:00:00,43.092721079609376,-114.39954065193783,Rain,13.503929822904212,9.368159015931358,0.23026537457189447,Night
3,2023-01-30 12:00:00,31.6136000121143,-102.50789928508203,Cloudy,6.236682010140811,7.050418745278037,0.0,Day
1,2023-01-30 13:00:00,36.20309616600774,-111.80851957537554,Cloudy,-2.8245587319756034,6.3465908067964225,0.0,Day
3,2023-01-30 14:00:00,43.90544286069917,-86.32133208217243,Clear,7.728272955700046,7.458545347179782,0.0,Night
1,2023-01-30 15:00:00,31.171730472374595,-90.89526504335036,Clear,23.259930810693255,8.587385838460397,0.0,Night
4,2023-01-30 16:00:00,36.806441436958686,-118.32327989581854,Clear,26.68887114619102,7.583027815175997,0.0,Night
2,2023-01-30 17:00:00,40.8539064297171,-116.91965428672691,Thunderstorm,13.459077195410678,5.038194973128865,0.1297399419785763,Day
3,2023-01-30 18:00:00,30.50170964898587,-106.96037588901697,Clear,22.24986372915228,5.39162278054008,0.0,Day
1,2023-01-30 19:00:00,41.29246355960456,-82.75702339283998,Clear,0.5270540942126125,8.606642115448507,0.0,Day
2,2023-01-30 20:00:00,35.418038666737445,-113.65819499697547,Fog,33.003316036197816,1.5238578804601461,0.0,Day
1,2023-01-30 21:00:00,33.74057724848209,-109.76129494708027,Fog,33.296822533821235,0.6391156926861941,0.0,Night
2,2023-01-30 22:00:00,38.63958376455246,-74.61868025655642,Rain,6.016396363626267,8.247449570529545,0.010117928174022111,Night
3,2023-01-30 23:00:00,38.16496824958581,-92.69312476987858,Clear,17.38561196474636,7.9075791716093935,0.0,Day
3,2023-01-31 00:00:00,43.10908929299871,-88.95751787613901,Clear,20.33310142076096,9.506875841892057,0.0,Night
2,2023-01-31 01:00:00,40.140044036093016,-97.21169273174603,Clear,13.621501939231997,5.1066103674035634,0.0,Night
1,2023-01-31 02:00:00,36.327965128792925,-105.0114504739552,Clear,35.557107677889356,5.775171806989008,0.0,Day
4,2023-01-31 03:00:00,39.75207617958136,-107.5434857338506,Clear,26.985847339659102,8.12187977745988,0.0,Night
3,2023-01-31 04:00:00,41.25222052755247,-90.53902068693242,Cloudy,23.62552463043663,5.329140232750477,0.0,Day
3,2023-01-31 05:00:00,44.05992870172655,-96.45123516995393,Fog,16.00466107678536,0.747710147124585,0.0,Night
3,2023-01-31 06:00:00,40.56392385441325,-99.84834382049948,Clear,-5.757633503062883,9.92060538512634,0.0,Day
3,2023-01-31 07:00:00,38.158085333399015,-85.2807417822828,Rain,-4.608931118995171,9.39404049497267,0.48538058761680203,Day
2,2023-01-31 08:00:00,35.59470124409404,-99.79229208865047,Rain,4.950443112200961,7.954584620127143,0.3675070806710933,Night
3,2023-01-31 09:00:00,43.372254484239654,-118.16348095317962,Clear,0.5761134184456704,9.46988337152981,0.0,Night
2,2023-01-31 10:00:00,41.88779451964369,-78.01650333310513,Rain,37.62654859539971,5.581340756331326,0.36484325495664016,Night
3,2023-01-31 11:00:00,31.15771900831106,-104.07982795388165,Clear,10.490625932586603,7.273470824627821,0.0,Night
3,2023-01-31 12:00:00,40.49311807353137,-72.67991325412933,Clear,33.8302719329376,7.143380579060379,0.0,Night
1,2023-01-31 13:00:00,38.08124369042846,-76.02209533446424,Rain,30.90398418331158,6.682237934964955,0.09731624912618178,Night
2,2023-01-31 14:00:00,31.554658899843886,-108.3041877878428,Clear,30.62851363685475,5.001006990671552,0.0,Day
1,2023-01-31 15:00:00,38.474413260794705,-71.72644925527783,Thunderstorm,0.7853762573425769,9.455145093056261,0.4065266551205937,Day
1,2023-01-31 16:00:00,32.88758899719506,-77.32196202680375,Clear,12.366090650040771,8.888533050763975,0.0,Day
2,2023-01-31 17:00:00,40.6221732685886,-70.74917731738705,Cloudy,5.897599582356975,8.264287577998944,0.0,Day
3,2023-01-31 18:00:00,34.17691959326837,-86.10257724294598,Cloudy,38.520550191945986,5.64483421925817,0.0,Night
1,2023-01-31 19:00:00,32.255159004999406,-73.46366253778788,Clear,33.8372150647835,6.89102566845752,0.0,Night
2,2023-01-31 20:00:00,31.2295937842998,-85.49534389741426,Clear,2.496183048654652,9.621634986839156,0.0,Day
4,2023-01-31 21:00:00,37.36199194130653,-77.24533047745544,Cloudy,5.676018040508078,8.084648025347732,0.0,Day
3,2023-01-31 22:00:00,32.99452161141025,-89.47853536602966,Snow,16.445461878891223,8.017052682630126,0.4852692331190748,Night
2,2023-01-31 23:00:00,42.82691755031402,-73.5412813710019,Snow,3.930289256569134,9.565632873785173,0.22312330989961363,Night
3,2023-02-01 00:00:00,30.045016573999483,-94.09565471852716,Cloudy,31.22649832934556,7.799168624498188,0.0,Day
2,2023-02-01 01:00:00,42.654581844063955,-83.17156371704377,Rain,30.96156389524056,7.988116242784896,0.19126570224916004,Night
1,2023-02-01 02:00:00,37.816386087585116,-74.1519773953411,Rain,26.21702189146327,6.728578472381086,0.4151927153937619,Night
1,2023-02-01 03:00:00,43.83218316537031,-98.88049406280493,Rain,24.465510237802157,6.857204646161858,0.08659543848562655,Night
1,2023-02-01 04:00:00,33.06916885950178,-118.67989625481943,Cloudy,17.36507537474707,8.428034312070762,0.0,Day
2,2023-02-01 05:00:00,31.53410698146325,-114.34764430312742,Cloudy,7.355612855415863,6.60217608315656,0.0,Night
4,2023-02-01 06:00:00,39.37437313841618,-71.40442791250327,Snow,31.84692263866212,7.79553960293925,0.017690518317798776,Night
3,2023-02-01 07:00:00,40.60091129610919,-76.33987293880834,Clear,32.94160856258862,6.395983455782899,0.0,Day
2,2023-02-01 08:00:00,35.58877589405521,-95.82912801018318,Snow,-7.5245265567916295,5.830626189772227,0.3243091097498078,Night
2,2023-02-01 09:00:00,30.20520260390805,-71.95502939658412,Cloudy,9.930970696203964,7.272012294693507,0.0,Night
1,2023-02-01 10:00:00,36.10443687609445,-110.71972271121889,Clear,-8.668620977488775,6.087230062070536,0.0,Night
3,2023-02-01 11:00:00,33.506803864672385,-114.45168162514027,Clear,31.973869734981733,9.492471525407705,0.0,Night
3,2023-02-01 12:00:00,35.21204462067874,-89.92799610423427,Clear,-1.1453376738979077,6.518064829135165,0.0,Night
1,2023-02-01 13:00:00,37.601316878951636,-100.89398514826095,Cloudy,23.693338240826634,7.9870104776966055,0.0,Night
1,2023-02-01 14:00:00,40.53512743938954,-103.01151820214966,Snow,7.8687908847185,6.317209202726019,0.46973530790525997,Night
2,2023-02-01 15:00:00,44.448379294925665,-83.29240524175943,Clear,30.803272661608254,6.290096313623833,0.0,Night
2,2023-02-01 16:00:00,32.15999766582095,-112.49934325398536,Snow,15.484345012688227,6.753180407392039,0.3773739506471808,Night
2,2023-02-01 17:00:00,40.19849139786973,-81.0775488604942,Fog,6.2200962225778405,1.6188421083247277,0.0,Day
2,2023-02-01 18:00:00,33.498171777203694,-102.02751920329017,Clear,6.193533362537021,6.957488691426333,0.0,Day
2,2023-02-01 19:00:00,33.31057055634486,-70.66312210206348,Fog,6.346362121078894,0.5677375105332445,0.0,Night
1,2023-02-01 20:00:00,39.50331119619857,-79.56269565507077,Thunderstorm,29.42896084596515,5.986490372692165,0.07913792025017338,Day
2,2023-02-01 21:00:00,41.63999282045507,-87.6888218950952,Rain,25.555779941333675,5.240847715682156,0.07169000850544528,Night
2,2023-02-01 22:00:00,44.66680563613994,-108.52768650329472,Rain,5.96070536732665,8.908389606507207,0.23186545198071776,Day
3,2023-02-01 23:00:00,41.532462153715535,-72.1786769993013,Thunderstorm,14.51040444718015,7.709374487285507,0.26258760559977323,Day
4,2023-02-02 00:00:00,32.35972452344963,-118.35449801164499,Cloudy,-6.192330723533731,7.518629065134608,0.0,Day
3,2023-02-02 01:00:00,33.381039844904386,-108.8325109995333,Clear,31.375013417971154,6.3610292462470674,0.0,Night
3,2023-02-02 02:00:00,41.42084542382117,-118.16121454814396,Snow,3.2977404721872965,5.361585074296759,0.13630528456248933,Night
2,2023-02-02 03:00:00,37.904818557035156,-71.674191012909,Cloudy,34.46125709193484,7.41430018166423,0.0,Day
2,2023-02-02 04:00:00,34.431120200984076,-76.4275240176987,Cloudy,19.839834650646303,9.33613179399686,0.0,Day
4,2023-02-02 05:00:00,37.076748694896175,-72.39461670992986,Clear,18.39100811080212,5.600110068517429,0.0,Night
1,2023-02-02 06:00:00,43.72332032371837,-84.24825071167054,Rain,-1.8640628842889218,9.64585439673586,0.38044812540793915,Night
2,2023-02-02 07:00:00,41.33399051508975,-118.62879671016009,Clear,-6.523232020499178,6.373645401208074,0.0,Day
2,2023-02-02 08:00:00,36.76046614688292,-73.42489798371827,Fog,17.63082904909134,1.8686582190337102,0.0,Day
2,2023-02-02 09:00:00,44.7083088696856,-98.95236141595916,Clear,13.3994561627612,5.332541977332909,0.0,Night
1,2023-02-02 10:00:00,41.923119397768275,-101.58995654726274,Clear,-4.015848321136869,7.125232969013229,0.0,Day
2,2023-02-02 11:00:00,30.088063665778233,-105.79338185301737,Cloudy,31.779386125909333,5.629489432035817,0.0,Day
3,2023-02-02 12:00:00,31.685508800304174,-105.6601086358138,Clear,10.862005958785751,5.239868930386037,0.0,Night
2,2023-02-02 13:00:00,38.30953183210593,-79.9685723990543,Rain,3.022890019544347,9.832788467138249,0.08422653116040382,Night
3,2023-02-02 14:00:00,35.249312605733614,-107.18102608154348,Fog,29.413604657319418,0.902496597678988,0.0,Night
2,2023-02-02 15:00:00,42.188381457542455,-108.89189712807415,Snow,35.653207838846846,8.595288605068303,0.08481478391762656,Night
4,2023-02-02 16:00:00,43.43530511483418,-85.0990186080573,Clear,5.298135159452009,5.45274844741876,0.0,Day
2,2023-02-02 17:00:00,33.6097624001287,-105.62684669796603,Clear,28.79749427008236,9.64675262243871,0.0,Day
2,2023-02-02 18:00:00,41.44928728267106,-119.34345311734621,Snow,22.62598285042567,7.347342575049428,0.28485435056168806,Night
1,2023-02-02 19:00:00,38.030960331547924,-73.4116806461672,Fog,39.48638918770459,0.9996748368330644,0.0,Night
1,2023-02-02 20:00:00,35.879505607734,-104.32180565082508,Cloudy,0.1996353705613778,5.063005505568854,0.0,Day
2,2023-02-02 21:00:00,41.80170077831643,-81.78112740659506,Cloudy,38.03394972532272,6.491032406687535,0.0,Night
2,2023-02-02 22:00:00,38.47385677556966,-96.55063363392587,Clear,5.763602835494483,9.980235610632327,0.0,Day
2,2023-02-02 23:00:00,39.529260749688056,-113.29600907217704,Fog,10.597714903548614,1.9077427374961564,0.0,Day
1,2023-02-03 00:00:00,30.933810840987192,-86.90358807631978,Cloudy,7.9412907072767425,9.442467694321774,0.0,Day
3,2023-02-03 01:00:00,38.78819518089142,-108.42200865183278,Clear,3.422534854418794,6.639991741855198,0.0,Night
3,2023-02-03 02:00:00,34.5106690747439,-105.60410625324842,Clear,24.66112907151468,7.626645661341032,0.0,Day
1,2023-02-03 03:00:00,37.39941338092321,-118.37968179686861,Fog,19.45726603629223,0.9814636004966084,0.0,Night
2,2023-02-03 04:00:00,33.33016576063257,-119.17983249431465,Clear,5.284597284604823,8.029102801019677,0.0,Night
3,2023-02-03 05:00:00,39.21713480666664,-94.31902713928216,Clear,-3.389377174086185,8.625961713223559,0.0,Day
2,2023-02-03 06:00:00,32.212032563163234,-117.11025455587654,Cloudy,5.868781886660338,6.144166021097821,0.0,Night
2,2023-02-03 07:00:00,31.84355875374766,-109.5291213997871,Clear,9.06156558419249,5.779452187275697,0.0,Day
2,2023-02-03 08:00:00,32.82617095051687,-73.80964241164497,Clear,9.032672156053504,6.15153221704828,0.0,Night
1,2023-02-03 09:00:00,42.26196813132238,-115.85722706992573,Snow,7.862976688129521,7.465243231435284,0.4178688292007699,Day
2,2023-02-03 10:00:00,30.50300908484638,-105.46052506891505,Fog,-7.563874688843155,0.5781669929147548,0.0,Night
1,2023-02-03 11:00:00,40.943658473529965,-83.67359189309153,Snow,13.20165539507585,6.7699692523813315,0.33623308373654875,Night
2,2023-02-03 12:00:00,30.84761380287736,-75.78374562682552,Fog,31.81040486226535,1.5118913536033805,0.0,Night
1,2023-02-03 13:00:00,38.87785857979601,-117.6894425241187,Cloudy,-0.9816854070740746,9.024062304891189,0.0,Day
4,2023-02-03 14:00:00,41.603377080423776,-110.72802402953302,Snow,-2.7171328286273635,6.193882330463209,0.19958509526533105,Night
2,2023-02-03 15:00:00,33.46609393943003,-100.60582799309546,Clear,13.592552762240558,9.414878674599047,0.0,Day
1,2023-02-03 16:00:00,32.93920421358293,-101.95028823984545,Rain,8.530150607500573,9.765411561111916,0.4497294149042557,Day
2,2023-02-03 17:00:00,34.337671905784994,-105.57371325972804,Thunderstorm,18.064032035677545,5.194850678996608,0.1729610110195456,Night
1,2023-02-03 18:00:00,40.49419912539122,-107.88462048393946,Clear,37.35371548314946,5.295555550423936,0.0,Night
2,2023-02-03 19:00:00,33.82239879908365,-106.56705826139776,Clear,28.044312516640233,5.454798593731084,0.0,Night
2,2023-02-03 20:00:00,37.52654992766932,-113.32872113939109,Cloudy,24.35290765906489,8.883842042548224,0.0,Night
1,2023-02-03 21:00:00,32.016991502872706,-111.83366887314294,Clear,10.796847219683933,5.9466847258948885,0.0,Night
1,2023-02-03 22:00:00,36.917934059284,-89.66165500905367,Clear,4.367991819081743,8.628479932329535,0.0,Night
2,2023-02-03 23:00:00,39.37092711471195,-105.39044391196761,Snow,17.01320516479404,7.206380349359431,0.40956045206566843,Day
1,2023-02-04 00:00:00,31.07728389978035,-100.01573648119059,Thunderstorm,34.272176383064114,9.181275046857014,0.46000047422756024,Night
3,2023-02-04 01:00:00,42.231349395716265,-99.40168046468422,Cloudy,33.837125525568574,9.042777064021307,0.0,Day
2,2023-02-04 02:00:00,44.06153878195221,-114.51312516444892,Clear,12.275747437460858,9.798312806912236,0.0,Night
2,2023-02-04 03:00:00,32.90321638612456,-79.02531050717567,Clear,2.3110176618268277,6.255189252382055,0.0,Day
2,2023-02-04 04:00:00,41.39149118513766,-72.18201661637332,Fog,1.2672225125437837,1.1890178045881157,0.0,Night
2,2023-02-04 05:00:00,34.70199993567892,-106.82290713538448,Cloudy,-8.300579162031227,5.157539876442996,0.0,Night
4,2023-02-04 06:00:00,40.150869310948636,-105.27949071424442,Clear,32.133212314797326,7.052080477132645,0.0,Day
1,2023-02-04 07:00:00,34.600161078941014,-85.34230933908925,Cloudy,3.241901691664399,7.295315843777086,0.0,Night
1,2023-02-04 08:00:00,42.93514699349582,-115.97058093822919,Clear,7.949957050308335,9.82256916714719,0.0,Day
1,2023-02-04 09:00:00,35.20662128043569,-74.63385321140632,Cloudy,30.460807046703223,9.153926470859865,0.0,Day
1,2023-02-04 10:00:00,42.73246047126113,-113.97053463842039,Fog,-3.998797411354479,1.0768756892903273,0.0,Day
1,2023-02-04 11:00:00,41.49213857903883,-83.39687645447844,Cloudy,13.061703940714974,8.992446813041004,0.0,Night
2,2023-02-04 12:00:00,32.944858687559076,-105.42424620369131,Rain,-3.882931003933356,5.891496404178779,0.23443167206145873,Night
2,2023-02-04 13:00:00,32.35429621436765,-103.83676408598583,Clear,12.09242847556623,5.388825349288886,0.0,Night
4,2023-02-04 14:00:00,41.69483827104146,-112.95776773561447,Rain,-7.6430213185633615,9.185413757283683,0.39842322077504616,Night
1,2023-02-04 15:00:00,35.85454881152742,-87.6831085503522,Rain,15.881141300672756,9.87979790928464,0.12418619614161773,Night
2,2023-02-04 16:00:00,44.240897538922994,-80.25028193984511,Clear,29.78548595356944,5.44059272263902,0.0,Night
4,2023-02-04 17:00:00,44.14422397042817,-72.48792122639586,Cloudy,23.81483373955752,9.06962438109241,0.0,Night
3,2023-02-04 18:00:00,40.40220945916533,-103.42252826842257,Clear,15.458450478870027,9.296063243215837,0.0,Day
2,2023-02-04 19:00:00,37.50870509508678,-88.94095449080865,Snow,31.437935607457767,5.593777921332211,0.07299837186903971,Day
2,2023-02-04 20:00:00,32.92450961758679,-99.25035258593233,Cloudy,1.3893987479596497,6.416267358859731,0.0,Day
3,2023-02-04 21:00:00,43.23589104565306,-92.10781636296069,Thunderstorm,31.539814249213933,8.668303195065324,0.2358682019154595,Day
2,2023-02-04 22:00:00,31.229969315101865,-111.85341353864499,Clear,3.8181739794088045,9.038651397912641,0.0,Day
1,2023-02-04 23:00:00,35.55526915189942,-90.91235544764271,Rain,8.124317060038091,6.769870610248326,0.05395857426598668,Night
3,2023-02-05 00:00:00,34.78829265683539,-77.54588653850766,Rain,-3.5784899169753768,5.799646998397605,0.325979100281592,Day
2,2023-02-05 01:00:00,44.37643243857464,-76.81734228902378,Rain,-4.912262181889057,8.24172238004619,0.3120212662559454,Night
1,2023-02-05 02:00:00,31.771738897383994,-95.8305336197188,Clear,36.605575939279,8.50984301621739,0.0,Night
2,2023-02-05 03:00:00,43.35224994939209,-108.21267672767722,Cloudy,-0.5010876407511322,7.51803926947514,0.0,Day
2,2023-02-05 04:00:00,36.846519481003725,-78.16605129626686,Rain,6.6648077530973815,5.724705338200078,0.11888153142803115,Day
3,2023-02-05 05:00:00,30.712483629268522,-70.0285741583767,Clear,16.45758494749666,9.222433721613061,0.0,Night
1,2023-02-05 06:00:00,40.93299528716869,-101.14201790373548,Clear,7.3933566301564255,8.226329795332584,0.0,Day
3,2023-02-05 07:00:00,31.51318893418357,-73.7815647417299,Cloudy,33.506664168938954,9.345821244154177,0.0,Day
2,2023-02-05 08:00:00,33.555061174348964,-70.82699379333003,Cloudy,35.03573817233862,9.664845372450413,0.0,Night
2,2023-02-05 09:00:00,41.9959325243792,-100.21933570989474,Clear,6.299522869676032,9.028489277190344,0.0,Day
1,2023-02-05 10:00:00,32.32098013462954,-84.18577915248264,Clear,-5.398615191664327,9.793287072581673,0.0,Night
3,2023-02-05 11:00:00,34.88205064859763,-90.94537484104657,Clear,0.5079117003588518,9.771288728729319,0.0,Night
4,2023-02-05 12:00:00,35.414974347572354,-83.8903155651644,Rain,13.719646036753193,8.09672277695168,0.20805414575147352,Night
2,2023-02-05 13:00:00,38.83203853223136,-112.29236327040245,Rain,4.424052111686391,8.640870509477528,0.35390920021880384,Night
1,2023-02-05 14:00:00,41.84899945168615,-101.66400801714244,Snow,12.673611876577247,8.497042676534342,0.029014216775163117,Day
2,2023-02-05 15:00:00,33.46216891466038,-116.86009796234332,Thunderstorm,27.935174986043627,8.105680975110783,0.4789908558859245,Night
3,2023-02-05 16:00:00,33.08674379074057,-89.33919316264377,Cloudy,11.03192168878443,5.0967758791542614,0.0,Night
1,2023-02-05 17:00:00,33.32853890436053,-73.66517855486386,Clear,-0.1501271896030687,6.779533410428181,0.0,Night
2,2023-02-05 18:00:00,35.72417811327203,-91.98583771837873,Clear,7.898382029246619,5.500391568557402,0.0,Night
2,2023-02-05 19:00:00,38.026547438653324,-116.48341897348556,Clear,27.14906090742666,6.501295550660888,0.0,Day
2,2023-02-05 20:00:00,30.201674316923246,-73.4811300050424,Fog,11.203106010688895,1.004182303751973,0.0,Day
2,2023-02-05 21:00:00,41.70446378073755,-113.35175446767683,Cloudy,2.47689264855193,9.600157483256659,0.0,Night
1,2023-02-05 22:00:00,43.900742769476544,-75.8529285480152,Clear,11.370581960366593,7.256649578279763,0.0,Night
3,2023-02-05 23:00:00,42.652793365623275,-84.28863771242384,Clear,12.740334384132986,5.946822238376927,0.0,Night
2,2023-02-06 00:00:00,30.557767675998903,-88.18161223641134,Cloudy,4.818860238852411,7.92389615531976,0.0,Night
2,2023-02-06 01:00:00,37.86757034580869,-90.65762011875164,Rain,39.78425445965195,5.982254666863101,0.21124760399263573,Night
2,2023-02-06 02:00:00,42.21040666953857,-113.442539257927,Clear,28.381300944432866,9.02220160895213,0.0,Day
1,2023-02-06 03:00:00,35.16171702867894,-94.95781238126422,Thunderstorm,24.622749347704655,6.529595548701256,0.4906663807027833,Day
3,2023-02-06 04:00:00,43.45556066874826,-110.16534808229687,Cloudy,32.743349228507206,6.574503164324653,0.0,Day
2,2023-02-06 05:00:00,43.303195177066954,-91.41080639513454,Clear,23.320959788272305,9.349754719582096,0.0,Night
2,2023-02-06 06:00:00,32.125567811756305,-97.63281277971397,Fog,29.549017152755603,1.119584934820255,0.0,Day
2,2023-02-06 07:00:00,37.40446155194556,-86.01622191052527,Clear,10.626282225936148,9.43651052877755,0.0,Day
2,2023-02-06 08:00:00,30.38501224111949,-70.8751485068895,Fog,15.018588495466389,1.9313252252520603,0.0,Day
1,2023-02-06 09:00:00,34.2278941166779,-101.9492298192139,Thunderstorm,-7.65018083485753,6.71963848276039,0.35534562355173,Day
1,2023-02-06 10:00:00,42.17809257029612,-89.16432518300185,Rain,4.032319570440787,7.531014986330541,0.1672965875250305,Day
1,2023-02-06 11:00:00,44.627109085197276,-76.77965367332023,Rain,8.400620461665802,5.307458356014548,0.292074084173139,Night
3,2023-02-06 12:00:00,43.69984884611549,-115.35366832245447,Clear,21.273511270966488,5.771003856046606,0.0,Day
1,2023-02-06 13:00:00,30.638705547017985,-79.98769693662769,Fog,13.21056423969517,1.923991667818189,0.0,Night
1,2023-02-06 14:00:00,43.900957876776005,-108.02875146348484,Cloudy,20.391913121164972,9.08338641343231,0.0,Day
3,2023-02-06 15:00:00,42.33972265266811,-92.98619907045813,Rain,25.66636672569409,8.668993784553804,0.3835009148581902,Day
1,2023-02-06 16:00:00,43.01553775126102,-70.42492807325081,Fog,-7.8640666166164745,1.8058136946588195,0.0,Day
2,2023-02-06 17:00:00,43.7224016292853,-70.797396061587,Thunderstorm,2.9138873501807243,6.38373782186763,0.0831134625019526,Night
2,2023-02-06 18:00:00,37.32269876320927,-104.21011802592025,Snow,-1.4548063727633807,9.721309317335638,0.42044212445460744,Night
1,2023-02-06 19:00:00,33.16827440640653,-113.41185219180167,Clear,-0.6272440414514371,5.429014811130121,0.0,Day
2,2023-02-06 20:00:00,30.315361303093752,-73.09074816185529,Thunderstorm,15.156269781599576,7.7372754907403,0.23840916249932892,Day
1,2023-02-06 21:00:00,30.35322406070475,-75.32352825005367,Cloudy,26.998938824996266,7.610034960072495,0.0,Night
3,2023-02-06 22:00:00,39.637671342361095,-89.19840518812913,Fog,3.6388516962688673,1.472845552903498,0.0,Night
2,2023-02-06 23:00:00,35.05920133955819,-118.37948055812383,Rain,31.22246190678561,6.3071768817675125,0.44231208661459237,Day
1,2023-02-07 00:00:00,37.438449784945284,-82.43598379540535,Clear,34.62282586042869,9.673863253989524,0.0,Day
1,2023-02-07 01:00:00,31.970027656141017,-111.95723933792993,Clear,7.5266936010176195,7.052914408143475,0.0,Night
2,2023-02-07 02:00:00,44.63270049277147,-72.84893641497466,Cloudy,24.06782694771126,6.428598036171024,0.0,Night
1,2023-02-07 03:00:00,31.949144993845962,-98.243696510146,Rain,-4.147535295744595,6.684347084229324,0.3414345233819324,Day
1,2023-02-07 04:00:00,36.672095154172624,-89.24421959133247,Clear,27.201414274291096,6.743611744001427,0.0,Night
2,2023-02-07 05:00:00,36.650302996582894,-105.9460030697162,Cloudy,-1.7488062261690605,5.9946420683263995,0.0,Day
3,2023-02-07 06:00:00,30.129578344689083,-96.2462058794679,Clear,24.37079018855104,9.640269599038803,0.0,Night
2,2023-02-07 07:00:00,40.01696960890425,-82.26822483901984,Snow,11.095000173009222,5.874375923046671,0.4463700628970382,Night
3,2023-02-07 08:00:00,38.07315859011294,-95.39917187643984,Cloudy,36.422816080927035,9.414163171696845,0.0,Day
3,2023-02-07 09:00:00,37.46244283095768,-77.64013352655311,Clear,13.223029091619864,7.024646099702137,0.0,Day
1,2023-02-07 10:00:00,42.27127257539462,-84.34862820002135,Clear,-8.454859126620264,6.346382417553758,0.0,Night
3,2023-02-07 11:00:00,33.61705780122511,-116.13202138477268,Clear,14.03345181229485,5.9925447641933065,0.0,Night
3,2023-02-07 12:00:00,42.91645214677128,-89.65822978522944,Cloudy,29.77493719299965,7.52171164954135,0.0,Day
2,2023-02-07 13:00:00,42.97167994524825,-89.37002836698429,Clear,22.354216544342492,8.346292714947833,0.0,Night
4,2023-02-07 14:00:00,42.40293473874902,-100.95508238044584,Clear,38.315759830733704,9.491105152302406,0.0,Day
1,2023-02-07 15:00:00,35.12096662558988,-103.86380362291644,Fog,32.16362450323729,1.4748140438472794,0.0,Night
1,2023-02-07 16:00:00,32.43836159768478,-116.85562029948474,Fog,16.327583144878147,1.526358839903871,0.0,Day
3,2023-02-07 17:00:00,37.12765664069827,-97.69217607807215,Cloudy,0.32602828026990593,5.16738032289113,0.0,Day
2,2023-02-07 18:00:00,33.897615874895514,-103.17017710742695,Thunderstorm,-9.811268508893846,9.577134528378098,0.45164845333975817,Day
2,2023-02-07 19:00:00,30.782723178896074,-72.44685951578745,Clear,39.02511985006841,9.511846214912199,0.0,Day
1,2023-02-07 20:00:00,34.19205018059145,-86.29128090773244,Cloudy,36.91598491513351,6.893584836604125,0.0,Day
3,2023-02-07 21:00:00,37.03692467515931,-96.99692947161584,Cloudy,3.707199703759642,5.145173313378063,0.0,Night
3,2023-02-07 22:00:00,31.691033152109483,-82.26940096890574,Cloudy,21.910789311186356,8.666847757538019,0.0,Night
2,2023-02-07 23:00:00,44.16500600815759,-81.06151812042368,Clear,26.461978144307686,8.95840438428566,0.0,Night
4,2023-02-08 00:00:00,39.8415177178679,-95.97720542127567,Cloudy,18.90067305162975,7.712329147776735,0.0,Day
2,2023-02-08 01:00:00,32.04511096775075,-116.21210989631213,Cloudy,32.14808374190489,7.014374926314104,0.0,Night
1,2023-02-08 02:00:00,42.18096301184475,-80.97244338757605,Rain,-6.108767578399313,9.255664189014995,0.0237062296649259,Night
2,2023-02-08 03:00:00,43.92132443721188,-115.48579786060783,Clear,34.82470170751067,5.962582083433784,0.0,Day
3,2023-02-08 04:00:00,33.94176106745337,-77.6246586747456,Clear,9.600950558324605,7.197790946079104,0.0,Day
1,2023-02-08 05:00:00,32.14879136166042,-103.29215536956919,Clear,14.034501078739574,5.122430553593453,0.0,Day
1,2023-02-08 06:00:00,34.837132545638426,-88.08795177858096,Clear,12.236682521083605,5.820052639887431,0.0,Day
3,2023-02-08 07:00:00,42.48373199442789,-82.97977735439741,Cloudy,16.564311148467745,9.704156173390054,0.0,Night
4,2023-02-08 08:00:00,32.62640839274396,-118.24037673369997,Clear,19.908423594287676,7.890416251823788,0.0,Day
2,2023-02-08 09:00:00,41.69019880218051,-100.76928470774008,Fog,25.517171648959597,1.1653856995702276,0.0,Day
1,2023-02-08 10:00:00,40.74394892689817,-89.7928496000303,Clear,16.247016953760205,7.432502070513568,0.0,Day
4,2023-02-08 11:00:00,39.77050061334019,-77.59278763515294,Clear,24.238662800444516,9.174135490042701,0.0,Night
3,2023-02-08 12:00:00,36.49976249022936,-84.11151584097954,Rain,6.914872179535028,7.694752554206595,0.12344336344056743,Night
2,2023-02-08 13:00:00,35.50155424351425,-75.19294178955266,Clear,36.83404351289934,5.022688567054928,0.0,Day
3,2023-02-08 14:00:00,31.278869631329833,-115.86386644227115,Cloudy,-6.773449010011542,9.498495035154141,0.0,Night
3,2023-02-08 15:00:00,35.36033677892358,-116.40889988970942,Rain,17.277030428054676,5.742830599179563,0.07833807719593895,Day
4,2023-02-08 16:00:00,39.02762709283749,-84.32375296120136,Clear,-5.630191198914266,7.252773806538855,0.0,Day
3,2023-02-08 17:00:00,43.47313824219257,-100.0735879501092,Clear,12.138351801846518,7.383371644243623,0.0,Day
2,2023-02-08 18:00:00,42.49686807239749,-95.91843693745302,Clear,2.879117882641495,5.23618136844857,0.0,Day
2,2023-02-08 19:00:00,30.483235953600758,-89.78419821954887,Clear,36.84517247913238,5.265351927196225,0.0,Night
2,2023-02-08 20:00:00,32.08294342739246,-70.70292691263445,Clear,-9.34623068070283,8.812759047223533,0.0,Day
2,2023-02-08 21:00:00,42.7273196715719,-116.64169222315329,Clear,9.560181557072852,6.502253950253474,0.0,Night
3,2023-02-08 22:00:00,44.08977547573834,-114.55525552869075,Clear,29.102137485347725,7.0481408311994205,0.0,Night
4,2023-02-08 23:00:00,30.83713266859861,-78.53433821927612,Cloudy,-0.5769293674267111,7.820562577326199,0.0,Day
2,2023-02-09 00:00:00,40.5187809615046,-118.97378694218823,Rain,30.779410233312646,6.866930522736709,0.125600854131958,Day
2,2023-02-09 01:00:00,35.4859967169634,-97.4772579635798,Cloudy,32.98625439124119,8.87518713271597,0.0,Day
2,2023-02-09 02:00:00,35.46435371212752,-81.2940855184082,Clear,25.400149982288504,9.422323268095838,0.0,Day
2,2023-02-09 03:00:00,39.640037887885825,-110.23655894829535,Clear,0.4534591213085388,5.298589420599291,0.0,Day
2,2023-02-09 04:00:00,42.153241318750645,-110.64949434672127,Fog,3.601932829078118,0.624906321962111,0.0,Night
1,2023-02-09 05:00:00,34.12256326320546,-104.487382783366,Cloudy,-1.6532635652319012,6.588300037285742,0.0,Day
2,2023-02-09 06:00:00,40.580315161008166,-112.49948305425276,Fog,-0.7968131399300162,1.7871168851398944,0.0,Day
1,2023-02-09 07:00:00,39.538144631615275,-86.07235731390548,Clear,-8.175385176231234,7.419536590661492,0.0,Night
1,2023-02-09 08:00:00,37.759809924063575,-109.99312242512666,Cloudy,32.86575405991332,6.6683926050614115,0.0,Night
3,2023-02-09 09:00:00,39.03638623223131,-108.65712304770932,Cloudy,16.42511437139179,5.474078231653213,0.0,Night
1,2023-02-09 10:00:00,30.27080074362038,-91.25324259541031,Clear,6.387961194352581,7.797199557514488,0.0,Night
2,2023-02-09 11:00:00,30.060988949214963,-71.6329460801978,Cloudy,4.478849803170402,5.563962832133901,0.0,Night
1,2023-02-09 12:00:00,38.25657850038528,-74.30587138157294,Cloudy,17.23481482237932,5.780600440883475,0.0,Day
1,2023-02-09 13:00:00,37.86162697150117,-76.7751635186539,Clear,6.3342410894974535,9.910876274654552,0.0,Night
3,2023-02-09 14:00:00,31.07002807991033,-93.45380833360896,Clear,33.185898750517396,6.583525951735394,0.0,Night
2,2023-02-09 15:00:00,37.380394899345966,-105.11240921471396,Rain,0.5478717518455394,7.922180948107354,0.4044967962858038,Night
3,2023-02-09 16:00:00,41.362931625406546,-84.71164108633673,Fog,34.11508957064264,1.9026315200613868,0.0,Night
2,2023-02-09 17:00:00,38.11803666022659,-100.52113601104008,Clear,23.20462265017146,9.327547193030734,0.0,Night
1,2023-02-09 18:00:00,37.76421436136912,-81.10455082843954,Clear,37.831461022748506,6.416700954366752,0.0,Night
2,2023-02-09 19:00:00,40.768626808886566,-119.19042572113432,Clear,-9.244637918215329,6.834425758187445,0.0,Night
3,2023-02-09 20:00:00,32.57766310429667,-93.5229979516599,Rain,-7.045221714442176,8.041937889050166,0.2862513674822221,Night
2,2023-02-09 21:00:00,36.862207982231496,-103.13247525013139,Clear,15.04472969682866,9.349933538222933,0.0,Night
4,2023-02-09 22:00:00,32.22071815355184,-107.54754470821106,Thunderstorm,35.618941501602414,9.081070772655067,0.3648076489584685,Day
2,2023-02-09 23:00:00,37.8576044537661,-86.90815811878116,Clear,26.539747576507253,6.3192994277848165,0.0,Night
2,2023-02-10 00:00:00,38.879121487029714,-87.0813333194445,Clear,21.106796625966666,9.14777478747767,0.0,Day
3,2023-02-10 01:00:00,31.825099524266342,-118.14664110282025,Cloudy,-8.419892216990812,8.505976576954815,0.0,Night
4,2023-02-10 02:00:00,31.132727970923373,-72.61505569920563,Snow,7.708189420630465,9.949142452055082,0.35983161911510947,Night
2,2023-02-10 03:00:00,32.50100416673794,-101.90734819247402,Cloudy,7.292644645142865,9.677238339931257,0.0,Day
1,2023-02-10 04:00:00,38.79506434971932,-74.1296092800508,Cloudy,17.104284112995288,7.665683610226886,0.0,Night
2,2023-02-10 05:00:00,32.84428741796875,-90.81400059149601,Thunderstorm,2.8913889673380915,8.749643095962707,0.40669483811293017,Night
2,2023-02-10 06:00:00,34.12864964951544,-87.37047635633076,Clear,3.357785758888003,7.850898509936142,0.0,Night
4,2023-02-10 07:00:00,40.538189192791876,-71.97422108400104,Fog,21.04304000383797,1.0798139947611216,0.0,Day
2,2023-02-10 08:00:00,33.725172405452035,-78.89013601670129,Clear,37.22837716570783,5.507504149888894,0.0,Night
1,2023-02-10 09:00:00,35.962904841833534,-112.99824949848758,Rain,23.008955181834764,5.0112285423882765,0.43326683889774137,Night
4,2023-02-10 10:00:00,43.93268039550355,-119.7389518703333,Cloudy,23.406506199051755,5.2409318723744365,0.0,Night
3,2023-02-10 11:00:00,42.374949170416684,-104.57063098291223,Clear,39.31074066940578,9.833153339472123,0.0,Night
1,2023-02-10 12:00:00,33.83208375237243,-95.57312028061882,Fog,-2.326091646510494,1.036694043229538,0.0,Night
4,2023-02-10 13:00:00,38.963637021027225,-83.39250544183028,Clear,-8.30826128998198,5.22194852087593,0.0,Night
2,2023-02-10 14:00:00,39.98706634046501,-86.94758098136492,Clear,27.27569753731491,6.548221048535825,0.0,Day
2,2023-02-10 15:00:00,43.50362264596692,-104.35719142949615,Cloudy,11.939371659493606,7.9408996997726415,0.0,Night
4,2023-02-10 16:00:00,38.21200975158804,-92.90020054183216,Clear,11.441167737600313,9.742303221514664,0.0,Day
2,2023-02-10 17:00:00,38.41930316374162,-87.45333419876131,Cloudy,1.2651688181516167,8.499437892757435,0.0,Night
1,2023-02-10 18:00:00,43.32670820216175,-94.31248989780985,Clear,15.343152025951927,6.381764844500834,0.0,Night
2,2023-02-10 19:00:00,30.815726327720828,-85.55128519788846,Clear,12.108617186243663,9.695290091185742,0.0,Day
3,2023-02-10 20:00:00,39.422119837650044,-95.73908730258323,Clear,7.272500392316431,5.180205376326004,0.0,Night
1,2023-02-10 21:00:00,36.24973809716688,-93.51574965081934,Clear,12.137257966920941,9.895270036333963,0.0,Night
2,2023-02-10 22:00:00,43.6464507749413,-72.96123536013197,Cloudy,9.191738536144491,5.293203504132245,0.0,Night
2,2023-02-10 23:00:00,44.408104073726705,-100.54209361853592,Rain,36.99481790447683,8.769249865285829,0.2512056391256828,Night
2,2023-02-11 00:00:00,32.55370896339025,-82.2146334436168,Fog,39.012582873791764,1.4009429981480468,0.0,Day
2,2023-02-11 01:00:00,34.2220270592706,-103.2661726917087,Snow,31.995046625587698,9.657807211842535,0.10332057624768425,Day
3,2023-02-11 02:00:00,34.10186854144087,-103.40727323045198,Clear,39.52070455060625,5.543329483655696,0.0,Day
2,2023-02-11 03:00:00,31.509414408925814,-73.66642015624625,Cloudy,3.285971451459,5.2523950651356754,0.0,Night
2,2023-02-11 04:00:00,37.24415858206948,-85.0664247288675,Clear,32.14625549594698,9.446325774124738,0.0,Day
1,2023-02-11 05:00:00,37.69622116094288,-73.55208560112143,Clear,10.331450595131052,5.478969419588125,0.0,Day
2,2023-02-11 06:00:00,38.59467389489332,-70.27092689952373,Cloudy,27.306819888887674,8.989656453900418,0.0,Night
3,2023-02-11 07:00:00,39.94437549669383,-119.98984174027999,Clear,0.06963203152366226,8.73517320228004,0.0,Night
2,2023-02-11 08:00:00,30.943761786971137,-70.84248754856955,Clear,30.597804487065368,7.9943901924418315,0.0,Night
2,2023-02-11 09:00:00,39.33725318688591,-114.95646401607023,Fog,-5.826778692154024,0.8221690989721759,0.0,Night
2,2023-02-11 10:00:00,43.70713932261079,-116.47942600310523,Cloudy,3.5278853358201836,9.577902748164945,0.0,Night
2,2023-02-11 11:00:00,36.82486468474102,-81.60950976222114,Cloudy,31.09763084235778,9.355406279340622,0.0,Night
1,2023-02-11 12:00:00,31.60068664976706,-102.49076996897472,Clear,27.357961091092577,7.131235554782465,0.0,Night
3,2023-02-11 13:00:00,31.289160400926445,-74.1094031749974,Clear,15.062337749564463,6.158624781573241,0.0,Night
1,2023-02-11 14:00:00,34.22628394366357,-92.77467155341913,Fog,23.639638714510447,1.6488191875247846,0.0,Day
3,2023-02-11 15:00:00,41.28786939446012,-100.69441781243282,Clear,-0.7212987752035183,6.10161788681277,0.0,Day
2,2023-02-11 16:00:00,33.914994829763856,-116.32813132033745,Cloudy,23.388181117313998,7.7062598138027205,0.0,Day
2,2023-02-11 17:00:00,42.21496368451757,-96.76820741116481,Clear,-9.601191632925373,9.342694142851489,0.0,Night
1,2023-02-11 18:00:00,42.29488720448946,-106.1051132974994,Cloudy,31.660793369075307,8.868059835990852,0.0,Day
3,2023-02-11 19:00:00,36.85667757047566,-116.16934494493623,Clear,15.81438039994718,8.977552299727195,0.0,Night
1,2023-02-11 20:00:00,34.511832643559615,-86.48057351129262,Snow,37.19392258047909,7.241442458498227,0.029737816501473023,Night
1,2023-02-11 21:00:00,38.96500729063554,-71.13315582511413,Snow,13.90821336613909,6.612224158991901,0.4152913687166099,Day
2,2023-02-11 22:00:00,42.15795223435215,-101.05427573017273,Rain,11.654364116317055,8.786778853525263,0.3077620051294747,Night
3,2023-02-11 23:00:00,30.968561970012658,-105.13675397024164,Clear,12.502640619890702,8.966491379272437,0.0,Day
1,2023-02-12 00:00:00,44.301353149899036,-115.50199048447458,Snow,7.986431013764804,8.47676853240353,0.47273252090115764,Day
1,2023-02-12 01:00:00,39.68850412412409,-108.84273894474606,Cloudy,-1.666245807867302,5.160535612711342,0.0,Night
3,2023-02-12 02:00:00,35.972216344584666,-105.75138751007971,Clear,32.10313634727528,7.948423440342419,0.0,Night
3,2023-02-12 03:00:00,37.59028853304908,-102.79121935819677,Cloudy,9.45427038791474,6.735229146239423,0.0,Night
1,2023-02-12 04:00:00,35.783887451652866,-88.30164758777576,Clear,16.455421409442927,5.980963745132837,0.0,Day
2,2023-02-12 05:00:00,36.1891654369416,-114.2563660968063,Clear,-9.005654176828179,8.471976316711494,0.0,Night
2,2023-02-12 06:00:00,38.93424916263181,-117.07880432884083,Rain,-6.987306364300046,6.342630678430389,0.4759794329754424,Day
2,2023-02-12 07:00:00,30.903607452857557,-73.47090913538962,Clear,19.859161473892225,9.564205794779278,0.0,Night
3,2023-02-12 08:00:00,32.63065687477443,-80.04056540937498,Cloudy,33.961404125680446,6.490395368815975,0.0,Night
1,2023-02-12 09:00:00,33.40559354705289,-106.08889565423219,Clear,14.669791401303726,7.775902998218218,0.0,Day
3,2023-02-12 10:00:00,36.11271411417515,-88.06039050896578,Fog,-1.7512709697468338,0.8697433811536548,0.0,Day
2,2023-02-12 11:00:00,35.56586294365965,-90.37538601000472,Thunderstorm,-4.193634281701555,7.010591690136916,0.17425617556474407,Night
2,2023-02-12 12:00:00,40.83306839502694,-82.84947082333153,Fog,34.989400069646194,1.0772776057277595,0.0,Day
2,2023-02-12 13:00:00,33.887690530609845,-77.03527606415365,Clear,25.08189270076285,8.618481987343312,0.0,Day
4,2023-02-12 14:00:00,30.8560820041058,-102.11239748363221,Clear,38.309777725572864,9.604329765415773,0.0,Night
1,2023-02-12 15:00:00,30.831633692283464,-86.95840086373383,Cloudy,-5.882568932805018,6.629172812948827,0.0,Night
1,2023-02-12 16:00:00,30.169696286599695,-79.89795463045047,Clear,35.130642751170654,5.525140323900661,0.0,Night
1,2023-02-12 17:00:00,30.570390098090066,-85.03528475621454,Clear,32.281615626340795,7.151747489652137,0.0,Night
4,2023-02-12 18:00:00,42.87991012121631,-73.89322057327217,Cloudy,34.65925914620769,8.92906734594569,0.0,Day
3,2023-02-12 19:00:00,40.4586437666962,-95.26562736407007,Cloudy,-9.711852169643024,7.252175566950276,0.0,Day
2,2023-02-12 20:00:00,44.93896748847063,-79.8679703352391,Thunderstorm,27.095174026359736,6.309939650965353,0.17676243913521134,Day
1,2023-02-12 21:00:00,30.3046909218256,-74.51293010794349,Clear,17.44690570808195,5.138015887865074,0.0,Day
3,2023-02-12 22:00:00,42.73502326612979,-92.14735625595736,Clear,18.658971687920985,6.565119014779137,0.0,Day
3,2023-02-12 23:00:00,40.44084493899365,-119.13532336283136,Clear,13.460099367637781,8.56690555581569,0.0,Night
2,2023-02-13 00:00:00,39.60513647214739,-79.09958156695737,Fog,27.133845887410963,0.980258435932037,0.0,Night
2,2023-02-13 01:00:00,35.34798188428776,-77.69830142551066,Rain,39.99196452382023,6.704396901536191,0.3704542791023436,Night
1,2023-02-13 02:00:00,35.65091122184968,-100.00746696072737,Snow,25.526917963708172,5.101157308525561,0.3900043494566666,Night
2,2023-02-13 03:00:00,42.68341785765456,-108.54609632594946,Fog,23.902520801966148,1.8542601926789881,0.0,Day
3,2023-02-13 04:00:00,40.70225817391936,-71.09253665289684,Cloudy,22.721885784004044,9.403415235255876,0.0,Night
1,2023-02-13 05:00:00,40.054748705284666,-92.41882088035408,Cloudy,24.76058349236788,7.842641588440172,0.0,Day
2,2023-02-13 06:00:00,30.45973992674666,-94.19101572450838,Clear,7.105623371541622,5.129360529463155,0.0,Day
1,2023-02-13 07:00:00,32.76479453458066,-72.69628528806159,Cloudy,6.010987183320935,6.088126562747665,0.0,Day
3,2023-02-13 08:00:00,44.439366903555154,-99.59514438519975,Cloudy,29.21689891352532,7.192345676474641,0.0,Night
2,2023-02-13 09:00:00,36.81556874685282,-77.59320008876799,Cloudy,-7.345599132351723,7.937906102807428,0.0,Night
1,2023-02-13 10:00:00,41.720898453363574,-84.96744576551271,Fog,27.962386910169194,1.4743298741093,0.0,Day
2,2023-02-13 11:00:00,35.83987839333635,-71.61423139380953,Thunderstorm,30.692079258478422,9.579330232056357,0.1288443419002419,Day
2,2023-02-13 12:00:00,41.464843157147584,-98.5674528724324,Rain,16.079897979313387,9.693181582007526,0.32644733122509173,Night
1,2023-02-13 13:00:00,31.788188521582665,-74.61870558415762,Rain,35.50740477065076,5.5357623126958275,0.1587902864114245,Day
3,2023-02-13 14:00:00,30.631920294409465,-91.55596414204558,Rain,13.654371857359223,5.691954391036694,0.45037579566915953,Night
1,2023-02-13 15:00:00,36.99264857280928,-96.2061763787961,Clear,-1.0956665952077813,6.79027456116199,0.0,Night
2,2023-02-13 16:00:00,38.87469295086743,-104.71682277348695,Clear,8.06993243533364,7.106174409502973,0.0,Night
1,2023-02-13 17:00:00,34.85552836959662,-92.36509918409291,Rain,35.29337529655431,7.930333463305628,0.13844421471825988,Day
1,2023-02-13 18:00:00,40.740069419696674,-91.37240270213734,Rain,39.68691441621935,8.865798748938284,0.22191555790487927,Night
1,2023-02-13 19:00:00,37.43729473330926,-75.08044319961868,Clear,11.092698349474169,5.678838527808713,0.0,Day
1,2023-02-13 20:00:00,43.92475271315164,-84.79689353578397,Fog,-1.657672720317107,1.28873158440968,0.0,Day
2,2023-02-13 21:00:00,31.274857762203432,-78.67631710757968,Clear,4.316464011706891,8.05014156737657,0.0,Day
1,2023-02-13 22:00:00,30.9985254660162,-81.54349817981404,Clear,17.6648171256982,9.904422303975007,0.0,Night
3,2023-02-13 23:00:00,43.576827783704786,-106.16767232485095,Rain,18.604795913857327,8.255838390412661,0.36585063801643575,Day
1,2023-02-14 00:00:00,40.03660699211113,-109.71012174699116,Clear,21.502970334679,8.580457523703588,0.0,Night
1,2023-02-14 01:00:00,40.06677432197307,-107.07593221389806,Clear,31.767668628627348,5.976044332010847,0.0,Night
2,2023-02-14 02:00:00,30.413328334211492,-112.67102878123329,Clear,25.560707584401385,8.844309776795182,0.0,Night
3,2023-02-14 03:00:00,44.06512838232897,-100.70190382537686,Rain,3.0420113251253476,5.396330888415869,0.038419340683943995,Night
2,2023-02-14 04:00:00,41.57737583895699,-87.30496427115358,Cloudy,9.752203034800019,8.28265218094093,0.0,Night
3,2023-02-14 05:00:00,41.464722267095205,-93.15112538473981,Rain,31.99082919020067,5.277864544243506,0.05057409461012743,Day
1,2023-02-14 06:00:00,43.678944620205655,-86.03928356373405,Cloudy,21.669133530285553,5.576129106547984,0.0,Night
3,2023-02-14 07:00:00,38.67229749135461,-102.1950773307157,Clear,-1.679097587763824,5.5393313715829535,0.0,Day
1,2023-02-14 08:00:00,35.91999585845709,-109.73611067078201,Thunderstorm,6.276940204015926,5.262420324112782,0.2829140915426197,Day
1,2023-02-14 09:00:00,37.210187528782505,-109.86209257604045,Clear,29.554545621545067,6.605694584729482,0.0,Day
2,2023-02-14 10:00:00,41.65861054975734,-89.95687266466422,Thunderstorm,-1.395293833830971,9.97176228951268,0.15085398561700067,Day
2,2023-02-14 11:00:00,41.53094973770778,-111.7852620504285,Cloudy,24.552532636038976,6.741126842307681,0.0,Day
4,2023-02-14 12:00:00,39.14379932141603,-100.14164138469005,Thunderstorm,18.176826811578653,8.80387956669275,0.32030892168344716,Day
1,2023-02-14 13:00:00,33.271205399396266,-109.35836286119779,Clear,-2.6262546799427433,5.661585079285503,0.0,Day
4,2023-02-14 14:00:00,42.28326137020552,-86.86198076355272,Cloudy,24.443946201546822,7.2724554013272735,0.0,Day
2,2023-02-14 15:00:00,39.70862352315295,-89.22895806101475,Clear,-2.8825514672415142,5.925579177824461,0.0,Night
2,2023-02-14 16:00:00,33.318930313423635,-100.94375166112302,Clear,9.921778955484058,5.9604858504660205,0.0,Night
1,2023-02-14 17:00:00,37.20966674636006,-113.56412402327474,Cloudy,5.427996226226014,5.49845018287019,0.0,Night
1,2023-02-14 18:00:00,44.95809496121787,-109.40915927766623,Clear,24.500497634347873,7.160220765139661,0.0,Night
4,2023-02-14 19:00:00,34.92569758620595,-96.38954705988334,Cloudy,29.118117830332615,5.377674603743347,0.0,Day
2,2023-02-14 20:00:00,31.748409221562763,-71.39587877829152,Clear,-1.5841709022043258,9.549056781778305,0.0,Night
2,2023-02-14 21:00:00,30.32501125776252,-106.46126192478982,Clear,30.599837129947083,7.239501607859772,0.0,Day
4,2023-02-14 22:00:00,32.769485357406445,-110.44048215470538,Rain,-9.63929720027211,9.192830707189406,0.31794924639553207,Night
1,2023-02-14 23:00:00,32.80449459095569,-108.96582908783144,Cloudy,16.50292736712665,9.897322248527562,0.0,Day
2,2023-02-15 00:00:00,42.87102667299473,-84.59304319160205,Cloudy,15.839444493733694,8.388895894101198,0.0,Night
2,2023-02-15 01:00:00,32.342321237962594,-74.26579173022392,Cloudy,21.191071537590986,9.507553785670867,0.0,Night
1,2023-02-15 02:00:00,42.939764128176456,-116.24141880403752,Snow,1.9850265167337486,5.676837602515012,0.1845853906204098,Day
1,2023-02-15 03:00:00,31.300747626647095,-82.53557292143908,Clear,-9.50715850348993,9.14996822931218,0.0,Night
2,2023-02-15 04:00:00,43.599664497759505,-95.26966601702505,Rain,12.73814580706997,6.35608666604988,0.4038427404914351,Day
2,2023-02-15 05:00:00,33.84530252882006,-78.74047666493465,Thunderstorm,-6.429689437087274,7.362990194210805,0.44430251254120917,Day
3,2023-02-15 06:00:00,39.17247092985305,-98.92473386146199,Rain,34.60969434034341,8.23291324547166,0.13184770391380932,Night
1,2023-02-15 07:00:00,32.39590777168218,-119.73918741616038,Cloudy,-1.3166837155413305,9.51771796267607,0.0,Day
4,2023-02-15 08:00:00,35.850834475104094,-85.86018116352145,Cloudy,11.261648374933028,9.55496900464871,0.0,Night
1,2023-02-15 09:00:00,31.28651707025174,-79.60142842563468,Rain,11.700019512019185,5.460511885709225,0.1441721034502482,Night
2,2023-02-15 10:00:00,38.69292306385263,-74.89894529234226,Cloudy,17.64323239191024,6.8227774441052915,0.0,Night
2,2023-02-15 11:00:00,35.188162297922815,-91.54743554524829,Clear,29.126617438519858,8.965876033421083,0.0,Night
1,2023-02-15 12:00:00,42.7822512541824,-113.89757493784272,Clear,13.60740752543898,8.515784446161128,0.0,Day
1,2023-02-15 13:00:00,32.72724717448842,-101.50826778872221,Snow,-8.712336638976344,5.13176222510414,0.09241348436984477,Night
3,2023-02-15 14:00:00,34.19982096631968,-80.78748774394441,Clear,28.555520558754473,7.2494470252847485,0.0,Day
3,2023-02-15 15:00:00,32.6588201606594,-95.27935172259926,Rain,-5.891334268955425,9.146265475618089,0.25665519694267724,Day
1,2023-02-15 16:00:00,38.45734170354045,-85.03777559097492,Clear,22.07766461294321,8.688422186668863,0.0,Night
2,2023-02-15 17:00:00,31.676207756437307,-119.76551583206005,Cloudy,30.171475432594775,7.059248961661613,0.0,Day
2,2023-02-15 18:00:00,32.84035507891282,-116.3498830131282,Clear,4.134508624052188,8.675805611733777,0.0,Day
1,2023-02-15 19:00:00,40.17734915163018,-85.94181907756825,Clear,12.45532408420156,7.756053545683033,0.0,Night
2,2023-02-15 20:00:00,31.116217898039103,-105.48990595303431,Thunderstorm,-9.283207890709168,9.563144990341431,0.21136149827811726,Night
3,2023-02-15 21:00:00,41.14745508141719,-100.59066561460543,Fog,30.193759979494267,1.967100963269334,0.0,Day
2,2023-02-15 22:00:00,31.565002336266204,-87.8933544112754,Rain,25.163054496040964,7.00367089397184,0.3211273193564217,Night
4,2023-02-15 23:00:00,38.78233139375706,-114.39927532016128,Cloudy,1.569369719392153,9.314603122841172,0.0,Night
1,2023-02-16 00:00:00,44.96714183374422,-78.36458223546914,Rain,9.511309893289464,5.249344211533204,0.49994740668547416,Night
2,2023-02-16 01:00:00,32.60839360183501,-112.77828699184076,Cloudy,24.76582509005557,9.502553218187384,0.0,Night
2,2023-02-16 02:00:00,33.916294779994715,-83.33587279743662,Cloudy,7.908156092560333,8.481734072488926,0.0,Night
2,2023-02-16 03:00:00,43.47639980983579,-105.362431547802,Clear,-1.8792612221150105,9.70302930212039,0.0,Night
2,2023-02-16 04:00:00,39.394298017564076,-107.00145169341567,Cloudy,15.925276443895413,6.252524345634791,0.0,Night
1,2023-02-16 05:00:00,37.38796948206466,-78.93676505075624,Rain,26.17837851432199,8.474606823199306,0.4100156695158842,Night
3,2023-02-16 06:00:00,38.44057645905055,-92.38991268733147,Thunderstorm,6.040475350147293,9.047316334529974,0.4274224200313244,Night
3,2023-02-16 07:00:00,34.43243016957483,-109.7251107512553,Clear,-3.911386417777109,8.510512898929385,0.0,Day
1,2023-02-16 08:00:00,42.8298267292787,-119.8726874544341,Rain,31.477208090598836,6.051668511446326,0.4619395333282571,Night
3,2023-02-16 09:00:00,41.179035375502934,-71.34825603000994,Cloudy,2.6400933223561545,6.377947840364218,0.0,Day
2,2023-02-16 10:00:00,39.63699648500873,-98.43069054387014,Cloudy,15.640747705330323,7.833711742263368,0.0,Night
3,2023-02-16 11:00:00,43.97613897340702,-100.12886025540685,Clear,24.56715747446215,7.233753013453848,0.0,Night
1,2023-02-16 12:00:00,38.671662908140135,-117.48427068910689,Cloudy,5.853760019711039,8.675585942082641,0.0,Night
1,2023-02-16 13:00:00,37.67815662817975,-75.27982653245186,Clear,22.431826868620917,6.893383457331602,0.0,Day
2,2023-02-16 14:00:00,44.63540103501012,-112.97061520314085,Clear,12.985475322076415,9.297402609298613,0.0,Day
2,2023-02-16 15:00:00,33.0902116989958,-103.2272144195096,Rain,18.521832756192307,7.1596020251837516,0.3488517702877186,Night
2,2023-02-16 16:00:00,32.12952259796557,-98.94480525071,Rain,19.528805180847133,5.200206403573962,0.047990391688494546,Day
2,2023-02-16 17:00:00,32.43424304300675,-79.49471256099666,Cloudy,31.207534344844312,5.086820379424728,0.0,Night
1,2023-02-16 18:00:00,44.84163012024294,-102.02666839296441,Fog,22.81631367176682,1.9469940210775043,0.0,Night
2,2023-02-16 19:00:00,39.783765823465416,-93.42687288235933,Clear,3.215334609220525,7.702765591409129,0.0,Night
2,2023-02-16 20:00:00,34.5888432282227,-98.56342651792134,Clear,-7.019782943077687,7.713723216781443,0.0,Day
2,2023-02-16 21:00:00,33.73466706524033,-104.40776524351695,Rain,-9.900722796243363,8.950045080142228,0.28466048669279326,Day
1,2023-02-16 22:00:00,30.84957885136008,-72.68484575455236,Clear,35.22086923834978,6.878601173198598,0.0,Night
1,2023-02-16 23:00:00,31.979209930560113,-80.15615945867444,Clear,37.10550259011031,9.977234987974924,0.0,Day
3,2023-02-17 00:00:00,43.622588720051795,-111.28235200126012,Clear,-5.2944256167666035,9.727650503049261,0.0,Night
1,2023-02-17 01:00:00,41.210115910793846,-92.26468325562384,Clear,14.352680914112401,5.064808835789123,0.0,Day
1,2023-02-17 02:00:00,44.123396017559955,-80.17199404587558,Snow,-2.420239826973277,9.47871384099378,0.4567802353916076,Day
1,2023-02-17 03:00:00,36.355964046828134,-91.01050136856463,Clear,37.43745433520423,8.402748251850536,0.0,Night
2,2023-02-17 04:00:00,39.018558690918155,-95.31103540020345,Cloudy,2.341625841126186,7.5104516840801745,0.0,Night
2,2023-02-17 05:00:00,37.25506888498486,-116.39703012800639,Clear,15.082354779849947,7.913737370470212,0.0,Night
2,2023-02-17 06:00:00,43.2207809473173,-114.69666557467501,Rain,-1.7189904133541631,9.209286816321606,0.10155601953211063,Night
1,2023-02-17 07:00:00,44.870728307592195,-107.7380232399659,Clear,6.638054225153116,9.75518696036512,0.0,Night
3,2023-02-17 08:00:00,43.99162811475554,-94.33016544025776,Rain,3.3403180463590445,7.801668123682212,0.12540344161785238,Day
1,2023-02-17 09:00:00,38.9708377167393,-70.63516577157267,Cloudy,13.77130214860928,5.906457235942949,0.0,Night
3,2023-02-17 10:00:00,30.927029657823326,-79.8866903961594,Clear,10.989098101107423,8.198769919111324,0.0,Night
2,2023-02-17 11:00:00,39.262899195332196,-114.49744997678506,Cloudy,6.539889730018764,5.381094841942903,0.0,Day
2,2023-02-17 12:00:00,31.45571132296674,-84.13703031505779,Clear,-4.706119117579396,8.17569368417434,0.0,Day
1,2023-02-17 13:00:00,32.082322104535486,-79.47643304136358,Cloudy,14.224351100347409,9.043059012634368,0.0,Day
1,2023-02-17 14:00:00,32.870170472837025,-99.28683608293947,Clear,32.510400904577615,6.766657182429435,0.0,Night
2,2023-02-17 15:00:00,35.452401315821355,-103.49261883117555,Fog,26.511166829278302,1.418779753035304,0.0,Night
2,2023-02-17 16:00:00,38.876797254757435,-90.76924479811714,Clear,26.028744208133475,8.461130642064532,0.0,Day
1,2023-02-17 17:00:00,35.00330511260607,-94.04232225157729,Rain,8.304586837265436,6.696643750842895,0.1720443663156624,Night
4,2023-02-17 18:00:00,36.78400661004049,-106.73931971015485,Clear,25.42095403410257,6.245483259402758,0.0,Day
4,2023-02-17 19:00:00,30.709335496274015,-100.131108470853,Clear,13.276574069995931,8.44590879471621,0.0,Day
2,2023-02-17 20:00:00,39.296367010866334,-92.77812418552375,Cloudy,-2.4861954580915357,9.847932344543974,0.0,Day
4,2023-02-17 21:00:00,39.85547648258913,-91.00378168656292,Fog,10.95248749890255,1.8072714358679838,0.0,Day
1,2023-02-17 22:00:00,31.490852220749222,-93.41252391810237,Clear,-3.363068448420128,7.4567502027968775,0.0,Day
1,2023-02-17 23:00:00,41.77675733989797,-77.69462444563871,Clear,-4.275859054673205,8.00255361212074,0.0,Day
1,2023-02-18 00:00:00,39.71189336492978,-118.4127480106347,Clear,-8.847034577119464,5.711394543428944,0.0,Day
2,2023-02-18 01:00:00,37.345941439220454,-103.35081597793899,Clear,4.142715048470828,9.06606642841404,0.0,Night
1,2023-02-18 02:00:00,38.29289811272319,-82.50831930766682,Clear,6.543739212097243,8.021475053057095,0.0,Day
4,2023-02-18 03:00:00,37.54568601829193,-87.4108698415734,Cloudy,24.97218564692463,9.829151989990088,0.0,Day
1,2023-02-18 04:00:00,30.80689415591601,-74.08666854090694,Clear,16.90023924423918,9.89741684144974,0.0,Day
2,2023-02-18 05:00:00,41.02724191396325,-90.59894856288219,Clear,32.9224856026656,6.772933462202015,0.0,Day
3,2023-02-18 06:00:00,37.67715955320805,-88.09245468964716,Rain,-1.1764686647171754,9.942729677563355,0.1953941577907169,Day
1,2023-02-18 07:00:00,32.59235780245437,-84.75264199386152,Clear,3.2978322929907016,9.784167640512951,0.0,Night
1,2023-02-18 08:00:00,40.21096280620199,-110.68997004368788,Clear,37.05380555717078,8.199159819025681,0.0,Day
2,2023-02-18 09:00:00,40.425984090930825,-82.33779941182675,Clear,12.202262388990718,6.667322142295781,0.0,Night
1,2023-02-18 10:00:00,33.20243204119285,-105.0055180729499,Cloudy,29.452547152432786,8.766701103738846,0.0,Night
1,2023-02-18 11:00:00,41.94742609086665,-98.77494099671799,Clear,14.608382432474457,6.356186156780679,0.0,Night
1,2023-02-18 12:00:00,36.84757088821522,-119.29967492136917,Cloudy,13.554282851287379,8.149219483372903,0.0,Night
2,2023-02-18 13:00:00,32.709144187605865,-77.82170344582354,Clear,-2.594185598517881,5.12290806899782,0.0,Day
4,2023-02-18 14:00:00,39.864300049695586,-72.32535529372174,Cloudy,32.55998054742931,8.142913982720868,0.0,Day
3,2023-02-18 15:00:00,38.95090446801521,-116.99045244076044,Clear,-6.082235972618268,9.758041423667809,0.0,Day
1,2023-02-18 16:00:00,32.556094887351826,-88.23999101149431,Cloudy,5.513054732652076,6.175715213531099,0.0,Day
2,2023-02-18 17:00:00,43.08523349666502,-71.96106619209486,Snow,23.673403586008973,8.890897433578887,0.21912757538551456,Night
2,2023-02-18 18:00:00,42.81801499059558,-89.65496058700901,Cloudy,15.362877540401492,6.467117749578009,0.0,Night
4,2023-02-18 19:00:00,42.54366881784064,-80.10245064059626,Clear,34.068916348576806,8.539248743643206,0.0,Day
1,2023-02-18 20:00:00,35.98841788444652,-114.09356075830841,Clear,-8.035102360604204,8.499861849367626,0.0,Day
2,2023-02-18 21:00:00,42.3693416213451,-107.75751135687855,Clear,22.47037597498651,5.923688708452392,0.0,Day
3,2023-02-18 22:00:00,42.67192962572056,-102.71325720393685,Clear,13.873273531356244,7.985639552105099,0.0,Night
4,2023-02-18 23:00:00,44.94810408168452,-70.94166751723105,Clear,-2.2844088266174536,9.295844765565768,0.0,Day
1,2023-02-19 00:00:00,44.36406927260472,-80.91110148175892,Rain,27.162595355629676,6.912665347197806,0.0798069425626832,Night
1,2023-02-19 01:00:00,35.742710025565565,-75.71685652526799,Clear,10.5653427703012,8.551384756744563,0.0,Night
1,2023-02-19 02:00:00,32.973063747457864,-95.64617901574692,Cloudy,16.579095211834176,8.372150176172733,0.0,Day
1,2023-02-19 03:00:00,34.386935892845635,-84.15973218833118,Cloudy,38.36330331815542,6.287570009003018,0.0,Night
2,2023-02-19 04:00:00,37.42171839998839,-83.42175285662137,Cloudy,14.31150405125943,9.593217798928517,0.0,Night
2,2023-02-19 05:00:00,42.08186450785668,-91.55384695774399,Clear,31.16864327793214,7.817560420581365,0.0,Day
2,2023-02-19 06:00:00,40.84476083589142,-76.10154246478174,Snow,28.478876167062218,6.776463284027621,0.32611715000143654,Night
1,2023-02-19 07:00:00,41.815691382170414,-112.08743870210056,Clear,23.137729575689953,5.821791878512183,0.0,Night
1,2023-02-19 08:00:00,35.69889559482903,-117.12401550674423,Rain,34.84060716751668,7.367291762098844,0.46058384277850967,Night
1,2023-02-19 09:00:00,33.7035696642443,-104.79717521553344,Rain,2.5800823468590455,8.6505671895085,0.3303228454523906,Night
1,2023-02-19 10:00:00,30.361945105776897,-115.58640947021576,Rain,31.038561573383156,8.118201348854939,0.1463080415870683,Night
3,2023-02-19 11:00:00,39.392754331182424,-116.98419186722776,Cloudy,8.889374419867128,8.635262797763817,0.0,Night
1,2023-02-19 12:00:00,41.925566037496885,-99.04551015531143,Clear,30.624544504061063,8.95880376150192,0.0,Night
1,2023-02-19 13:00:00,43.33710741135124,-109.97471576542733,Clear,14.689434227275552,7.2050238324472,0.0,Day
2,2023-02-19 14:00:00,37.14356825027085,-80.49262514363811,Cloudy,32.885462647161795,7.600830920121462,0.0,Day
2,2023-02-19 15:00:00,43.91468667310882,-91.01078070172434,Clear,34.74217688464932,9.932110557904453,0.0,Night
2,2023-02-19 16:00:00,33.03618092448538,-101.97035747817968,Fog,19.882193784205775,0.8476945856839317,0.0,Day
3,2023-02-19 17:00:00,37.71567184716796,-105.67279290960613,Clear,15.381347841562246,7.0740856237942955,0.0,Day
1,2023-02-19 18:00:00,33.20651617304721,-91.8430921569867,Clear,29.164007166616713,8.425897621032476,0.0,Night
3,2023-02-19 19:00:00,32.821132688789504,-98.29989506200462,Clear,3.349310158958666,6.337950891639264,0.0,Day
2,2023-02-19 20:00:00,44.30082198003528,-117.21324098813405,Clear,-9.232565937554279,5.763487728178242,0.0,Day
2,2023-02-19 21:00:00,42.26611033095146,-86.74046944086834,Cloudy,10.354729137738474,8.842006113118668,0.0,Night
4,2023-02-19 22:00:00,30.176998446618967,-95.01212061383558,Rain,15.388706644838845,7.180899847090121,0.491993794038393,Night
1,2023-02-19 23:00:00,34.02769492707685,-106.1550202488614,Rain,4.863135971937824,5.885264018250095,0.289660271998309,Day
2,2023-02-20 00:00:00,33.07702876580584,-105.4792448231922,Snow,9.16809408688837,8.794239617602734,0.2268764645926573,Night
1,2023-02-20 01:00:00,32.20701270216889,-97.36077033600749,Fog,-3.347088354195268,1.4900990024502496,0.0,Night
2,2023-02-20 02:00:00,40.46118644046964,-78.62037689721826,Snow,3.864495168389702,9.666367502288685,0.06669907318912582,Day
3,2023-02-20 03:00:00,38.502567470032005,-98.84747098426651,Clear,2.0047673957286776,7.981668542313098,0.0,Night
3,2023-02-20 04:00:00,36.80901856125166,-78.0209584209424,Rain,5.0493426913385075,7.398205644874368,0.23461847598495908,Night
3,2023-02-20 05:00:00,32.842455876597214,-98.7568393230236,Clear,4.952705527032622,5.709332930809028,0.0,Day
2,2023-02-20 06:00:00,34.164270844224845,-78.50434170682556,Clear,17.948418552380673,8.963949021280516,0.0,Day
1,2023-02-20 07:00:00,35.341515735368894,-73.42350179078235,Cloudy,2.5298470098036354,9.72661576050145,0.0,Night
2,2023-02-20 08:00:00,41.78224028748457,-118.97130607061031,Clear,37.048063166994424,9.447302068086984,0.0,Day
3,2023-02-20 09:00:00,44.83784150360354,-116.88747938888062,Clear,15.563741518166744,8.758917272188354,0.0,Day
1,2023-02-20 10:00:00,32.75965582014405,-113.29903521271206,Clear,-3.5516996795116293,5.022844312953881,0.0,Day
2,2023-02-20 11:00:00,35.12284003339955,-113.89397603169562,Clear,3.9803135262141947,7.038754373036704,0.0,Night
3,2023-02-20 12:00:00,34.203023198169184,-97.27610583166764,Fog,26.4878748067827,1.5842688130149338,0.0,Night
2,2023-02-20 13:00:00,30.661010918884134,-81.79829642275483,Clear,-9.317048080963627,9.47184116479866,0.0,Night
2,2023-02-20 14:00:00,33.28828285401983,-71.9335792416689,Clear,36.89089930984755,5.328253584595242,0.0,Day
3,2023-02-20 15:00:00,43.524209150772094,-99.11095930161062,Cloudy,12.258846086290308,7.656112919409633,0.0,Night
1,2023-02-20 16:00:00,42.64287268308595,-85.57594317179753,Clear,16.053951147549835,5.680672019635586,0.0,Night
1,2023-02-20 17:00:00,32.513959726721346,-88.2246544092718,Fog,39.4206117919764,0.9336518807876457,0.0,Night
2,2023-02-20 18:00:00,35.49244518924436,-100.34082326840789,Clear,15.17015429996658,8.961277440890905,0.0,Night
2,2023-02-20 19:00:00,34.66204582907941,-83.94382405483289,Cloudy,37.387199723098625,8.209796059858157,0.0,Night
3,2023-02-20 20:00:00,32.21611212081235,-90.40244583205543,Rain,35.76155578965771,8.97292570510313,0.08024157548632349,Day
1,2023-02-20 21:00:00,39.33312314456741,-82.00302394312033,Fog,37.06577643331064,0.8515829303259297,0.0,Day
1,2023-02-20 22:00:00,38.359466405479296,-110.31756482154033,Cloudy,30.618652874618192,5.949195552374382,0.0,Night
1,2023-02-20 23:00:00,36.40486999107557,-101.98643073650754,Snow,4.8199042278865605,6.9133175925118735,0.073987315205042,Day
4,2023-02-21 00:00:00,42.83247492162331,-86.43890431083354,Clear,7.319124189299075,9.784344080986276,0.0,Night
2,2023-02-21 01:00:00,39.29567010019361,-113.75982687435413,Clear,8.249203409032045,6.440874563890033,0.0,Day
2,2023-02-21 02:00:00,33.8891052385111,-81.48012160054422,Clear,38.959041980609754,5.31431192131675,0.0,Day
1,2023-02-21 03:00:00,35.605571057998034,-113.32801138618925,Fog,8.03777519860743,0.8582780530522998,0.0,Day
1,2023-02-21 04:00:00,32.25235094674699,-103.77729244828976,Clear,-4.565534539080975,6.831535594220572,0.0,Night
2,2023-02-21 05:00:00,38.870599096652455,-108.12356633325325,Clear,28.91644473175758,7.351544078662089,0.0,Day
1,2023-02-21 06:00:00,38.79943631955921,-116.9507219191432,Clear,8.303164579102628,7.8015171104060625,0.0,Day
2,2023-02-21 07:00:00,43.05275528958602,-106.46715815547736,Clear,21.04679558629217,9.962116332535448,0.0,Night
2,2023-02-21 08:00:00,42.83725051563019,-74.42443953581326,Clear,36.21802061319835,8.781169710930087,0.0,Night
3,2023-02-21 09:00:00,42.554130501899216,-118.65356765256116,Thunderstorm,18.775278838902214,5.1794538212885515,0.07599066081607825,Night
2,2023-02-21 10:00:00,38.23428479552295,-119.15855346442567,Cloudy,21.885008917894396,8.563561641032564,0.0,Day
2,2023-02-21 11:00:00,39.78029716136165,-84.78665760428069,Cloudy,22.143128223256802,9.121158742058793,0.0,Day
1,2023-02-21 12:00:00,41.633129159524174,-101.65650425115683,Rain,20.619959287925763,9.478153694421932,0.4663362907720948,Day
3,2023-02-21 13:00:00,31.375272464335286,-108.51294605625878,Clear,-2.0115311259522954,7.120030514512006,0.0,Night
3,2023-02-21 14:00:00,34.50896842766784,-94.55639243929058,Clear,12.820770737437773,6.568127840529248,0.0,Day
1,2023-02-21 15:00:00,32.53634914229508,-106.66622315247008,Clear,-9.616799001147077,9.19662396361619,0.0,Night
4,2023-02-21 16:00:00,37.67201541519159,-100.39910387335904,Clear,21.313240203766657,8.888077046792695,0.0,Night
1,2023-02-21 17:00:00,42.56501934948912,-84.23318056534526,Cloudy,18.767914751311945,7.680212249829129,0.0,Night
1,2023-02-21 18:00:00,33.46067954474637,-114.15464677584802,Clear,5.906860962041053,5.589413922075761,0.0,Night
1,2023-02-21 19:00:00,40.96355302756091,-72.01718960193718,Clear,16.194775158510186,8.258806695340505,0.0,Day
4,2023-02-21 20:00:00,36.087359945797324,-117.87356578654732,Cloudy,14.652889095403836,5.328337832164371,0.0,Day
2,2023-02-21 21:00:00,43.5461235053807,-79.67313223358857,Fog,2.5457607971125604,1.6694627336245829,0.0,Day
3,2023-02-21 22:00:00,39.401843112698934,-83.77044030242948,Snow,4.664377404629647,6.6557011946261575,0.43164007197035775,Day
1,2023-02-21 23:00:00,44.648295083934954,-105.89552114362134,Snow,28.12704983143753,6.855877484340311,0.018402595468997,Night
2,2023-02-22 00:00:00,33.68504663591671,-114.08385742238715,Rain,27.786615959086447,7.309870194451401,0.15339246404386606,Day
2,2023-02-22 01:00:00,43.85937567358194,-77.38125309028757,Clear,13.48910751199212,6.6957147960937435,0.0,Night
3,2023-02-22 02:00:00,35.35583646972081,-86.01941867915332,Rain,25.87544762079898,5.168940777172597,0.26017917731149043,Day
1,2023-02-22 03:00:00,39.32951193450569,-105.45593882325154,Clear,12.540064011546807,5.787078422128668,0.0,Night
1,2023-02-22 04:00:00,32.617623201708604,-119.15354141648633,Rain,32.5687017448066,5.575559829160172,0.4824678979206352,Day
1,2023-02-22 05:00:00,41.396776802082364,-73.0754828815977,Cloudy,6.640334110430665,7.155917992829798,0.0,Day
3,2023-02-22 06:00:00,44.67375651054976,-99.7873416770019,Clear,36.36462499227005,6.060644635908323,0.0,Night
2,2023-02-22 07:00:00,41.81139174588179,-111.18665765053515,Rain,17.114182528233542,6.4677264644748345,0.014323068575867168,Night
2,2023-02-22 08:00:00,39.23695113740406,-74.40830273283089,Fog,16.784393053987536,1.354163028531865,0.0,Day
2,2023-02-22 09:00:00,36.72320963119605,-102.04896778237132,Clear,23.540519216302187,6.17780929905264,0.0,Day
4,2023-02-22 10:00:00,35.17854461710131,-96.83741795012014,Snow,7.04280054073422,6.229645521930296,0.11762582609510892,Night
3,2023-02-22 11:00:00,36.285189247777744,-85.06906683080425,Clear,26.216478545356715,9.165720886932842,0.0,Night
3,2023-02-22 12:00:00,34.924324691475036,-79.0290586482804,Cloudy,6.0212551317059955,7.740434340303247,0.0,Night
1,2023-02-22 13:00:00,42.490648005074384,-114.9911125626726,Cloudy,9.876941497939281,9.283797257899984,0.0,Night
1,2023-02-22 14:00:00,43.39666684841247,-75.06630479780986,Cloudy,23.735171839652836,7.572629576096052,0.0,Day
4,2023-02-22 15:00:00,44.24486528564608,-73.37301409382314,Fog,8.922455065069073,0.8348440877913997,0.0,Night
2,2023-02-22 16:00:00,36.275434828617755,-107.03651366679402,Fog,-0.0012938655969652046,0.744696372472657,0.0,Day
1,2023-02-22 17:00:00,38.19328805152639,-95.1306030029023,Rain,33.59507293877534,8.083350167236006,0.2979026369730805,Night
2,2023-02-22 18:00:00,38.653431315637334,-77.10623328937854,Clear,36.107769039694304,7.516158869269394,0.0,Day
4,2023-02-22 19:00:00,39.76632266067508,-95.63258340656411,Fog,21.336552490372426,0.9370286070865844,0.0,Day
2,2023-02-22 20:00:00,30.036845113378096,-95.90127142910228,Clear,30.557538559892677,7.092397889286656,0.0,Night
2,2023-02-22 21:00:00,42.64034507150503,-89.07384050753615,Fog,39.33261773873765,1.4045124086338237,0.0,Day
3,2023-02-22 22:00:00,34.02210981048696,-81.62803436515814,Clear,20.73873759099129,7.81952025302932,0.0,Night
2,2023-02-22 23:00:00,37.08246103119424,-86.71913071021481,Clear,35.43963216250068,8.542714759302488,0.0,Night
1,2023-02-23 00:00:00,42.62352385567776,-88.67166790467972,Rain,7.962737486017382,9.434465465597782,0.03213220068376409,Night
4,2023-02-23 01:00:00,44.95284220426035,-101.41643328285818,Clear,25.023621794359308,9.984532073523976,0.0,Night
4,2023-02-23 02:00:00,41.92325257178278,-88.4963147185321,Clear,-7.2097266851576824,8.655697793238598,0.0,Day
3,2023-02-23 03:00:00,30.37249855928965,-114.83635634733493,Clear,29.448577780507243,6.572609764588914,0.0,Day
2,2023-02-23 04:00:00,35.53131256171359,-99.52209415750639,Clear,31.490157236478368,6.495059966460548,0.0,Day
1,2023-02-23 05:00:00,33.70815954199507,-110.58243586042599,Clear,10.058771823699594,6.545519124459821,0.0,Night
4,2023-02-23 06:00:00,44.46197599358159,-93.12160791253099,Clear,21.94775079386648,5.489541601497491,0.0,Night
1,2023-02-23 07:00:00,33.96343374716451,-106.89774061212097,Cloudy,32.91805511961793,5.267994459644346,0.0,Night
3,2023-02-23 08:00:00,44.15025285509165,-94.70325890851242,Clear,34.18040822545251,7.9042143816184876,0.0,Night
4,2023-02-23 09:00:00,44.06276270252851,-81.133748410505,Rain,-4.673423784169952,9.052942636108462,0.43321126491131917,Night
2,2023-02-23 10:00:00,42.59115469387966,-98.30036527213537,Clear,31.374387326644865,5.180672699076801,0.0,Day
3,2023-02-23 11:00:00,31.47107650047361,-109.06356684996004,Fog,3.7121675963050134,1.806173051452868,0.0,Night
3,2023-02-23 12:00:00,30.029928420097267,-108.85091627610517,Fog,26.365344816887166,0.9750095074358243,0.0,Day
1,2023-02-23 13:00:00,41.908246263205704,-74.68727759009644,Clear,6.258207674627766,9.462426012788093,0.0,Night
2,2023-02-23 14:00:00,42.64948586386899,-80.95476176875277,Rain,-7.183516468471143,5.726934644404431,0.1413257487221769,Night
1,2023-02-23 15:00:00,44.43272539847421,-118.17136661850604,Snow,0.49353549255537743,7.817160025047729,0.19394365811907485,Night
2,2023-02-23 16:00:00,33.275739171791685,-72.86385958708144,Thunderstorm,10.4335887913542,9.854603534973963,0.4422966012777771,Night
1,2023-02-23 17:00:00,40.99719701886374,-114.37174063925846,Cloudy,27.061431003052128,6.725164832325313,0.0,Day
2,2023-02-23 18:00:00,37.78596626146791,-87.35288073889726,Clear,-4.9648186343821195,8.708884556467527,0.0,Day
3,2023-02-23 19:00:00,34.927233077941125,-92.42484592112746,Cloudy,30.64670624500799,9.412255775200428,0.0,Night
4,2023-02-23 20:00:00,39.094365150885366,-117.66635760822182,Cloudy,39.84755459812053,5.931052812358644,0.0,Night
2,2023-02-23 21:00:00,38.22299090381948,-105.24133623642041,Cloudy,29.412882158956272,9.96263590131002,0.0,Night
2,2023-02-23 22:00:00,34.384415989170044,-81.20731982068298,Clear,13.686826001444071,9.046933325195152,0.0,Day
2,2023-02-23 23:00:00,34.026936931977026,-104.65600797688447,Fog,18.40801054229732,1.1467766107882715,0.0,Night
4,2023-02-24 00:00:00,37.29870336220907,-95.9833803095479,Thunderstorm,-9.691974584866273,6.554423502574188,0.06654121221486266,Day
2,2023-02-24 01:00:00,37.11054762729119,-85.10247287463737,Clear,0.4636918927698712,8.124850191786718,0.0,Day
2,2023-02-24 02:00:00,34.53079054751994,-116.42135780635195,Clear,34.94940657300227,9.424588813021963,0.0,Day
4,2023-02-24 03:00:00,33.95596737060553,-78.36971432551022,Clear,-8.913529863240706,5.9741776129613875,0.0,Night
2,2023-02-24 04:00:00,44.31461113711455,-117.92094100892004,Snow,35.239747644849096,8.656027912727476,0.024259711148258527,Night
4,2023-02-24 05:00:00,42.93555757118071,-106.88062757682683,Rain,-4.33736959359163,6.353240066090104,0.02131883997788109,Night
4,2023-02-24 06:00:00,42.251686581368006,-81.84663671856552,Cloudy,-3.346293502058286,9.027082253138323,0.0,Night
4,2023-02-24 07:00:00,33.2142565301551,-74.4062424151491,Cloudy,-1.2325044571538797,8.417210136375166,0.0,Night
1,2023-02-24 08:00:00,32.83936552478702,-81.98281423996983,Cloudy,29.96926624775982,7.6145451733430365,0.0,Day
2,2023-02-24 09:00:00,42.139935274471476,-108.65003206008082,Clear,13.909328767118971,8.249329812045001,0.0,Night
3,2023-02-24 10:00:00,32.77011521538372,-70.71380896096812,Cloudy,-2.740168488497882,9.382226227669086,0.0,Day
2,2023-02-24 11:00:00,37.55303903632554,-99.33328862601431,Rain,24.34009098326625,6.932129299232418,0.1432737882618569,Day
2,2023-02-24 12:00:00,33.3213268015538,-101.17743944827978,Thunderstorm,37.034418316288864,8.846250900780143,0.25011970115587534,Day
1,2023-02-24 13:00:00,35.67104675505228,-76.73822502259281,Fog,18.622573712373594,1.8273421559020893,0.0,Day
1,2023-02-24 14:00:00,42.801813411143144,-116.68955117885967,Fog,-5.064999713973075,1.385203635056828,0.0,Day
2,2023-02-24 15:00:00,43.3712751487894,-92.1959285585095,Cloudy,-7.262469691123011,8.753286812358553,0.0,Night
2,2023-02-24 16:00:00,44.950188763226905,-71.71870739334679,Cloudy,29.79361799378804,7.2149884837722755,0.0,Night
2,2023-02-24 17:00:00,44.15856420022622,-114.99348320510987,Rain,21.30418261872175,8.968110526497886,0.430557064199418,Night
2,2023-02-24 18:00:00,40.068760865786025,-92.95754744444514,Fog,36.13286695623007,0.9685960620780788,0.0,Night
2,2023-02-24 19:00:00,36.47588991296462,-113.37716914958469,Clear,17.362507552399396,9.68137198834733,0.0,Day
2,2023-02-24 20:00:00,30.86538562937913,-75.50110182671227,Clear,-6.880229837847331,5.562332179806822,0.0,Night
2,2023-02-24 21:00:00,39.122491702552196,-90.61258067036923,Clear,10.184342499932512,5.654107131325909,0.0,Night
2,2023-02-24 22:00:00,33.16020993006069,-108.26983080933357,Cloudy,22.899534429570892,9.212137210222778,0.0,Day
2,2023-02-24 23:00:00,42.75204425744409,-104.64784933916518,Clear,9.244267546863153,9.21180637283176,0.0,Night
1,2023-02-25 00:00:00,38.233483190245806,-94.16845133555952,Clear,39.97956983701165,7.356123756041294,0.0,Night
2,2023-02-25 01:00:00,41.00252524344206,-83.73259470204107,Clear,10.268930683687252,9.819811049361153,0.0,Day
2,2023-02-25 02:00:00,40.10242552030539,-95.62528948038936,Clear,17.311806322377507,8.396946593133515,0.0,Night
2,2023-02-25 03:00:00,35.20996787746999,-110.53670280850508,Fog,1.2696016311839724,0.8335346797878683,0.0,Night
2,2023-02-25 04:00:00,41.386290753189364,-84.5934391580997,Clear,-2.393089784890414,7.661976976006591,0.0,Day
3,2023-02-25 05:00:00,42.6506286580353,-114.08181344608369,Rain,22.265276928162542,6.008066721240078,0.030555574230124553,Day
1,2023-02-25 06:00:00,41.16195654552966,-79.52963504889053,Cloudy,19.430637345784106,7.2219656351456525,0.0,Night
4,2023-02-25 07:00:00,41.65210170486446,-100.21999415474427,Fog,-9.783057129685787,1.524979363269054,0.0,Night
1,2023-02-25 08:00:00,35.40023309500097,-87.36447073686861,Clear,4.239076739887107,6.8520697651470375,0.0,Night
4,2023-02-25 09:00:00,44.15531899122355,-102.76499230793972,Thunderstorm,22.178978650645718,9.785082165674167,0.46703881250597723,Night
2,2023-02-25 10:00:00,36.36858177534114,-86.54632342247615,Cloudy,30.612467286622483,8.985106738371583,0.0,Day
2,2023-02-25 11:00:00,43.455753278196966,-75.54065443074273,Thunderstorm,5.618432651992215,7.210531638964987,0.03382746110128607,Night
1,2023-02-25 12:00:00,42.86714084712024,-84.92978650724461,Fog,22.37181846444269,1.7350755762560883,0.0,Night
1,2023-02-25 13:00:00,31.864964630676425,-86.42955076857054,Clear,3.26289650754231,8.037195386411478,0.0,Night
1,2023-02-25 14:00:00,44.49405839387426,-82.12945940187353,Clear,24.51899473146181,8.328830423651528,0.0,Night
1,2023-02-25 15:00:00,44.94512528075055,-94.98939947110684,Clear,24.897399933123125,5.383496083075599,0.0,Day
2,2023-02-25 16:00:00,39.092197750935014,-108.98536647527862,Cloudy,-3.4888267240204964,9.667940262081066,0.0,Night
2,2023-02-25 17:00:00,41.74665076289922,-79.22389749404482,Clear,23.254489198850244,7.984998565503327,0.0,Night
3,2023-02-25 18:00:00,44.00530556327725,-87.57590015856444,Clear,6.678359084018485,9.655746098019097,0.0,Day
1,2023-02-25 19:00:00,30.30036585704445,-104.3089559729011,Cloudy,-1.3702534203686305,8.159492356441824,0.0,Night
4,2023-02-25 20:00:00,43.949850364469725,-106.2064916086292,Clear,15.01806163868871,7.1550774450487555,0.0,Night
2,2023-02-25 21:00:00,39.41049206638662,-95.00355350911549,Clear,12.61483419543606,7.834640057681661,0.0,Night
1,2023-02-25 22:00:00,42.42684600553925,-109.63471733560569,Cloudy,28.69374055309985,9.147516370201425,0.0,Day
2,2023-02-25 23:00:00,38.1108340952981,-76.08805839205314,Clear,-5.774224541939073,6.630629157258369,0.0,Night
1,2023-02-26 00:00:00,37.958190590902745,-80.57133646014,Clear,29.487663441589042,9.782300285379595,0.0,Day
1,2023-02-26 01:00:00,43.46277308616915,-104.58425173444216,Cloudy,-4.6958818945352165,7.329775989028682,0.0,Day
2,2023-02-26 02:00:00,37.61208009727163,-117.52982261977398,Cloudy,0.37295140395309545,9.781185010486933,0.0,Night
2,2023-02-26 03:00:00,37.07684071681194,-117.40659552324131,Fog,15.794105916483552,1.5002380157167265,0.0,Day
4,2023-02-26 04:00:00,39.12283212642587,-105.14401209725553,Cloudy,13.158730001121224,8.838309782079062,0.0,Night
2,2023-02-26 05:00:00,37.778549717435375,-112.62462878511128,Cloudy,39.442948736702405,7.337188997186031,0.0,Day
4,2023-02-26 06:00:00,36.694304342076784,-76.33338760382156,Cloudy,19.47368566312197,7.934725721571601,0.0,Day
4,2023-02-26 07:00:00,32.70785742341693,-98.96085929618442,Snow,6.371779762345696,9.190147061801628,0.13500654273562035,Night
3,2023-02-26 08:00:00,35.96100730699702,-102.5986753473252,Fog,35.00744342719928,1.7438459442133276,0.0,Day
2,2023-02-26 09:00:00,34.23068551251516,-109.10504524012293,Fog,5.6107478391251835,1.4000067027639218,0.0,Day
1,2023-02-26 10:00:00,36.006970897727555,-77.93994890535424,Rain,3.6887817594145034,8.953295255033815,0.48357444301428093,Day
1,2023-02-26 11:00:00,38.897374429694764,-80.37664997284443,Clear,14.718589759942972,7.565476228343424,0.0,Day
2,2023-02-26 12:00:00,39.13277605646116,-100.78367352034934,Clear,35.65873922365395,7.681237591768344,0.0,Night
2,2023-02-26 13:00:00,33.57992217439063,-111.53210748295454,Clear,25.425712762941927,5.989173586109412,0.0,Day
1,2023-02-26 14:00:00,31.267179699239485,-72.4005876369499,Fog,23.874160773366526,1.984312635680123,0.0,Day
2,2023-02-26 15:00:00,41.16656533551245,-104.20700007595154,Rain,26.303863251938147,9.52471591597106,0.49416246180091433,Day
1,2023-02-26 16:00:00,37.92856039119643,-81.44541390581462,Rain,22.98203053879441,9.20164806331659,0.22482524370393664,Night
3,2023-02-26 17:00:00,36.63152024455495,-96.84752151838929,Clear,27.989817983397295,5.05061279270057,0.0,Night
1,2023-02-26 18:00:00,31.943932032068137,-80.91770174978078,Snow,-0.3618989135433264,9.346937929940312,0.4789333897314838,Day
2,2023-02-26 19:00:00,36.21995626420323,-95.9195376944894,Clear,-1.1370856619199259,5.126174427934011,0.0,Day
3,2023-02-26 20:00:00,42.27263124930824,-73.72200980758336,Clear,8.108167189570189,7.291402014711641,0.0,Night
1,2023-02-26 21:00:00,38.721534441968316,-79.97883129788815,Clear,32.54798893979162,5.337163630554514,0.0,Day
2,2023-02-26 22:00:00,31.364632691038715,-106.9855481138457,Cloudy,25.722710774835484,9.844115692285845,0.0,Night
3,2023-02-26 23:00:00,34.98412699691039,-98.48111123974371,Cloudy,18.323667142138458,9.86159627902108,0.0,Night
1,2023-02-27 00:00:00,44.697030388703794,-114.97050968028812,Fog,-9.027628126094008,1.7960796870557707,0.0,Night
1,2023-02-27 01:00:00,38.167612071031094,-74.82643434151396,Clear,1.7901141967933274,6.961024554117667,0.0,Day
2,2023-02-27 02:00:00,34.29594119393854,-116.53518390210894,Cloudy,30.17569712749495,7.559963750972897,0.0,Night
2,2023-02-27 03:00:00,43.70167119302881,-119.08791958773342,Cloudy,2.1243346542109336,8.811496602409578,0.0,Day
2,2023-02-27 04:00:00,35.04000951005083,-95.17834673932688,Clear,26.514509859547367,6.115964798600919,0.0,Night
1,2023-02-27 05:00:00,40.948610017487226,-89.84354467535294,Snow,-0.7682867535057998,7.208612456084647,0.27209022370643626,Day
2,2023-02-27 06:00:00,32.20830758577179,-108.83928038465363,Rain,20.318377909967932,8.686343451265424,0.28219190437325653,Night
1,2023-02-27 07:00:00,32.3473967114841,-91.47254576267875,Rain,21.410568335025086,6.976962389185637,0.062260984118548406,Day
3,2023-02-27 08:00:00,38.419710304932835,-75.22190594446283,Fog,27.598311284324083,0.7616990264215846,0.0,Night
2,2023-02-27 09:00:00,33.597349778625514,-88.69424255521842,Rain,11.917120044781996,7.5369720952755985,0.290910462227471,Night
3,2023-02-27 10:00:00,30.739981297925215,-97.2129581872347,Clear,21.633734954273624,8.687055812697732,0.0,Day
2,2023-02-27 11:00:00,43.89698159963501,-112.77855078044087,Rain,14.348489436014248,9.884082045922801,0.16260683692282651,Night
3,2023-02-27 12:00:00,30.83984322921875,-111.55291353388564,Clear,37.36690226991564,5.185230765986754,0.0,Night
2,2023-02-27 13:00:00,40.76156830043498,-95.78226491956902,Clear,16.09403635092537,7.699603010754886,0.0,Day
2,2023-02-27 14:00:00,34.9947873404619,-96.8439320701867,Clear,0.4798941564093919,7.249693310694788,0.0,Night
2,2023-02-27 15:00:00,44.002574476654644,-93.88056671392616,Rain,23.394627456931822,6.2122439464546995,0.06039599631028433,Night
3,2023-02-27 16:00:00,44.790785837601405,-94.60547859869679,Rain,17.423366410420673,8.188813600236188,0.22107946199636755,Day
2,2023-02-27 17:00:00,35.03145976996599,-102.93605519842697,Clear,30.19147486100733,5.818112464278911,0.0,Night
2,2023-02-27 18:00:00,38.86660229405193,-85.20681849728962,Rain,-1.1544201203378197,6.419323836574264,0.331399502716167,Night
2,2023-02-27 19:00:00,41.59477131856428,-109.38944415406053,Fog,3.046980133695241,1.2901477566363684,0.0,Night
3,2023-02-27 20:00:00,31.85114024974928,-77.38355823026042,Clear,36.0814553698861,7.302058700127775,0.0,Day
2,2023-02-27 21:00:00,40.64193455809374,-110.28019419544482,Clear,36.5013056623148,9.968353234599423,0.0,Night
2,2023-02-27 22:00:00,43.59296226623491,-99.20563002128941,Rain,12.112838323744548,6.93230372074397,0.46102636943814823,Day
2,2023-02-27 23:00:00,32.67753820908037,-109.46282771539335,Clear,-7.612440894078506,7.3163053305010814,0.0,Day
2,2023-02-28 00:00:00,42.58065136992525,-89.07735974909066,Cloudy,5.327753431297985,6.50128881044267,0.0,Night
4,2023-02-28 01:00:00,31.734052090064054,-96.11811297135817,Clear,2.356132721063906,6.1814680309552275,0.0,Day
3,2023-02-28 02:00:00,38.52452544813404,-101.28430076124361,Cloudy,10.73384259974609,9.611407055974086,0.0,Day
2,2023-02-28 03:00:00,35.09045503919698,-96.24332587026082,Rain,5.8900309439293785,8.744133200643656,0.21082458836801854,Day
2,2023-02-28 04:00:00,37.075737908593126,-98.93797730780123,Rain,31.44961719262271,6.667012661007067,0.2509270151565479,Day
3,2023-02-28 05:00:00,34.509482769067006,-77.24172384528761,Snow,-9.848199043727298,8.500779948228622,0.4375799656900168,Night
2,2023-02-28 06:00:00,33.908090574202014,-113.7866750568358,Fog,22.23159267557491,1.3784618189576252,0.0,Day
4,2023-02-28 07:00:00,41.147087848616046,-80.34092893554418,Rain,23.213511257802168,5.37023982806957,0.08803823022713624,Night
1,2023-02-28 08:00:00,33.34669822141663,-87.23352080545217,Rain,23.031328764452148,6.322522021854296,0.07900141688555963,Night
1,2023-02-28 09:00:00,36.12619566255429,-102.58398113278355,Clear,16.029734025728484,6.002892745975007,0.0,Day
1,2023-02-28 10:00:00,34.11835618975242,-74.04489694222785,Cloudy,20.55520365549015,9.34891581822205,0.0,Night
2,2023-02-28 11:00:00,33.57952626177258,-111.15271896772033,Clear,30.52471557685451,5.89595164775758,0.0,Night
4,2023-02-28 12:00:00,39.40644166531081,-104.48558561217374,Snow,29.209838934419068,6.54037997994832,0.14468699976515506,Night
1,2023-02-28 13:00:00,30.681429243870337,-101.25794667307757,Clear,-8.26873114107948,7.7193038666309235,0.0,Night
3,2023-02-28 14:00:00,41.83348105505563,-87.61018594546357,Cloudy,-8.478173213134557,8.10547177793475,0.0,Night
2,2023-02-28 15:00:00,38.19351095930082,-72.67943274889733,Clear,31.947240638524562,9.040918812663278,0.0,Night
3,2023-02-28 16:00:00,42.42656094161009,-90.32760686360245,Rain,18.736484376528143,7.036616232769519,0.2052283326823372,Day
2,2023-02-28 17:00:00,33.19523975097192,-77.18469571866146,Fog,37.87136676345961,1.1531898271837222,0.0,Day
3,2023-02-28 18:00:00,40.64109061260834,-74.75133551368336,Clear,11.579579845823787,9.827310375221026,0.0,Day
1,2023-02-28 19:00:00,36.30875762147731,-96.67681436815694,Fog,-1.1629089302128097,1.238123861331338,0.0,Night
3,2023-02-28 20:00:00,31.152059657485545,-96.37829366130296,Clear,13.661745619390455,6.2404710558266245,0.0,Day
1,2023-02-28 21:00:00,41.28714588318498,-107.50011263617803,Cloudy,11.827215398076156,8.552995956708758,0.0,Day
2,2023-02-28 22:00:00,41.43280853099172,-89.92067428243168,Fog,15.858869071925817,1.8665319481471923,0.0,Day
3,2023-02-28 23:00:00,34.06375298835727,-113.99860886678438,Clear,30.397361693847493,7.073894515901541,0.0,Night
1,2023-03-01 00:00:00,43.74069028437176,-88.28356342661587,Thunderstorm,22.779199396838806,6.064894591109454,0.47269174673645303,Night
1,2023-03-01 01:00:00,41.45954695150087,-75.35514451842332,Clear,-0.7362336300312595,8.894613279056962,0.0,Night
2,2023-03-01 02:00:00,34.60136053685084,-81.96071558945096,Clear,26.723862817753066,8.352464476395191,0.0,Night
2,2023-03-01 03:00:00,33.58663413608113,-87.54058113307724,Fog,19.594810663921578,1.7754632143720115,0.0,Day
2,2023-03-01 04:00:00,36.60134333570744,-78.0798003251447,Clear,18.91553652688407,9.221632321635607,0.0,Night
1,2023-03-01 05:00:00,34.39184722166867,-83.50924174472361,Thunderstorm,23.912844121781752,6.025975922521167,0.3329267252108286,Night
1,2023-03-01 06:00:00,33.255345808717614,-93.51689954760668,Thunderstorm,18.198272932826583,9.161695900443402,0.37063827928195203,Night
2,2023-03-01 07:00:00,35.98651135837859,-93.94678150918809,Clear,12.875686816904668,5.8758687055945185,0.0,Night
1,2023-03-01 08:00:00,30.385563342395233,-114.64984305677075,Cloudy,22.019014140704805,9.318519518889527,0.0,Night
4,2023-03-01 09:00:00,36.02116606022073,-98.27926265170018,Clear,26.186353477528755,8.851604670163391,0.0,Night
1,2023-03-01 10:00:00,33.32493942325952,-93.87752701499454,Cloudy,1.2883471415595302,7.849305371411992,0.0,Night
2,2023-03-01 11:00:00,33.96501280463977,-96.50414880522395,Clear,14.852494711905628,8.21110837905223,0.0,Day
1,2023-03-01 12:00:00,31.238299293483095,-81.19930609101513,Clear,12.90862316325618,5.520396354373791,0.0,Night
1,2023-03-01 13:00:00,38.83397525453432,-111.95189838983029,Clear,-8.004836469435585,5.19942590743166,0.0,Night
2,2023-03-01 14:00:00,37.08013841358954,-80.25505446927608,Cloudy,31.72193282120029,6.653233708669543,0.0,Night
2,2023-03-01 15:00:00,41.25941066834668,-82.91686165885847,Thunderstorm,8.869101196921218,9.10702905708595,0.4460005694902709,Night
1,2023-03-01 16:00:00,44.80647937769021,-74.95888364080159,Snow,-6.36553833993956,7.328927865899863,0.2665932344108105,Day
1,2023-03-01 17:00:00,31.793010127181837,-101.32725036628585,Rain,12.894954853824068,6.1169701502660345,0.27313357043102277,Day
1,2023-03-01 18:00:00,34.086376334301384,-111.17283054841926,Cloudy,-1.9259596954201346,9.17274449957408,0.0,Day
3,2023-03-01 19:00:00,40.23681192067356,-82.06857065163652,Snow,25.220720731733238,6.143136293244865,0.2327088661345359,Day
2,2023-03-01 20:00:00,33.55968013652176,-90.57845741094758,Clear,18.588578758382578,9.077468616204708,0.0,Night
1,2023-03-01 21:00:00,30.452212732746034,-84.37538258705231,Rain,3.50569034889676,7.264897654590741,0.20719105556741804,Day
2,2023-03-01 22:00:00,31.64709935921948,-70.16297645654174,Thunderstorm,37.523692957548704,7.3174744363364095,0.10211209731725658,Night
3,2023-03-01 23:00:00,36.504403911877205,-110.27301251891478,Clear,4.5872674127790365,6.363598049291211,0.0,Night
3,2023-03-02 00:00:00,36.46176978184041,-99.44741972629312,Rain,17.749845348846037,9.500870104496762,0.12041508661262071,Day
4,2023-03-02 01:00:00,44.58457035940337,-110.36516036379155,Snow,30.07839121455246,5.44392637847067,0.48740090244617407,Day
2,2023-03-02 02:00:00,36.98925050846651,-76.9688406377965,Fog,15.6946148977244,1.4339115827786832,0.0,Day
1,2023-03-02 03:00:00,40.171015612027404,-119.15094873049013,Rain,38.042783788764254,8.179423841231038,0.45573583608846696,Day
1,2023-03-02 04:00:00,37.38301502570016,-113.23884409330442,Clear,32.19272834897572,9.25057632878174,0.0,Night
3,2023-03-02 05:00:00,34.0487774836924,-107.60648645146122,Clear,36.050950700044794,5.477256250926138,0.0,Day
4,2023-03-02 06:00:00,31.581765976719,-81.4338398033805,Clear,8.635129187721951,8.66876124708304,0.0,Day
2,2023-03-02 07:00:00,42.886110241348455,-88.57728985659757,Rain,17.41777087056293,8.712557665697432,0.3918957483686271,Day
2,2023-03-02 08:00:00,32.28994041652838,-100.56938340281745,Clear,32.00831477467003,7.907613650824641,0.0,Day
2,2023-03-02 09:00:00,31.453404238842985,-112.06498484077541,Fog,35.17500171513729,1.3343565885504356,0.0,Night
2,2023-03-02 10:00:00,33.207429165435606,-103.91956519868809,Clear,37.218178898426075,6.605438796537673,0.0,Night
1,2023-03-02 11:00:00,30.037329588524106,-82.82898705595669,Clear,33.95759966398779,6.757308962163332,0.0,Day
2,2023-03-02 12:00:00,31.079477247374893,-100.90241504082583,Cloudy,26.53774520376171,8.372167362077354,0.0,Night
1,2023-03-02 13:00:00,39.52795152651157,-96.87023338575628,Rain,-8.7892597234035,5.326436456069551,0.1781564296458423,Day
1,2023-03-02 14:00:00,33.653214102868425,-89.56869924158022,Clear,5.7476724737731555,7.924674937723128,0.0,Day
2,2023-03-02 15:00:00,35.077681434628815,-74.35562284148745,Cloudy,-3.553185755328477,6.393660962264235,0.0,Night
1,2023-03-02 16:00:00,42.529496322745395,-107.4947366328015,Cloudy,-2.262069932992585,7.333029559719712,0.0,Night
1,2023-03-02 17:00:00,41.59349374408322,-97.60017164451995,Clear,4.545359369144601,7.7948980922509925,0.0,Night
1,2023-03-02 18:00:00,37.383721515560445,-104.48393275396478,Clear,-6.26297714057237,9.428296718171655,0.0,Day
3,2023-03-02 19:00:00,39.194649873906414,-96.69065375795373,Snow,2.151590616210777,7.895374441661774,0.1996676166147748,Night
3,2023-03-02 20:00:00,31.28716917660332,-85.17692211635509,Cloudy,37.848941826957045,6.135797858195096,0.0,Night
1,2023-03-02 21:00:00,41.42392052222037,-95.89679522811434,Clear,5.597178929409788,5.397297265861885,0.0,Day
2,2023-03-02 22:00:00,37.74287200042878,-78.2731827341792,Snow,-2.014346503798822,8.134941997954858,0.3790692569188429,Day
1,2023-03-02 23:00:00,38.56423652913941,-92.33709503297479,Thunderstorm,25.915009020990382,7.725241981755696,0.11734264199306566,Day
2,2023-03-03 00:00:00,39.98290448154512,-100.71174140469154,Cloudy,31.42525750261249,8.358989482880311,0.0,Day
3,2023-03-03 01:00:00,37.502629486540705,-80.88394669609289,Cloudy,5.701892479824176,7.296982895686686,0.0,Night
3,2023-03-03 02:00:00,37.82538945285386,-98.43380484883113,Fog,3.924865528918545,1.2091229215833006,0.0,Day
2,2023-03-03 03:00:00,37.49453380234316,-94.22236819305951,Thunderstorm,2.0879773952516754,9.600898411193166,0.39919755150771047,Day
4,2023-03-03 04:00:00,37.45226217215355,-70.26648192779098,Rain,9.663061953318667,5.200022111118136,0.41362986238889093,Day
4,2023-03-03 05:00:00,41.25307951062484,-80.67841354500047,Cloudy,-5.63841210805541,8.720432680815605,0.0,Day
3,2023-03-03 06:00:00,36.408127907712,-77.24289071294629,Cloudy,23.456461327810317,5.175802723734211,0.0,Night
2,2023-03-03 07:00:00,30.043399777451057,-90.35744859706432,Rain,31.111316262822946,7.225483434362723,0.24758702255260773,Night
2,2023-03-03 08:00:00,39.18094764182823,-102.58917667210476,Clear,23.184113986960902,7.3080160838566,0.0,Day
2,2023-03-03 09:00:00,44.28993712389425,-70.43651934288697,Cloudy,11.059984494652422,8.48109198762515,0.0,Night
1,2023-03-03 10:00:00,33.854397461873475,-107.79899519802447,Snow,4.448112367211962,6.762016491004735,0.46643298776063363,Day
1,2023-03-03 11:00:00,42.242899967582495,-76.3591526994577,Rain,10.472308225578683,9.104506691591094,0.23088991078998852,Night
3,2023-03-03 12:00:00,36.832353124246204,-74.43493326636928,Cloudy,11.191874244362442,6.7143202897293115,0.0,Night
2,2023-03-03 13:00:00,39.6447310486209,-79.12226094264904,Rain,23.301041423625357,6.712589441707437,0.14175272501687386,Night
4,2023-03-03 14:00:00,43.36310596691078,-114.29579917234356,Clear,36.403017782528245,6.113803338293235,0.0,Day
1,2023-03-03 15:00:00,41.565204191974104,-77.29434964893342,Cloudy,-6.470675527603056,8.419344989190424,0.0,Night
1,2023-03-03 16:00:00,43.26860082662712,-86.8111030194596,Rain,37.667679644181106,5.382936137085299,0.26124609950699457,Day
3,2023-03-03 17:00:00,30.142799683142716,-85.95880126172847,Clear,35.51006417810172,6.815275429423838,0.0,Day
2,2023-03-03 18:00:00,32.809724769650266,-80.6734211464696,Clear,-4.113384982855558,6.334453730747814,0.0,Day
1,2023-03-03 19:00:00,36.35241618848714,-95.47313314187942,Thunderstorm,-0.8207484457333063,6.146678175507076,0.28655743350019397,Day
4,2023-03-03 20:00:00,42.71762696179655,-106.64213997124287,Clear,5.579780072346145,5.304916585869706,0.0,Day
3,2023-03-03 21:00:00,42.5758789826029,-91.25339113172735,Clear,17.983302048259596,5.951915578624035,0.0,Day
2,2023-03-03 22:00:00,32.77710497960921,-114.56622725289563,Thunderstorm,-3.2761901960693365,7.231222050993507,0.32718703197601184,Day
3,2023-03-03 23:00:00,32.13363649643582,-86.25974473695177,Rain,0.01674766359434976,7.518707276336783,0.13072195324233737,Day
2,2023-03-04 00:00:00,42.52053652794798,-95.85295326346952,Rain,35.13376469698396,6.347523368948966,0.20347991310882335,Day
3,2023-03-04 01:00:00,38.121514410461316,-94.88345245352349,Fog,-4.534968461453711,0.8256978919076478,0.0,Day
3,2023-03-04 02:00:00,39.40154633804364,-110.70889529902382,Clear,9.943913256966972,6.6789666882848735,0.0,Day
1,2023-03-04 03:00:00,42.1380911199837,-117.93585859972495,Rain,28.150088882935435,6.8362291912481,0.16461826208600847,Night
2,2023-03-04 04:00:00,33.17619695380743,-89.43651077073322,Cloudy,34.42915584453691,8.913121670605538,0.0,Night
1,2023-03-04 05:00:00,32.0472719985711,-87.05845287579899,Snow,6.802128129834394,7.759833607124511,0.30091102961976934,Night
1,2023-03-04 06:00:00,42.88566394176234,-95.0854023795309,Cloudy,-1.7781247321216913,9.765874255970122,0.0,Day
4,2023-03-04 07:00:00,31.67661158874305,-81.71343570268073,Cloudy,26.850582954778076,6.796506006325691,0.0,Day
2,2023-03-04 08:00:00,31.322712760441146,-91.81418878711395,Cloudy,28.627887933658826,9.139202479972017,0.0,Day
3,2023-03-04 09:00:00,34.15612763425065,-77.59019915813928,Cloudy,39.00167220302721,8.691687679038825,0.0,Night
3,2023-03-04 10:00:00,34.75273290301115,-105.5940702543324,Rain,-3.0229074278297876,9.450944637209474,0.4474120501390018,Day
4,2023-03-04 11:00:00,33.61703031076802,-107.84458345484423,Cloudy,25.47104413346755,9.783956864615405,0.0,Day
3,2023-03-04 12:00:00,41.124349087503234,-106.94273333015812,Cloudy,10.864626886732761,5.038382590384105,0.0,Night
2,2023-03-04 13:00:00,44.600311691894845,-118.4740762368334,Cloudy,35.731471878372716,5.44148873933758,0.0,Day
2,2023-03-04 14:00:00,32.99387014086952,-74.96879637475766,Cloudy,10.391544216669288,8.371694106137543,0.0,Day
1,2023-03-04 15:00:00,41.7277828429822,-70.04067173764983,Rain,12.298018778133304,6.9509992984830316,0.4325845947321864,Day
2,2023-03-04 16:00:00,30.663633154021753,-79.17387252981742,Snow,-3.660170090663292,9.095625508713733,0.11434037833984796,Night
2,2023-03-04 17:00:00,31.783539906282314,-99.3701953255048,Rain,6.046839254543993,5.059899148330357,0.20138144502030972,Day
2,2023-03-04 18:00:00,37.72676125468443,-102.30332219444179,Fog,10.042023519614212,1.1146203302860775,0.0,Night
2,2023-03-04 19:00:00,44.99413304238338,-81.26587160660661,Snow,-9.124562281107453,5.676209991518261,0.08404399058374225,Day
4,2023-03-04 20:00:00,44.24048474672047,-94.50274455238895,Cloudy,11.878723422141448,6.45124521981314,0.0,Night
3,2023-03-04 21:00:00,31.679144102589,-73.02710751059797,Rain,6.815927563365314,9.845391001303774,0.1240584189518562,Day
2,2023-03-04 22:00:00,33.595303740688415,-106.0210177283981,Fog,30.1919867900246,1.5546607266488364,0.0,Day
2,2023-03-04 23:00:00,44.18687774585943,-103.80910067847041,Cloudy,-4.644369327710354,6.74520306226337,0.0,Day
1,2023-03-05 00:00:00,32.26085859053467,-70.05875446423656,Snow,28.01055634614456,5.422643878217532,0.16488977507358393,Day
1,2023-03-05 01:00:00,41.14183462841498,-71.09126180321763,Rain,25.700577163836705,9.268022030066842,0.3840361360889278,Day
3,2023-03-05 02:00:00,30.01662035111528,-75.74041224213249,Cloudy,2.089116389155297,8.515080612687115,0.0,Night
1,2023-03-05 03:00:00,39.47568154012759,-99.76856561899422,Clear,-5.836416582910145,9.001686939078645,0.0,Night
3,2023-03-05 04:00:00,37.419006327640844,-78.11936324866288,Cloudy,32.0916722877848,7.636397558809864,0.0,Day
2,2023-03-05 05:00:00,37.065379195751476,-105.83033983878849,Thunderstorm,2.471502137245672,6.788600098357357,0.06601781518617195,Day
1,2023-03-05 06:00:00,42.43787626130092,-107.26226646231771,Rain,-2.7219940146450874,5.01136809802563,0.4430416788858594,Night
1,2023-03-05 07:00:00,31.21101517871897,-92.67811709175274,Cloudy,7.951830095659606,6.389636560214571,0.0,Night
2,2023-03-05 08:00:00,35.659982158651474,-76.98685534112214,Fog,10.0441411829526,0.5095657535522522,0.0,Night
2,2023-03-05 09:00:00,36.69057817459949,-115.12633954799244,Cloudy,6.3043989890044045,8.321810182380418,0.0,Day
3,2023-03-05 10:00:00,31.85889839485825,-91.73470562081337,Cloudy,38.82405562534756,6.144687107293784,0.0,Day
3,2023-03-05 11:00:00,31.28499819561504,-89.51308215634613,Rain,34.04103346481751,5.694504231440671,0.3689410863575024,Night
2,2023-03-05 12:00:00,32.69421456836003,-91.0101119637543,Rain,33.64877482295444,6.0080743101493574,0.3022162815274903,Night
3,2023-03-05 13:00:00,33.61571587469706,-109.07513629711848,Clear,9.938379526038496,6.770380258455599,0.0,Day
2,2023-03-05 14:00:00,44.49090866185803,-116.79354276234314,Cloudy,38.14348198692467,5.741891456007381,0.0,Day
4,2023-03-05 15:00:00,37.13420566877524,-75.25040613390078,Cloudy,24.200764814584886,5.784086672105558,0.0,Day
1,2023-03-05 16:00:00,37.65433549008788,-91.27437974068286,Clear,31.59973343525384,5.218758500033776,0.0,Night
3,2023-03-05 17:00:00,40.604973074411035,-81.6047783397238,Cloudy,15.0437562527181,9.283625971772263,0.0,Day
2,2023-03-05 18:00:00,40.26400196705386,-101.77814993509102,Cloudy,-1.9691353400323823,6.0987931203037125,0.0,Night
1,2023-03-05 19:00:00,37.54166103169449,-117.87488649932496,Clear,34.344275249233824,9.109512195306436,0.0,Night
1,2023-03-05 20:00:00,35.09757591276764,-107.02173454074632,Cloudy,14.321336968608719,7.191546930686193,0.0,Day
2,2023-03-05 21:00:00,34.96577540381159,-116.331717030973,Clear,38.42774545425985,8.162189073568046,0.0,Day
1,2023-03-05 22:00:00,30.865661008342666,-116.08793747593657,Cloudy,2.7430505701262238,5.378510680790977,0.0,Night
1,2023-03-05 23:00:00,43.49445208908638,-109.27703275859412,Fog,39.618949571561224,1.491111558100766,0.0,Day
4,2023-03-06 00:00:00,41.54091785590135,-88.32109328625133,Rain,1.1212340986074523,6.449977015866509,0.04628767740354789,Day
3,2023-03-06 01:00:00,39.350148619522415,-79.11145405150049,Clear,8.408337901173471,5.476049765755978,0.0,Day
3,2023-03-06 02:00:00,35.94122614821337,-78.93214845363487,Clear,19.7008261462463,9.541162480839176,0.0,Day
3,2023-03-06 03:00:00,38.73698595976316,-73.11217355326735,Clear,24.666152959224753,8.018140211747454,0.0,Night
4,2023-03-06 04:00:00,37.27634707452899,-87.18092014928547,Cloudy,26.014108450320357,6.208538136220095,0.0,Night
2,2023-03-06 05:00:00,34.10902467718326,-119.00695292072055,Clear,13.812620446388628,7.0982400536120345,0.0,Night
1,2023-03-06 06:00:00,34.478591200620514,-101.12987824428438,Cloudy,-6.158652156794905,6.7845006703985264,0.0,Day
3,2023-03-06 07:00:00,43.11719559684083,-114.42697765628547,Clear,14.802407585805064,8.502898329289106,0.0,Night
3,2023-03-06 08:00:00,39.523621087138544,-81.12676263900921,Snow,6.734397626819813,8.03716588013747,0.2033242120387885,Night
2,2023-03-06 09:00:00,30.02133727113193,-114.01554478285037,Clear,22.88278045093616,5.098910880309434,0.0,Day
2,2023-03-06 10:00:00,34.90307647659462,-114.70387727122797,Clear,-0.8862207917144218,5.989134948023367,0.0,Day
2,2023-03-06 11:00:00,35.09918197088031,-118.58956841830197,Snow,9.695616237567641,7.390639861204308,0.10314185217392394,Day
4,2023-03-06 12:00:00,40.59503339177424,-72.22486090044026,Clear,38.30595770002666,7.227428961268953,0.0,Night
2,2023-03-06 13:00:00,40.50680013721667,-80.71449713484569,Clear,-5.5566300384848795,7.583374409717653,0.0,Day
4,2023-03-06 14:00:00,36.96232279507814,-103.33445911564786,Cloudy,20.116707897058014,8.574054166531573,0.0,Day
4,2023-03-06 15:00:00,44.26469119217092,-101.17803316011488,Cloudy,-5.467588547573213,8.410044992491136,0.0,Night
2,2023-03-06 16:00:00,43.08343754601219,-117.02857856438885,Rain,-2.1502172030020104,6.864067110709957,0.1458937609642816,Day
2,2023-03-06 17:00:00,42.99316072093532,-112.1041536986616,Clear,20.246719430652856,9.387908139692975,0.0,Night
2,2023-03-06 18:00:00,35.22398266457442,-104.4274313089865,Cloudy,12.199776128889319,5.314662852242594,0.0,Day
1,2023-03-06 19:00:00,36.46499683728644,-100.60660056336513,Clear,17.424949847508522,7.9225494755586325,0.0,Day
1,2023-03-06 20:00:00,36.28442886792484,-89.00117931648748,Clear,33.99360852975464,9.748427462847648,0.0,Night
3,2023-03-06 21:00:00,36.604003236959954,-102.4833824806015,Fog,30.862012125548624,0.8890493031162252,0.0,Day
2,2023-03-06 22:00:00,43.338161925163,-72.26997430828928,Rain,34.39907247142564,7.27553150406428,0.16965936535703124,Day
1,2023-03-06 23:00:00,33.736810493547,-102.86028950078129,Clear,20.812746041910614,5.669587943482123,0.0,Day
1,2023-03-07 00:00:00,42.03292606438985,-72.92023200160534,Cloudy,14.482158485700712,9.050945476358056,0.0,Day
4,2023-03-07 01:00:00,37.710599625671605,-83.50701540538715,Clear,12.959879089001095,6.86897445020456,0.0,Night
2,2023-03-07 02:00:00,33.73626278599924,-75.00512295888292,Fog,26.990427811122203,1.1575334802804744,0.0,Night
4,2023-03-07 03:00:00,37.90940668289331,-84.84214075365003,Clear,16.06499391624815,5.987734402035285,0.0,Night
2,2023-03-07 04:00:00,32.93162431011065,-91.57079814892926,Clear,-4.71156018688906,5.209316014660745,0.0,Day
2,2023-03-07 05:00:00,31.622689462605525,-94.5458608045874,Cloudy,-2.9030487970869343,6.527337262640003,0.0,Night
1,2023-03-07 06:00:00,42.57266126748077,-105.43309141433136,Cloudy,7.85413838569513,6.407069307284454,0.0,Day
2,2023-03-07 07:00:00,40.4898303514599,-105.09130067828045,Cloudy,-6.608831401440565,9.367376267636372,0.0,Day
2,2023-03-07 08:00:00,33.07468485320803,-108.8397077998286,Clear,1.9615609729965104,9.32336889292377,0.0,Night
1,2023-03-07 09:00:00,44.13442095387973,-100.72295855392639,Clear,22.820042660677323,7.669471113006903,0.0,Day
2,2023-03-07 10:00:00,30.365975600118738,-113.65134959578147,Cloudy,-9.378484385137671,5.094994727860968,0.0,Night
2,2023-03-07 11:00:00,34.99920280575272,-100.61974672652006,Clear,20.2046432790749,6.141623314602381,0.0,Day
2,2023-03-07 12:00:00,30.32479557737305,-78.31281265237679,Fog,28.61784616009151,1.1032384959104717,0.0,Night
3,2023-03-07 13:00:00,32.13446389934,-76.48538568860654,Clear,-1.4923124234451315,5.507042007151838,0.0,Day
2,2023-03-07 14:00:00,32.701190642451174,-87.85848135381984,Cloudy,-0.9515718398795698,8.503111323597235,0.0,Night
2,2023-03-07 15:00:00,42.15502301595851,-107.159509972345,Rain,-8.557181674325967,5.059811314793717,0.2951605734694043,Night
4,2023-03-07 16:00:00,44.895595058000765,-107.98252607382115,Clear,15.622501941673075,8.412683876846351,0.0,Day
3,2023-03-07 17:00:00,43.00980411916583,-106.10355478353493,Cloudy,22.72937784363586,9.222696214296898,0.0,Day
4,2023-03-07 18:00:00,39.52699483173057,-94.99803869896928,Snow,12.845479104230943,7.3460885982305815,0.4640236694001317,Day
2,2023-03-07 19:00:00,40.84385145086134,-71.17777605042842,Clear,9.472440481310588,9.145404950550187,0.0,Day
3,2023-03-07 20:00:00,37.84231491031028,-114.54077565158312,Fog,12.72064086468336,1.8510268224314175,0.0,Day
2,2023-03-07 21:00:00,36.33815409971988,-94.9743952784102,Cloudy,29.07641093623276,8.357095750838386,0.0,Night
1,2023-03-07 22:00:00,40.382533962636586,-85.88778192837755,Clear,-8.32428463273205,7.225746406989169,0.0,Night
3,2023-03-07 23:00:00,44.59675029014073,-107.71695498721395,Cloudy,29.19092804163042,6.359520222007469,0.0,Day
2,2023-03-08 00:00:00,30.433410635344753,-71.54438618651797,Clear,23.317105783339564,9.304319810844344,0.0,Night
1,2023-03-08 01:00:00,34.71127425486039,-102.54891355860525,Rain,2.071327707870994,8.242951898314741,0.11897180340089578,Night
1,2023-03-08 02:00:00,34.95089704510681,-73.38221942254984,Rain,16.23698631200911,8.990084176252882,0.4765651803535778,Day
3,2023-03-08 03:00:00,36.213762837301495,-90.13222848346123,Snow,-7.535466467377773,7.75983463864446,0.4797011831333855,Night
1,2023-03-08 04:00:00,39.40338220352173,-119.79602836630876,Thunderstorm,8.97943351696506,5.859332172469624,0.3651673730269114,Day
1,2023-03-08 05:00:00,37.70629743719552,-104.44439309501861,Rain,-1.297876046143255,9.897189697567683,0.44306003219747386,Night
2,2023-03-08 06:00:00,30.28093573538687,-118.92256776390201,Cloudy,-8.8849806989673,5.913693757288187,0.0,Day
1,2023-03-08 07:00:00,36.17414367578057,-100.92621349768763,Clear,7.854474888298295,9.556207505124517,0.0,Night
4,2023-03-08 08:00:00,39.29173056784955,-73.37329842699666,Cloudy,26.305620869721785,6.0406932302248695,0.0,Day
2,2023-03-08 09:00:00,37.57237087395726,-81.0491489818773,Clear,36.05109336792021,6.868747208732179,0.0,Day
2,2023-03-08 10:00:00,43.08092796271971,-88.99339345996663,Rain,23.11317565453249,7.2004172226871335,0.21506047449977891,Night
4,2023-03-08 11:00:00,35.978935060020305,-93.07239780348071,Cloudy,10.098506406519522,9.606879947640726,0.0,Day
2,2023-03-08 12:00:00,30.188380197403674,-101.37090384056452,Clear,39.97480562009388,9.440992854565316,0.0,Night
2,2023-03-08 13:00:00,34.27347776331748,-109.42301484346343,Clear,4.147175405010515,9.11610488976218,0.0,Night
3,2023-03-08 14:00:00,32.03508940453482,-116.87375410932258,Clear,-0.6434283645909726,6.883375737478671,0.0,Day
2,2023-03-08 15:00:00,33.75345485179238,-110.49266666375536,Cloudy,13.184113461295901,5.022466234144601,0.0,Night
2,2023-03-08 16:00:00,35.43132027055312,-102.42399586346278,Cloudy,15.245570772090385,8.407916600537597,0.0,Night
3,2023-03-08 17:00:00,40.14983478481733,-94.00044416852164,Cloudy,7.741169002166313,7.054769172326019,0.0,Night
3,2023-03-08 18:00:00,34.8625499294727,-109.77980521660716,Cloudy,24.774953952266003,8.785290964187178,0.0,Night
3,2023-03-08 19:00:00,43.261637625957995,-71.28357047157962,Rain,-0.8067794035891431,8.974260230417752,0.3402344799810101,Day
4,2023-03-08 20:00:00,34.493518640844485,-116.15749266468548,Clear,15.5169879875403,7.198617014587121,0.0,Day
3,2023-03-08 21:00:00,32.05400118212266,-115.26040981974697,Clear,15.006347925039414,8.740512826584741,0.0,Day
3,2023-03-08 22:00:00,32.53298126206384,-85.86988190398377,Cloudy,31.189321134081965,9.199686402598388,0.0,Day
3,2023-03-08 23:00:00,44.018697958229424,-82.2469210851383,Cloudy,36.34840993804024,9.6423806580075,0.0,Night
1,2023-03-09 00:00:00,36.822217069481376,-71.37742654687808,Clear,23.163293685532977,7.912276662446971,0.0,Day
2,2023-03-09 01:00:00,36.0468910209375,-93.47778892630808,Clear,5.268579516732055,8.892393845299413,0.0,Day
3,2023-03-09 02:00:00,31.033513216477893,-111.70330358688591,Clear,24.480550993414546,7.472824351048235,0.0,Night
2,2023-03-09 03:00:00,40.99981603172878,-73.10355226144043,Cloudy,2.5685564620250485,5.20831500214981,0.0,Night
1,2023-03-09 04:00:00,40.4197878866505,-70.98828032956092,Clear,38.32721952397688,5.776107138995917,0.0,Night
2,2023-03-09 05:00:00,35.63610824152137,-73.82430461595825,Cloudy,31.118105954135643,5.641122546198351,0.0,Night
2,2023-03-09 06:00:00,40.3764532452582,-76.41719107476061,Snow,11.559512773301897,5.858827950577394,0.13269566379416375,Night
2,2023-03-09 07:00:00,35.51177640770072,-116.12129477078726,Clear,29.21717585707981,5.051063748064216,0.0,Night
3,2023-03-09 08:00:00,31.097370320913665,-77.25634421126118,Thunderstorm,10.432782268095405,9.293534116325763,0.3802495525938443,Day
4,2023-03-09 09:00:00,41.07149065961664,-72.33865504966559,Cloudy,-6.269492061012607,7.800746599745062,0.0,Night
3,2023-03-09 10:00:00,44.47801940066559,-92.38427610785482,Cloudy,25.33844365003027,6.9157500150563385,0.0,Day
3,2023-03-09 11:00:00,39.72435792261124,-81.37060930176676,Rain,10.230691651422028,7.048894357884876,0.4449524512426588,Day
2,2023-03-09 12:00:00,34.14691852821533,-86.95521796792784,Rain,36.51599083919309,7.316755468594348,0.3226098949226761,Night
2,2023-03-09 13:00:00,34.04880428197355,-105.59709384256625,Cloudy,5.328060716464332,5.369417502097963,0.0,Night
2,2023-03-09 14:00:00,43.93466394730351,-90.6240095317224,Cloudy,32.16664107272967,6.373327057899601,0.0,Day
2,2023-03-09 15:00:00,34.54935461096681,-75.53132741161465,Clear,24.021892260338213,9.258132185460425,0.0,Day
1,2023-03-09 16:00:00,41.522883500742275,-95.18073597204543,Clear,32.66623080639456,8.718376181069923,0.0,Night
2,2023-03-09 17:00:00,39.643724734560195,-90.49273285817227,Clear,4.594093854677775,7.817027691269539,0.0,Day
2,2023-03-09 18:00:00,38.88902716883355,-93.4268137513114,Clear,13.067270165932207,7.4035199233498155,0.0,Day
2,2023-03-09 19:00:00,32.716123221031275,-105.87975613478861,Clear,31.156450561771507,6.294865924954497,0.0,Day
4,2023-03-09 20:00:00,30.51616568856787,-87.816844577066,Clear,22.190940959226673,7.356274848235527,0.0,Night
2,2023-03-09 21:00:00,37.33015696991833,-94.52649817731984,Rain,7.996094974766731,7.989276380334074,0.42243582495924425,Night
1,2023-03-09 22:00:00,44.82237910874677,-108.37270026116248,Fog,15.599781285465,1.5923333141112752,0.0,Night
2,2023-03-09 23:00:00,32.9363985635013,-75.23109238401739,Fog,39.80490471816378,1.9223655699539797,0.0,Night
2,2023-03-10 00:00:00,38.053080816586856,-72.49771030320213,Cloudy,27.092399770694094,9.065551342353887,0.0,Day
2,2023-03-10 01:00:00,40.06468941966826,-117.23136723591122,Rain,20.726132639001452,6.7290563851691125,0.28462452023358187,Night
1,2023-03-10 02:00:00,37.25516574783582,-88.88256215996934,Fog,31.39556902167579,1.5257708121975315,0.0,Day
2,2023-03-10 03:00:00,37.60400709895791,-99.24771548774022,Cloudy,12.101516938608505,8.039521582981664,0.0,Day
4,2023-03-10 04:00:00,39.91841256410391,-93.70228448541879,Clear,37.50320023233427,7.4404757811051665,0.0,Night
2,2023-03-10 05:00:00,42.223582455074585,-101.30851371125107,Fog,17.601061434784608,1.770199401222142,0.0,Day
4,2023-03-10 06:00:00,34.999314202236455,-96.28207582060242,Cloudy,6.343607481314425,5.557617323414356,0.0,Night
3,2023-03-10 07:00:00,43.48912847426573,-103.8283033095174,Cloudy,-5.699001121418386,7.160777275543175,0.0,Night
1,2023-03-10 08:00:00,37.2735130932454,-114.11983610520998,Clear,8.784760962361176,6.402337354681132,0.0,Day
3,2023-03-10 09:00:00,39.92816208261999,-104.89836816878265,Clear,18.43191885182852,5.430130769434351,0.0,Day
2,2023-03-10 10:00:00,31.59770451123658,-86.48338681671032,Snow,25.162406936662208,5.9582461281599715,0.40025346573182324,Night
1,2023-03-10 11:00:00,37.38718929566724,-117.4809238734008,Cloudy,33.75583464555366,8.012222832137292,0.0,Night
2,2023-03-10 12:00:00,30.241596692360115,-100.86338069330452,Clear,37.19804176619074,5.983432013257252,0.0,Day
3,2023-03-10 13:00:00,35.86537108260059,-117.8850416485899,Clear,-4.8773076909436135,5.905320050595467,0.0,Night
1,2023-03-10 14:00:00,30.8172630085342,-102.18668657304376,Cloudy,20.04524929989074,7.764152161933182,0.0,Night
4,2023-03-10 15:00:00,43.45471256483368,-115.61941542451414,Cloudy,23.329482458151297,9.523512533534927,0.0,Day
3,2023-03-10 16:00:00,40.09207681309553,-103.01799513263504,Clear,-1.396809150332059,8.94346425319915,0.0,Day
4,2023-03-10 17:00:00,41.87814534344647,-78.09561526691101,Fog,17.280034013170752,1.2726274140764515,0.0,Day
2,2023-03-10 18:00:00,37.01519226704126,-89.32956492324918,Clear,6.741681779013756,7.914901011482575,0.0,Day
4,2023-03-10 19:00:00,42.77846607668652,-85.8852787853344,Clear,-6.1291334007043305,7.049647802293036,0.0,Day
2,2023-03-10 20:00:00,43.09560884726535,-94.80999361367033,Rain,-6.70670044164289,8.648206827709718,0.3388341855030002,Night
1,2023-03-10 21:00:00,35.35227359763033,-73.88091493067175,Clear,27.960649022162507,6.3068201409132545,0.0,Day
3,2023-03-10 22:00:00,35.652823625893994,-92.94206808980688,Snow,20.77277259360108,5.390269790027019,0.3871221137277921,Night
3,2023-03-10 23:00:00,37.623610630311006,-114.78529559331398,Rain,25.756083911518424,6.723073963655678,0.3059688183218373,Night
2,2023-03-11 00:00:00,30.633652425631826,-73.34484696854766,Rain,24.263907726819667,6.496183487435087,0.4954077730502698,Day
2,2023-03-11 01:00:00,44.93652445446699,-113.34683160325966,Clear,-3.2843850110406656,8.37769463908571,0.0,Night
1,2023-03-11 02:00:00,35.38771850989986,-70.04148290934596,Clear,-2.4217371738136233,7.756813394059072,0.0,Day
2,2023-03-11 03:00:00,37.06264970035089,-98.23078690920975,Clear,2.624186210355825,5.691314920278928,0.0,Night
2,2023-03-11 04:00:00,41.32135617201977,-116.32572664573402,Cloudy,9.955029348234486,9.542520898852349,0.0,Day
2,2023-03-11 05:00:00,34.46270251388057,-76.79489472714354,Rain,36.9588112468816,7.966694702524021,0.4168138587197436,Day
2,2023-03-11 06:00:00,33.02447135331542,-115.3558549251758,Snow,23.694618069147218,7.288421127118884,0.32119926336741805,Night
4,2023-03-11 07:00:00,31.91175181472621,-111.27838394940939,Rain,2.7585967225017303,9.685974635593269,0.4534630327471672,Night
2,2023-03-11 08:00:00,37.92025963621915,-99.13264739827838,Fog,-7.200794908633004,1.9215460828802178,0.0,Day
3,2023-03-11 09:00:00,30.082474312541333,-86.19068645109215,Rain,24.211196540318653,8.947964690698589,0.19176777674042006,Day
4,2023-03-11 10:00:00,40.64281036505744,-113.94299917930421,Clear,21.265923540802603,6.823327528600046,0.0,Night
2,2023-03-11 11:00:00,36.920842507036554,-88.8687408044897,Clear,23.78817091810685,8.476948754619858,0.0,Day
1,2023-03-11 12:00:00,37.977342384720444,-80.98068089984119,Rain,3.05898270292899,9.653627138238393,0.06076260349876495,Day
1,2023-03-11 13:00:00,33.94806973338521,-113.82519479267562,Clear,15.848160861268166,7.588565402427086,0.0,Day
3,2023-03-11 14:00:00,32.67379582482844,-87.62146940041009,Clear,8.08514006957445,5.1131941171437365,0.0,Day
1,2023-03-11 15:00:00,40.49984506871114,-72.05620592373516,Cloudy,30.88494694728726,5.144241150861689,0.0,Day
2,2023-03-11 16:00:00,33.15410300439546,-71.63024819287313,Snow,-6.530166894066605,6.652804095426882,0.3264590774392792,Night
1,2023-03-11 17:00:00,41.701289376262146,-111.91686981147363,Clear,3.7720894720817952,8.90829109697531,0.0,Night
1,2023-03-11 18:00:00,33.05508779267612,-82.01479567187883,Rain,20.14768720851845,6.441306715367913,0.4590189023037739,Night
2,2023-03-11 19:00:00,39.19024654582123,-77.66837826260749,Snow,0.2611888537010749,6.672343004431088,0.20896151545857083,Day
4,2023-03-11 20:00:00,39.65808096096162,-75.55183809705429,Cloudy,23.63567179864372,8.922303565987843,0.0,Night
2,2023-03-11 21:00:00,37.5846838653225,-103.8159290721201,Clear,-3.16137483999235,5.5809458695964045,0.0,Day
4,2023-03-11 22:00:00,44.95186147910944,-106.49407752669764,Clear,-8.859385406264844,9.234064809814427,0.0,Day
4,2023-03-11 23:00:00,35.63764516879144,-117.60694674208217,Rain,33.17472664225601,6.3289625777705325,0.45266611803758144,Day
1,2023-03-12 00:00:00,43.249817177332424,-100.02641095601967,Rain,6.672220070364013,5.256115355144541,0.12325412316693907,Night
2,2023-03-12 01:00:00,32.53842288507466,-113.80217755478246,Fog,-2.157550846948383,0.824754013520794,0.0,Night
3,2023-03-12 02:00:00,35.05816308680709,-80.68713424156016,Cloudy,-1.3645487127100093,9.76277443369412,0.0,Night
3,2023-03-12 03:00:00,32.180506813457065,-112.85167140657192,Clear,34.29476970172824,7.256619775219342,0.0,Night
2,2023-03-12 04:00:00,39.054367820259245,-79.0547325081886,Clear,22.721570307340606,6.28219052999229,0.0,Day
4,2023-03-12 05:00:00,39.57385950213521,-114.61932192626446,Rain,37.8173133295045,7.606354750895976,0.15823800519030923,Day
1,2023-03-12 06:00:00,36.802559767695186,-95.96922603694338,Clear,30.002016168895317,8.411733266969001,0.0,Night
1,2023-03-12 07:00:00,40.80241574478011,-100.76828709884177,Clear,28.377134251408464,6.593992040220346,0.0,Day
2,2023-03-12 08:00:00,43.01478681761989,-89.9228107691201,Cloudy,14.991032978754113,8.62635601580512,0.0,Day
2,2023-03-12 09:00:00,41.64838965166419,-94.06140716774236,Clear,31.04024493530727,6.26126025453601,0.0,Day
1,2023-03-12 10:00:00,33.624935353868416,-90.06867369224513,Clear,10.632626922092584,5.561686160220203,0.0,Day
2,2023-03-12 11:00:00,34.80598882526218,-119.9518157397968,Cloudy,31.350024851617725,7.748541101845474,0.0,Day
1,2023-03-12 12:00:00,35.7041483106858,-113.62481913401261,Clear,27.88706458435614,5.7555933794706515,0.0,Night
2,2023-03-12 13:00:00,33.05649389298,-94.14399076242867,Clear,23.92193127980255,9.7024243934957,0.0,Day
3,2023-03-12 14:00:00,35.41854354857128,-108.51669481566793,Rain,6.485809298172832,5.002245140659253,0.23236979772494154,Night
3,2023-03-12 15:00:00,33.57068515290473,-116.18414226625106,Snow,21.535581865428007,8.778480499832732,0.3188391793532081,Night
2,2023-03-12 16:00:00,44.935917831880026,-109.11494576561024,Clear,15.339381238753962,6.397366019784554,0.0,Day
2,2023-03-12 17:00:00,41.74875510582609,-81.00702209094231,Rain,13.077143346295486,9.230434308861835,0.03562982832082734,Night
2,2023-03-12 18:00:00,42.9002560501666,-92.91529534825136,Clear,39.51231666917378,5.300754418701876,0.0,Day
1,2023-03-12 19:00:00,43.83220345275991,-110.49615579216956,Cloudy,15.219891491523505,9.765002991497857,0.0,Day
2,2023-03-12 20:00:00,39.975014873974864,-119.20108139869505,Fog,-8.400689729816648,1.8431953366384604,0.0,Night
1,2023-03-12 21:00:00,32.63964851382847,-102.12022031801622,Rain,21.323393454094706,8.939413775177227,0.23107227898130242,Night
3,2023-03-12 22:00:00,41.377891042133136,-102.1265204098791,Snow,26.400542251381893,7.5867110681780225,0.43416241776794007,Day
4,2023-03-12 23:00:00,30.234171999407778,-83.24373956780451,Clear,34.2591934658372,7.1519739593879255,0.0,Day
2,2023-03-13 00:00:00,31.698456588159882,-74.02819092869359,Clear,21.634236336141345,6.4007789295513575,0.0,Day
3,2023-03-13 01:00:00,30.443766874702465,-101.39929705158326,Fog,-9.027144140074558,1.564709133355985,0.0,Night
1,2023-03-13 02:00:00,32.03167674421693,-85.5933659503382,Clear,-4.012783209440398,5.99875698766475,0.0,Day
2,2023-03-13 03:00:00,41.28006359461717,-88.25472312082215,Clear,-1.937997542099314,8.606206374964296,0.0,Day
3,2023-03-13 04:00:00,43.28220852798215,-98.89598577827275,Rain,0.563067651342184,7.228958255140032,0.10457594565308735,Night
2,2023-03-13 05:00:00,34.18260420692742,-116.70549597540415,Snow,29.988844857750152,9.99247503573635,0.4029623624610596,Night
1,2023-03-13 06:00:00,31.786907948776392,-96.32677494478159,Fog,5.488002500458576,1.008131168336543,0.0,Day
3,2023-03-13 07:00:00,34.09439532984616,-102.29307221865083,Clear,5.618116138543032,5.520948019118842,0.0,Day
3,2023-03-13 08:00:00,39.70670628664507,-92.49028070746559,Fog,27.779372048886408,1.3569776536791909,0.0,Day
3,2023-03-13 09:00:00,35.25304560419412,-113.73014607662854,Clear,10.621828726067804,5.3314949019259785,0.0,Day
3,2023-03-13 10:00:00,44.41719036199335,-83.78800985172882,Clear,-6.76802340230985,6.428278171945573,0.0,Night
4,2023-03-13 11:00:00,31.96468194654631,-80.61247830706614,Cloudy,19.25632228803175,6.716583974405523,0.0,Day
1,2023-03-13 12:00:00,44.8551378569162,-100.57691792284585,Clear,-3.4966156747674972,9.265883041698014,0.0,Day
1,2023-03-13 13:00:00,30.18677537171715,-111.23620695510698,Clear,18.583213998458955,9.189937383037678,0.0,Day
2,2023-03-13 14:00:00,36.77539448593472,-88.82109943736722,Rain,28.981905381095018,5.057786099917006,0.18223869656455802,Day
1,2023-03-13 15:00:00,33.777176597709136,-72.20940162130549,Clear,36.47448186636366,7.661393075025462,0.0,Day
2,2023-03-13 16:00:00,38.49428203687521,-84.97484152851476,Clear,-6.647369652538067,6.117718778016412,0.0,Day
2,2023-03-13 17:00:00,31.44826247971608,-113.82588830151926,Clear,5.198329188124532,6.600465490227778,0.0,Night
2,2023-03-13 18:00:00,43.137343126935434,-100.13899509161092,Cloudy,22.623199150398335,5.108256427627676,0.0,Night
1,2023-03-13 19:00:00,32.04789600616945,-74.2315576355096,Cloudy,5.772650142239458,8.748729327226565,0.0,Day
4,2023-03-13 20:00:00,38.81083998659177,-88.2788691171955,Rain,12.551280559651932,9.752948878762007,0.4426337982584827,Night
1,2023-03-13 21:00:00,30.50020294581815,-112.64239019159245,Rain,-8.995456872785198,6.096335201569259,0.29039926402454114,Day
2,2023-03-13 22:00:00,34.66488145710615,-83.77039000693568,Cloudy,24.674900308092006,6.708864335239163,0.0,Night
3,2023-03-13 23:00:00,32.24584353415117,-102.32406054999817,Snow,34.16400657560064,6.032169973649321,0.24229146628370096,Night
3,2023-03-14 00:00:00,44.66769968617551,-95.52328039219233,Clear,38.84298239064774,9.650243318207643,0.0,Day
2,2023-03-14 01:00:00,30.180320514456135,-99.24767196157063,Clear,31.52666744778815,5.046779839537134,0.0,Day
1,2023-03-14 02:00:00,35.28593010769441,-83.71516981225902,Snow,-8.41118687880609,7.919311406455176,0.28179895889516454,Day
2,2023-03-14 03:00:00,34.54164116004375,-109.10469337117343,Clear,22.592698408840477,9.35381980561075,0.0,Night
1,2023-03-14 04:00:00,39.8606038737263,-100.58151101219454,Thunderstorm,14.782962315693492,5.9315358705767345,0.22913793974915853,Day
1,2023-03-14 05:00:00,30.845669501205677,-82.77271407690989,Cloudy,36.89477466069577,7.949976456810411,0.0,Night
2,2023-03-14 06:00:00,42.15926657515893,-84.76086031601626,Rain,35.10694323469926,5.253240524324425,0.3067808588648543,Night
2,2023-03-14 07:00:00,36.997856950602234,-109.91278616237398,Cloudy,39.40230871911036,9.072925667839048,0.0,Night
2,2023-03-14 08:00:00,36.79158856141943,-102.4668030368545,Cloudy,33.096711213084134,6.37214561386469,0.0,Night
2,2023-03-14 09:00:00,33.401848205731035,-119.28179876029947,Clear,17.344606692857532,9.943767085976305,0.0,Night
4,2023-03-14 10:00:00,37.35070150954735,-93.49137400816696,Rain,25.745025770505286,9.610048102448884,0.24933161162210613,Day
4,2023-03-14 11:00:00,35.458401830030354,-105.95292988964057,Cloudy,38.233861818327,8.662579849663569,0.0,Night
2,2023-03-14 12:00:00,33.67704654378403,-119.40670416543632,Fog,18.905836388329625,1.4721216122235554,0.0,Day
1,2023-03-14 13:00:00,32.5300040763219,-98.76474967539457,Clear,31.99895935061317,8.832945559304509,0.0,Day
2,2023-03-14 14:00:00,40.92503351810267,-73.65651441608757,Clear,37.110493806102994,5.653045237713811,0.0,Night
1,2023-03-14 15:00:00,32.130644600149594,-73.82994171689381,Clear,18.526884562439697,6.550998198070856,0.0,Day
2,2023-03-14 16:00:00,32.51972994211331,-101.39485731746295,Cloudy,-2.0422876959911545,5.134481942884285,0.0,Day
2,2023-03-14 17:00:00,38.65607020894938,-97.54110592155506,Fog,-2.2218303429892803,1.6731975866867845,0.0,Night
2,2023-03-14 18:00:00,33.39116260983356,-107.86592682634502,Clear,-4.2341412916020085,9.027688190407572,0.0,Night
2,2023-03-14 19:00:00,36.89064685265809,-116.58461111379532,Rain,13.816159013747011,9.731427767565838,0.08992934677488562,Night
1,2023-03-14 20:00:00,38.29376029209669,-85.30366586063741,Clear,14.007078913637713,8.432535925251205,0.0,Night
2,2023-03-14 21:00:00,34.116446354727465,-79.99736465917843,Cloudy,20.86855941856019,8.660456201113647,0.0,Day
2,2023-03-14 22:00:00,35.15331376304251,-75.99476793198369,Fog,14.143640706037328,1.8266862133407697,0.0,Day
2,2023-03-14 23:00:00,33.153102405785184,-73.23563544335136,Clear,38.652750774201245,9.68189014429063,0.0,Day
2,2023-03-15 00:00:00,36.90636733743439,-74.20183170478671,Cloudy,4.565541029947649,7.456487749348529,0.0,Day
2,2023-03-15 01:00:00,44.88599864006105,-118.63082879411994,Thunderstorm,33.690831277232704,5.548936948541371,0.28348933176744173,Day
2,2023-03-15 02:00:00,35.44067851302425,-71.0952545860176,Fog,-4.983478619140266,1.9803844347554003,0.0,Night
2,2023-03-15 03:00:00,39.799955688653085,-101.02489891934741,Cloudy,20.09588390183653,7.780369314361449,0.0,Night
1,2023-03-15 04:00:00,39.53841676528997,-75.69461575801026,Cloudy,22.416260867976675,8.15772385697772,0.0,Night
1,2023-03-15 05:00:00,41.797227492737115,-97.96198998739297,Clear,28.61150632882255,9.946422786546368,0.0,Day
2,2023-03-15 06:00:00,40.67877655875648,-98.89047444875041,Cloudy,15.151110647260033,9.587816076453853,0.0,Day
1,2023-03-15 07:00:00,30.176696009580255,-119.44046930219149,Snow,-0.13868564873487266,6.981821013728642,0.46158478383214385,Day
2,2023-03-15 08:00:00,34.63825638755509,-117.3779276300109,Rain,8.449880628172,5.567268431353549,0.2147182430221455,Night
3,2023-03-15 09:00:00,43.053502168168805,-86.43604674799312,Clear,3.608075824781462,6.073957991113355,0.0,Night
4,2023-03-15 10:00:00,38.093253278656874,-73.11796962867473,Clear,10.955275781760115,5.868998114167103,0.0,Day
4,2023-03-15 11:00:00,31.563361292829853,-108.77998666534046,Clear,16.49841538563501,6.780063635744983,0.0,Day
1,2023-03-15 12:00:00,34.14205331511194,-115.30404853068501,Clear,21.253514568862467,9.382446419726161,0.0,Night
4,2023-03-15 13:00:00,34.25079172938872,-109.30714835075653,Clear,32.25609724583812,7.189842530743596,0.0,Day
2,2023-03-15 14:00:00,43.09766031586635,-109.38400767175835,Cloudy,35.50051605301778,7.836386856989286,0.0,Night
2,2023-03-15 15:00:00,38.301019066058814,-105.34321982411836,Clear,13.129064245068392,5.895834374193575,0.0,Night
1,2023-03-15 16:00:00,39.124854312680995,-115.2628266227672,Clear,-5.566428132187303,7.4642414049219825,0.0,Day
3,2023-03-15 17:00:00,35.50597035900062,-108.22366440141894,Cloudy,29.85325948008603,9.368138607001459,0.0,Night
1,2023-03-15 18:00:00,30.904655760365983,-73.93625828335685,Clear,13.857886257019501,8.867316317590383,0.0,Night
3,2023-03-15 19:00:00,31.128724244951677,-75.48903812753147,Clear,17.322330068563055,5.405953578995108,0.0,Day
1,2023-03-15 20:00:00,36.305738124416415,-104.18478296395433,Clear,19.78970699864692,9.310361343750575,0.0,Night
2,2023-03-15 21:00:00,32.662408176143934,-70.15532710724354,Clear,23.39338793709951,6.369140487099632,0.0,Day
2,2023-03-15 22:00:00,31.56393839301593,-105.08234462592202,Cloudy,34.50504300162539,8.328581246699837,0.0,Day
1,2023-03-15 23:00:00,33.933653172467686,-83.90850904608251,Clear,37.60730976050955,5.731914525713656,0.0,Day
1,2023-03-16 00:00:00,41.13069540901015,-87.79955889730454,Rain,37.00846595291434,8.373221850429012,0.44985748958927785,Day
2,2023-03-16 01:00:00,31.09527456595694,-116.77229272766357,Fog,30.473182614151717,1.000274486582689,0.0,Night
1,2023-03-16 02:00:00,36.72338863856769,-102.8851576997651,Rain,34.46211267919014,8.00322350535109,0.18750076150638623,Day
2,2023-03-16 03:00:00,42.39130739346043,-72.42501911031144,Cloudy,-7.517261552582102,8.22970085380672,0.0,Night
2,2023-03-16 04:00:00,34.018872227107934,-117.45665333602724,Fog,32.45563332273288,1.2812972357693178,0.0,Night
3,2023-03-16 05:00:00,34.528113228456185,-111.25578375170869,Rain,-6.386738157298773,9.6848804485524,0.20778140786372723,Day
2,2023-03-16 06:00:00,43.263109179060045,-71.45271120646402,Clear,27.309695379315336,5.229861936002397,0.0,Day
1,2023-03-16 07:00:00,39.7500537039564,-118.01036200753124,Clear,-1.5318189203167591,9.458546633924694,0.0,Night
2,2023-03-16 08:00:00,41.965681427007205,-97.66963258327665,Fog,8.005522290597213,1.8162430093217168,0.0,Night
1,2023-03-16 09:00:00,34.33806324815753,-74.08244805183226,Clear,-0.7908160422869432,8.569573708512529,0.0,Day
4,2023-03-16 10:00:00,44.951692863140394,-72.81606057285055,Clear,12.173081831863872,8.257742136739678,0.0,Night
3,2023-03-16 11:00:00,32.11344554864966,-71.03395542099508,Rain,10.587372190831005,5.841231080139978,0.462045956737885,Day
2,2023-03-16 12:00:00,44.42905631406428,-95.93393692354803,Snow,-7.596857801362807,6.594996377949293,0.04989078486319297,Day
1,2023-03-16 13:00:00,43.5314867872753,-115.67600060842669,Clear,31.524897255137496,7.648367404562669,0.0,Night
3,2023-03-16 14:00:00,38.27841973657814,-81.36483591813835,Cloudy,32.70932478972126,9.232551351923034,0.0,Night
3,2023-03-16 15:00:00,38.77944719935721,-84.5508263951372,Clear,29.375362200249782,9.774300379677344,0.0,Day
3,2023-03-16 16:00:00,41.62571817715919,-91.01933026150986,Rain,32.38033016156344,5.102933166686209,0.03922239757924419,Day
3,2023-03-16 17:00:00,34.60173159288091,-75.58820641857233,Clear,27.54395176556463,6.762791277355043,0.0,Night
2,2023-03-16 18:00:00,37.912046730817735,-74.42149555066098,Clear,36.87422226865719,8.340719622912314,0.0,Night
1,2023-03-16 19:00:00,43.53563690594257,-85.837786337321,Snow,18.819612509990257,7.638647166213335,0.3023532079673925,Night
2,2023-03-16 20:00:00,31.023735558522915,-114.39500263969359,Cloudy,19.13212732930931,9.715110579283795,0.0,Night
2,2023-03-16 21:00:00,43.58293004035829,-115.223741354319,Rain,32.99549542125957,5.084847172679739,0.192999600271694,Night
2,2023-03-16 22:00:00,40.93166908933871,-99.56851239268674,Cloudy,7.470777335929839,7.188696993088179,0.0,Night
2,2023-03-16 23:00:00,41.547672434092014,-105.36497007276726,Clear,-7.4958822898714494,8.344019239023112,0.0,Night
1,2023-03-17 00:00:00,30.97077154550649,-113.35084077875901,Cloudy,27.492769769908136,6.08791856933978,0.0,Night
2,2023-03-17 01:00:00,32.81635003357466,-89.44045894037998,Clear,2.729458970518131,8.629356930574742,0.0,Day
2,2023-03-17 02:00:00,43.87892698998613,-85.82350980182318,Clear,13.711790601498013,5.406143141106543,0.0,Night
1,2023-03-17 03:00:00,31.860771727097,-85.10158683775208,Clear,2.0219917837249604,7.255192647406577,0.0,Night
2,2023-03-17 04:00:00,39.46774283367504,-111.23613706146423,Rain,31.354542601409925,8.381174780953524,0.3438894594188345,Day
3,2023-03-17 05:00:00,41.74038824538807,-104.70780964426702,Fog,37.91464825397385,1.8275913143054219,0.0,Night
3,2023-03-17 06:00:00,33.46923036756869,-110.04735482176507,Thunderstorm,-7.248844819970609,5.369232088376314,0.369591336400727,Day
2,2023-03-17 07:00:00,40.48185316927166,-89.93328844110096,Cloudy,1.6685815731834168,9.785108048997214,0.0,Day
2,2023-03-17 08:00:00,30.983647699428616,-91.64592823290617,Clear,-0.5218938092344931,9.569115143976314,0.0,Day
1,2023-03-17 09:00:00,37.48152604563964,-94.83432814525459,Cloudy,23.660175637073323,9.631849558058665,0.0,Day
2,2023-03-17 10:00:00,35.01649676624537,-105.19717207246593,Snow,11.433919988767109,9.89251191648864,0.3780016909778229,Day
2,2023-03-17 11:00:00,39.68613026038043,-108.14735366014341,Clear,12.813083175711373,5.923490272056858,0.0,Day
2,2023-03-17 12:00:00,43.33507269106644,-75.47960838719641,Thunderstorm,-2.146045780982849,5.788879988962226,0.43589532960319805,Day
3,2023-03-17 13:00:00,31.882363771849825,-117.55730217035611,Clear,10.736732076489776,5.171072931038385,0.0,Day
2,2023-03-17 14:00:00,36.75461478708342,-87.18008105557672,Thunderstorm,5.161414031169123,9.459113938088912,0.18142112249829856,Night
1,2023-03-17 15:00:00,36.3479070975527,-119.02115094848607,Snow,20.559545733533927,8.763814205679761,0.49913951779300064,Day
1,2023-03-17 16:00:00,34.856928575908825,-110.30809361618492,Snow,0.8619114368380671,8.16631205559247,0.24641129126513206,Day
2,2023-03-17 17:00:00,37.20250148251049,-105.52582655685252,Clear,20.74056705630237,9.638380795930686,0.0,Day
2,2023-03-17 18:00:00,43.210927167734496,-75.67570153693788,Clear,8.887259592946247,7.875383072462485,0.0,Day
3,2023-03-17 19:00:00,44.60492900648774,-113.11325332136647,Clear,7.314728101419817,5.64865376362774,0.0,Night
2,2023-03-17 20:00:00,30.042643310757754,-73.10967222926358,Clear,5.277831708050682,5.8843223746750395,0.0,Day
2,2023-03-17 21:00:00,41.08547314669689,-79.22718478822013,Clear,23.691674701291497,5.660919651690483,0.0,Night
2,2023-03-17 22:00:00,39.22621800469531,-86.04767879416042,Cloudy,18.120920271648792,6.538290063615163,0.0,Day
2,2023-03-17 23:00:00,44.91768220779518,-99.41269268996155,Cloudy,32.58608500010709,6.897484165568069,0.0,Night
2,2023-03-18 00:00:00,31.348970938330044,-74.73715614384439,Cloudy,2.0805088787694963,8.984195323423437,0.0,Night
2,2023-03-18 01:00:00,42.17019452366554,-93.60224850955747,Cloudy,-7.9940210294377225,5.956269557226717,0.0,Night
2,2023-03-18 02:00:00,44.00892269182949,-101.43962360300964,Clear,-0.8988259081044969,8.62682576421851,0.0,Night
1,2023-03-18 03:00:00,43.68173447884226,-90.71880049676959,Thunderstorm,7.16781821644382,7.456142510572539,0.2654537020011999,Day
3,2023-03-18 04:00:00,38.408590563267225,-108.38661753131817,Clear,-1.0172504845740686,9.998299605641364,0.0,Day
2,2023-03-18 05:00:00,34.91334217525076,-106.3560911390489,Cloudy,-5.8244661246819955,8.882912305224345,0.0,Day
1,2023-03-18 06:00:00,39.59855755546326,-74.03427459942954,Cloudy,12.266923658478433,9.844764943266464,0.0,Day
1,2023-03-18 07:00:00,34.591079928348506,-80.30365792360325,Snow,23.846683187621963,6.711757508176642,0.08630574584243932,Day
1,2023-03-18 08:00:00,36.184038889506,-94.3249635414444,Clear,27.578538347698874,5.615250965831289,0.0,Day
2,2023-03-18 09:00:00,36.68587477187789,-99.17163043841134,Cloudy,9.936366235930176,7.52947902572603,0.0,Night
1,2023-03-18 10:00:00,34.52925264621895,-79.62150304958878,Cloudy,13.902229727352413,5.62119736931737,0.0,Night
1,2023-03-18 11:00:00,35.12741047116037,-91.46818333205033,Clear,27.77352466874003,7.462258524310323,0.0,Day
2,2023-03-18 12:00:00,30.10969678450777,-99.24831332219944,Cloudy,7.635391515417254,6.349705130876902,0.0,Night
2,2023-03-18 13:00:00,34.45618295642472,-94.22756040021363,Fog,29.238310563398635,1.221885997786331,0.0,Day
1,2023-03-18 14:00:00,37.084580612400124,-108.3645378068507,Thunderstorm,38.368803279948494,9.748181018109829,0.41339230531296994,Night
2,2023-03-18 15:00:00,32.59511055326041,-109.90150586480749,Clear,34.02403116706902,6.445170321117486,0.0,Night
3,2023-03-18 16:00:00,42.08376865279502,-70.54546104920385,Clear,12.679766834351355,9.967170246847806,0.0,Night
4,2023-03-18 17:00:00,38.06455533192863,-71.52040894234749,Clear,18.975924744446242,6.146647347020427,0.0,Night
2,2023-03-18 18:00:00,41.90821002269224,-98.95864454965036,Clear,25.821319332803327,6.040541894985167,0.0,Night
1,2023-03-18 19:00:00,31.92155148557087,-94.23692340901017,Clear,7.465022121809039,7.723942614995947,0.0,Night
3,2023-03-18 20:00:00,42.307668866379316,-78.64029311089256,Clear,29.961904998814298,9.210224691580429,0.0,Day
2,2023-03-18 21:00:00,44.373943907792054,-83.70821724582518,Thunderstorm,11.845849764026546,8.747517595908715,0.01469714869331913,Day
1,2023-03-18 22:00:00,35.28680979054893,-115.02253832502308,Fog,32.3420779050217,1.29522548043187,0.0,Day
3,2023-03-18 23:00:00,34.25928606701357,-101.26944728593969,Clear,2.7366947463032734,6.4131647057606544,0.0,Day
2,2023-03-19 00:00:00,39.70247314255717,-107.49243783842806,Clear,-9.431097183358386,5.112583880351619,0.0,Day
4,2023-03-19 01:00:00,39.53871165813607,-70.3684904160257,Cloudy,21.63441979861875,5.8087414507212625,0.0,Night
3,2023-03-19 02:00:00,31.687020583563218,-82.5649205783956,Clear,12.594455874656283,6.7473665056958625,0.0,Day
2,2023-03-19 03:00:00,43.901381770511776,-117.61173954251183,Cloudy,-7.008844149121987,9.858418752851003,0.0,Day
3,2023-03-19 04:00:00,37.1858423305674,-74.99810167004318,Cloudy,14.380617653653779,9.598887289869397,0.0,Day
2,2023-03-19 05:00:00,41.466246220358926,-73.60208101005139,Fog,-1.5715077289242565,1.2971228606120815,0.0,Day
2,2023-03-19 06:00:00,35.38976514275354,-103.33655118566526,Rain,21.487458134053163,8.628112389923478,0.06866648185994795,Night
3,2023-03-19 07:00:00,33.92304962933663,-87.9011119054311,Cloudy,12.25227888224623,7.895084284516907,0.0,Day
2,2023-03-19 08:00:00,31.669078441287034,-85.89805038308378,Rain,-1.4437624047524054,5.249213250438631,0.15296003259958668,Day
3,2023-03-19 09:00:00,34.11778072144441,-83.52261892030492,Clear,10.596947360604151,6.858528056492949,0.0,Night
3,2023-03-19 10:00:00,44.90146718289444,-85.32463634579042,Cloudy,1.6354404088734373,7.430368701829513,0.0,Night
4,2023-03-19 11:00:00,39.869402758249706,-92.01409957975305,Cloudy,22.654839023645735,8.337870616750509,0.0,Day
3,2023-03-19 12:00:00,42.04173495063854,-72.30780447210522,Clear,4.757168702286517,6.474525580072218,0.0,Day
2,2023-03-19 13:00:00,44.37763692830226,-94.38129139361602,Clear,31.10086750256515,9.669093145272411,0.0,Day
1,2023-03-19 14:00:00,31.18487027693876,-114.45433858866015,Clear,-9.291839725424385,7.259395283518348,0.0,Night
3,2023-03-19 15:00:00,32.4704163860249,-115.97872584134186,Fog,10.17089882711474,1.4225222875506236,0.0,Night
1,2023-03-19 16:00:00,43.91948537991427,-119.08116903855806,Clear,20.854022779398555,6.582140436236239,0.0,Night
1,2023-03-19 17:00:00,38.46830522489921,-98.60383065678654,Clear,-8.869585777541852,8.759427143094822,0.0,Day
1,2023-03-19 18:00:00,39.52273808108766,-106.33818674589584,Clear,0.7920951262027334,8.201426837872816,0.0,Day
3,2023-03-19 19:00:00,36.41451423579593,-75.2390542326653,Rain,6.370997976472996,8.7108901072289,0.4860453032702566,Day
3,2023-03-19 20:00:00,42.216431021842965,-76.64260706832388,Clear,-8.907772270882788,6.461709126604499,0.0,Day
2,2023-03-19 21:00:00,37.75866322755126,-78.10787489203024,Thunderstorm,17.334535242533526,6.634243092517722,0.48518238591683716,Day
2,2023-03-19 22:00:00,42.39194187478995,-76.63609413003135,Fog,21.543419454224146,1.4795838619926007,0.0,Day
2,2023-03-19 23:00:00,44.88279905368562,-105.11971602677957,Cloudy,1.376112590651644,5.94296499247502,0.0,Night
2,2023-03-20 00:00:00,39.700901764046435,-98.69412278851613,Rain,17.17413636641892,8.45522272468124,0.016772880007772394,Night
2,2023-03-20 01:00:00,37.93220375752046,-104.41309703620838,Clear,39.95634445787486,6.646747570389243,0.0,Night
2,2023-03-20 02:00:00,35.4773678139784,-115.69594734385744,Clear,34.34596438736598,6.631181120709707,0.0,Night
2,2023-03-20 03:00:00,32.920446637179715,-73.79768532408667,Rain,-7.066958419975507,6.346824849435699,0.2672930442812699,Day
2,2023-03-20 04:00:00,39.84986681333357,-89.20368671291827,Clear,-3.6058767791837383,7.264139023507127,0.0,Day
2,2023-03-20 05:00:00,30.939557875463162,-113.37238000312551,Clear,14.720166067466359,8.859880396171054,0.0,Day
2,2023-03-20 06:00:00,44.3443137800136,-109.69705216730858,Cloudy,2.260055743235748,9.178043527291367,0.0,Night
4,2023-03-20 07:00:00,39.713328082563436,-97.46236862409751,Clear,-5.951538141158455,9.022539388416135,0.0,Night
1,2023-03-20 08:00:00,44.39044159901919,-117.40529610255516,Fog,2.7277246372859416,1.6603480627927478,0.0,Night
2,2023-03-20 09:00:00,34.08411765443913,-106.40041093859858,Clear,-6.941095116309873,6.4021376752913906,0.0,Night
2,2023-03-20 10:00:00,44.19773720926332,-84.82768061643966,Rain,16.495622105782445,8.674276029041888,0.3985760753970053,Day
1,2023-03-20 11:00:00,39.181877132806456,-73.97967589851137,Cloudy,14.512505183531776,5.196809708710644,0.0,Day
2,2023-03-20 12:00:00,42.15395949228933,-73.56342921243237,Rain,-9.68369232219249,8.990762036552242,0.44725651038481956,Night
1,2023-03-20 13:00:00,32.68384954071555,-93.99854582745502,Clear,14.125819782196462,8.901137820332874,0.0,Day
2,2023-03-20 14:00:00,37.50165557186734,-104.39223725779395,Cloudy,15.990257363049547,8.35000556588239,0.0,Night
2,2023-03-20 15:00:00,38.53440549129205,-73.96271724379815,Fog,20.285187050579943,1.50474792844583,0.0,Night
3,2023-03-20 16:00:00,35.892816372303585,-80.66825468993677,Cloudy,38.50498622032522,9.986706677641488,0.0,Day
2,2023-03-20 17:00:00,33.7984910282712,-90.64440420478685,Clear,39.13462135260002,8.782045962004975,0.0,Night
1,2023-03-20 18:00:00,43.571621122496744,-78.27235492760144,Cloudy,16.346465533541107,8.674034155039465,0.0,Night
3,2023-03-20 19:00:00,31.275883224076285,-97.05848155762109,Rain,32.25933488048913,5.320039262646557,0.40675149915968795,Day
1,2023-03-20 20:00:00,32.30980636652633,-114.39025826491864,Cloudy,-5.741711500484539,6.993525632864493,0.0,Day
3,2023-03-20 21:00:00,34.807657996977014,-73.08809402149731,Fog,16.55773112150377,0.5051637484166146,0.0,Day
4,2023-03-20 22:00:00,43.79655002245589,-93.29964614823352,Clear,23.945002961198085,6.805185034045204,0.0,Day
2,2023-03-20 23:00:00,38.463155554514074,-85.23547238427734,Cloudy,18.236440978477418,7.852427771785917,0.0,Night
4,2023-03-21 00:00:00,35.59760537746434,-100.38538535591033,Rain,1.5360497227092509,9.394360941783077,0.29548495550734066,Day
3,2023-03-21 01:00:00,36.0401732282615,-113.21292388287654,Rain,-6.8671006847694525,6.414688664972484,0.16529521160829572,Night
4,2023-03-21 02:00:00,42.56666388698345,-106.40591025254881,Fog,9.333464228759478,1.7801040832713175,0.0,Day
2,2023-03-21 03:00:00,30.401693618836568,-117.81636852169962,Thunderstorm,22.382124889337938,5.823259611724028,0.483757593799869,Day
1,2023-03-21 04:00:00,30.170085873515845,-115.62101990457734,Cloudy,39.585653682778094,6.7698192847111205,0.0,Day
3,2023-03-21 05:00:00,30.691270442024084,-109.75404438358908,Clear,1.82667256919731,9.736187376181665,0.0,Day
1,2023-03-21 06:00:00,37.03807500929457,-91.94944344871246,Clear,35.889495485569185,8.738204577913658,0.0,Night
1,2023-03-21 07:00:00,38.718740919122624,-70.35576315101503,Rain,-6.5869300237368,7.729028820935859,0.28716128166356053,Night
1,2023-03-21 08:00:00,39.367032157619455,-77.81383454247752,Fog,36.54946369619891,1.4070891794494609,0.0,Day
2,2023-03-21 09:00:00,40.967056866009294,-115.7066473453479,Clear,31.618338393501496,6.898526113219443,0.0,Night
2,2023-03-21 10:00:00,32.845856799046935,-77.88281641687567,Clear,-8.952732363407602,5.783466669262572,0.0,Day
3,2023-03-21 11:00:00,33.934270142296725,-93.18443459268799,Clear,4.909268704433231,6.767335965485304,0.0,Day
4,2023-03-21 12:00:00,33.6526052392695,-86.98382662933442,Snow,-7.452167316073323,5.753164131435962,0.4688736254867472,Day
1,2023-03-21 13:00:00,32.2375814716599,-113.51171399521681,Clear,39.77529357647798,8.976535165055571,0.0,Day
4,2023-03-21 14:00:00,33.66593364605515,-100.22798864468368,Cloudy,11.392200229188813,5.403795449711441,0.0,Day
4,2023-03-21 15:00:00,39.2047896707526,-75.79391425645056,Cloudy,23.10867598053187,5.947027399035526,0.0,Day
1,2023-03-21 16:00:00,35.49617390574364,-98.73171854782638,Snow,1.7095287411193407,8.45583364890377,0.37179375532705855,Day
2,2023-03-21 17:00:00,41.51868655395886,-113.64432612038397,Rain,36.686811933377584,9.512583562102893,0.39962754383056165,Day
3,2023-03-21 18:00:00,38.04628199014601,-104.44623572003403,Cloudy,3.7087044269735827,9.822958048838009,0.0,Night
2,2023-03-21 19:00:00,33.1805875067518,-108.92401398160442,Clear,3.0107303651149255,9.180114583703883,0.0,Day
3,2023-03-21 20:00:00,37.01073000875008,-85.65514799526778,Cloudy,5.730004797067643,6.057358881831124,0.0,Day
3,2023-03-21 21:00:00,38.90053203883012,-74.4486117807795,Rain,13.124458232535321,6.428556429160249,0.45917384928936045,Day
2,2023-03-21 22:00:00,42.99292457143226,-83.32550209830464,Thunderstorm,-9.073363688514448,9.353761764992765,0.12430029193935117,Night
1,2023-03-21 23:00:00,42.505764000989956,-77.8190007753717,Clear,19.891875006404224,9.446664823720553,0.0,Day
2,2023-03-22 00:00:00,36.397197532744734,-79.70911686250548,Clear,-8.416710142963094,8.203265829100562,0.0,Night
1,2023-03-22 01:00:00,39.71513728646323,-119.26978484605227,Clear,16.960124386979658,6.56820549593435,0.0,Night
2,2023-03-22 02:00:00,34.46707169498561,-113.78148991530031,Clear,12.894245109105597,6.120283315229884,0.0,Night
3,2023-03-22 03:00:00,39.49504964174646,-98.83104568834403,Snow,2.1273529068205104,9.261413496313732,0.09696174124066641,Night
2,2023-03-22 04:00:00,43.69188667543913,-114.3955167707961,Clear,6.488400858541336,6.026274992248779,0.0,Day
4,2023-03-22 05:00:00,39.36814154495422,-83.25326174042911,Cloudy,25.282990562233486,8.309021753412086,0.0,Day
2,2023-03-22 06:00:00,34.55657756125283,-116.4906284235444,Clear,-9.520124006430184,9.83976671367066,0.0,Day
3,2023-03-22 07:00:00,39.65975135055733,-99.1879061488898,Clear,5.8323569012879855,8.526456962498973,0.0,Day
2,2023-03-22 08:00:00,43.54132006249378,-100.38553946933357,Cloudy,24.014862708243363,6.288351565822987,0.0,Day
4,2023-03-22 09:00:00,32.05570396158246,-92.82771717481378,Clear,-2.386306729872497,6.412529506372224,0.0,Night
3,2023-03-22 10:00:00,37.23670376843122,-88.53112806113556,Clear,18.019282709305166,5.464473877104527,0.0,Day
1,2023-03-22 11:00:00,34.815764249036626,-72.65218148630686,Rain,-1.5533535758643655,8.43118744980406,0.2068376713725366,Night
4,2023-03-22 12:00:00,33.62201180840088,-106.44076005075354,Cloudy,-2.26190615715002,7.592178407318997,0.0,Day
2,2023-03-22 13:00:00,35.94313464448714,-86.70077556907319,Clear,28.61400478618784,6.0323584976808355,0.0,Day
1,2023-03-22 14:00:00,35.909520689717155,-118.2457605137784,Thunderstorm,3.326267665056884,6.138341502747151,0.17873977527594448,Day
2,2023-03-22 15:00:00,33.1564949533984,-119.94964993064356,Cloudy,8.788455947626371,5.0451227738359155,0.0,Night
3,2023-03-22 16:00:00,36.05437692766682,-118.73208944615736,Rain,26.50090328124849,9.89209699553323,0.20232711547494725,Night
2,2023-03-22 17:00:00,39.50597730423631,-97.55441231730437,Clear,-1.0240199728511836,9.140090927704657,0.0,Night
2,2023-03-22 18:00:00,30.385979478056246,-92.24934242658347,Clear,16.58685106664288,6.970849752641115,0.0,Day
3,2023-03-22 19:00:00,44.83837818971976,-119.68941767191482,Clear,35.89098318823315,9.730449253970459,0.0,Night
3,2023-03-22 20:00:00,34.43916487370862,-100.17942297785115,Clear,17.691340968924433,8.385599695772008,0.0,Day
2,2023-03-22 21:00:00,39.35468046757691,-117.95716562182352,Cloudy,-7.557711668828528,8.757312678139069,0.0,Day
1,2023-03-22 22:00:00,34.25323417749637,-87.33580333839217,Fog,19.484863733855533,0.9548187053343553,0.0,Night
1,2023-03-22 23:00:00,35.90303816429275,-88.43839841680258,Cloudy,-5.4923300242801085,8.784244159771454,0.0,Night
3,2023-03-23 00:00:00,38.23856213703301,-80.7908005941575,Clear,4.106227021664154,5.8546946406778835,0.0,Night
3,2023-03-23 01:00:00,39.17778753954671,-92.68695656993505,Cloudy,32.483755267175574,7.81198998767399,0.0,Night
1,2023-03-23 02:00:00,41.55686924280132,-88.8525085844293,Clear,-9.446543596569104,9.246881376942287,0.0,Day
2,2023-03-23 03:00:00,41.875257223338735,-106.02903534162232,Cloudy,-6.149334566768918,5.0977129198502915,0.0,Day
1,2023-03-23 04:00:00,37.78054768683931,-115.72730909214984,Cloudy,8.168206434018547,5.6172147669427055,0.0,Night
3,2023-03-23 05:00:00,31.13588631395634,-83.13469190118607,Rain,39.96979399496747,6.228199048305445,0.08857929585340461,Day
1,2023-03-23 06:00:00,38.36675338326806,-89.40683333137245,Thunderstorm,4.593195303592161,6.473633483638385,0.2782693322432409,Night
1,2023-03-23 07:00:00,37.16370426104008,-73.08340843256079,Clear,-2.136269063198439,5.913519332953675,0.0,Night
1,2023-03-23 08:00:00,33.23079910897917,-70.53870791613758,Cloudy,17.471106642412447,8.12165194965533,0.0,Night
2,2023-03-23 09:00:00,30.152443079846837,-77.63579756793482,Fog,15.962751078520167,1.87524586357017,0.0,Night
2,2023-03-23 10:00:00,34.739489612710784,-70.71890702041136,Rain,12.480979421441877,5.790499218567958,0.17462003161580145,Day
1,2023-03-23 11:00:00,33.892324831020396,-87.62768516510233,Cloudy,37.33268760214744,9.529130910934,0.0,Night
4,2023-03-23 12:00:00,37.243653275254445,-115.40254192743176,Fog,4.007468547525937,1.2545932748794775,0.0,Day
1,2023-03-23 13:00:00,41.42402353876502,-115.5083730417181,Clear,4.6662114630983105,6.230293732875624,0.0,Night
2,2023-03-23 14:00:00,36.58560016625794,-79.64401129070936,Fog,-2.9871514306457927,0.7043349112489474,0.0,Night
4,2023-03-23 15:00:00,44.2735263005287,-108.15697820524105,Clear,24.864400895808764,8.703927814443492,0.0,Night
2,2023-03-23 16:00:00,33.31969977166043,-116.95058964005257,Cloudy,6.068473554026912,8.954550367852395,0.0,Day
2,2023-03-23 17:00:00,33.314280623522286,-96.38626976325472,Fog,30.137014652282623,1.628953528023602,0.0,Night
1,2023-03-23 18:00:00,39.066743442581455,-104.26770721235444,Clear,38.587893868646006,9.682880420368658,0.0,Day
3,2023-03-23 19:00:00,43.4439389067866,-90.59254257876572,Cloudy,-7.815737900470401,8.926359694950062,0.0,Day
2,2023-03-23 20:00:00,40.077863509136264,-89.99244828767193,Clear,39.65609450290624,9.284072185669269,0.0,Day
3,2023-03-23 21:00:00,40.10517344333095,-85.92494994104584,Thunderstorm,2.7052113178542196,5.719294034816497,0.33781540211747396,Night
1,2023-03-23 22:00:00,42.09428961662715,-91.17788382970942,Snow,11.005517862726375,5.716835761066915,0.19114652354117243,Night
2,2023-03-23 23:00:00,40.03019314101866,-100.95409764933837,Rain,28.887167724634608,6.526844221126837,0.11443718111016296,Night
3,2023-03-24 00:00:00,41.390215533347,-118.81666503267006,Cloudy,23.266557106966218,5.323232098124865,0.0,Night
4,2023-03-24 01:00:00,42.99191192414525,-74.74557659382289,Snow,28.92184604174367,5.455336634278854,0.4907089270737938,Night
1,2023-03-24 02:00:00,30.11866061332451,-103.65391350899293,Clear,13.316600785942939,5.716035777599686,0.0,Day
3,2023-03-24 03:00:00,43.28434365591241,-94.64247124945716,Cloudy,35.803353928643176,8.562148663424736,0.0,Night
2,2023-03-24 04:00:00,33.2289656660757,-92.15312071663601,Rain,29.49704027025551,5.151151458205996,0.17743416576350712,Night
2,2023-03-24 05:00:00,43.68158215174833,-104.25735326303086,Clear,5.461398771683804,5.416223906843003,0.0,Day
1,2023-03-24 06:00:00,33.99274942921492,-104.57595218024105,Clear,37.424011067437995,9.720917680928407,0.0,Day
2,2023-03-24 07:00:00,36.82858409006003,-106.95692384044997,Clear,38.052709671317714,5.41828340836172,0.0,Night
2,2023-03-24 08:00:00,44.00825054707892,-107.83233278053736,Clear,10.75267778783721,7.687311851345009,0.0,Day
2,2023-03-24 09:00:00,31.646202190649042,-118.48021351207635,Fog,22.598024399379533,1.5018229077520429,0.0,Night
1,2023-03-24 10:00:00,41.17924692593153,-72.10426991651916,Cloudy,30.738426760695177,9.792967568576476,0.0,Night
1,2023-03-24 11:00:00,35.88672958051619,-90.23519706108915,Rain,30.865035843572365,9.49901358955822,0.1695326482431709,Night
4,2023-03-24 12:00:00,30.36151120619845,-114.59664954417686,Clear,-9.293822765462131,7.20341383593301,0.0,Night
4,2023-03-24 13:00:00,44.086996005221074,-90.40207896630815,Clear,21.450681652327074,9.710820306582525,0.0,Night
3,2023-03-24 14:00:00,31.767432935025766,-108.38762025244854,Clear,38.68496487253031,7.161329373989591,0.0,Day
1,2023-03-24 15:00:00,41.612126562958146,-104.46589743590167,Rain,1.5673573898085582,8.349593577353161,0.18409876449060267,Night
2,2023-03-24 16:00:00,35.76405220215401,-79.94159058038628,Cloudy,29.780442958846926,6.2980403535909675,0.0,Night
3,2023-03-24 17:00:00,42.1587439246631,-75.70989905891935,Fog,16.71238105384912,1.8737866127686862,0.0,Night
4,2023-03-24 18:00:00,41.254308971772964,-85.00880534672493,Rain,1.0735105569455765,7.690944723043327,0.025322975096161028,Day
2,2023-03-24 19:00:00,39.498278131725996,-73.3709258868279,Cloudy,-7.448101295800199,8.034155213771227,0.0,Day
3,2023-03-24 20:00:00,44.088337755722634,-74.7486468069468,Cloudy,27.99608555085038,8.413256006668307,0.0,Night
4,2023-03-24 21:00:00,31.48385221119508,-92.4414940096242,Fog,5.823517476241349,0.6128577616278694,0.0,Night
3,2023-03-24 22:00:00,41.97868692768989,-74.60766703051499,Rain,8.779301403255232,6.50631400487831,0.020861220386399763,Night
1,2023-03-24 23:00:00,40.06177922397126,-92.75010244096579,Clear,14.261552662450551,8.68120693462764,0.0,Day
1,2023-03-25 00:00:00,34.72081113807604,-114.78630004463291,Cloudy,15.359745148565409,5.819119931353412,0.0,Night
2,2023-03-25 01:00:00,38.18958287077538,-78.52723603418282,Rain,0.30927884852055243,6.721200693594755,0.3178457309669021,Day
2,2023-03-25 02:00:00,39.66941519915678,-113.439876773612,Rain,23.532099509423546,8.332393455465464,0.23082688909729834,Day
1,2023-03-25 03:00:00,41.04407152470482,-104.20199330783768,Clear,24.626998997793677,9.688254925958368,0.0,Day
1,2023-03-25 04:00:00,32.805895808442074,-101.01036018828646,Fog,-2.8849537750378262,0.6162133358869386,0.0,Night
3,2023-03-25 05:00:00,31.531702814853695,-79.63570299188143,Thunderstorm,16.645476995629064,7.582803995453352,0.07752346396382125,Day
2,2023-03-25 06:00:00,31.530838368497886,-115.8231662663589,Clear,20.462967411364655,5.409526696188769,0.0,Night
2,2023-03-25 07:00:00,34.40802992885553,-97.75292676634615,Fog,-0.6874228299853815,0.89602382320941,0.0,Night
2,2023-03-25 08:00:00,32.31259731078616,-98.1642094468117,Clear,34.72310632646574,5.876932520436727,0.0,Day
2,2023-03-25 09:00:00,38.034623594628435,-90.89198802425028,Clear,14.141293058764418,8.247192112892566,0.0,Night
3,2023-03-25 10:00:00,36.55559988007883,-102.3065609136896,Clear,-4.248582116699142,8.789162759773468,0.0,Day
1,2023-03-25 11:00:00,43.39599845375423,-91.14187509173418,Clear,6.719808881059738,6.236716032794418,0.0,Night
3,2023-03-25 12:00:00,40.76103726429867,-70.70528600489874,Snow,13.848022413732693,8.56443574526373,0.27123872916921654,Day
2,2023-03-25 13:00:00,33.08718311664245,-116.4225407300442,Clear,-9.492792345964803,7.234094689283399,0.0,Day
1,2023-03-25 14:00:00,30.68590515554385,-76.26857716419548,Clear,-8.404506215126297,6.41790015194535,0.0,Day
3,2023-03-25 15:00:00,40.63733795703399,-104.56852809646043,Clear,-7.223970234469103,7.617008343433673,0.0,Day
2,2023-03-25 16:00:00,42.68741330085438,-96.71417818857125,Clear,16.906761294971666,6.898250719104828,0.0,Night
2,2023-03-25 17:00:00,40.51490430982541,-82.9441258458844,Clear,6.804409811876059,6.149981272776234,0.0,Night
2,2023-03-25 18:00:00,39.65691549493241,-74.49817682763626,Rain,34.65520240279998,8.784223980649921,0.13970220507839323,Night
2,2023-03-25 19:00:00,33.73972602710229,-119.54622582317151,Clear,17.961693616444716,8.987620744676514,0.0,Night
2,2023-03-25 20:00:00,37.41905251838059,-86.89038628582398,Fog,27.99481644104555,1.0001295432730215,0.0,Night
3,2023-03-25 21:00:00,40.874425458939456,-116.5223830180211,Snow,24.35665883775362,6.910713980178473,0.3933497399598817,Day
1,2023-03-25 22:00:00,32.90062159115799,-93.71607404144589,Clear,16.016036361886275,5.847642257046864,0.0,Day
4,2023-03-25 23:00:00,37.14815315665941,-82.5119955841737,Fog,27.236021988256233,1.5097111957094185,0.0,Night
2,2023-03-26 00:00:00,31.755424062348318,-111.52329293424324,Clear,17.235285143386445,6.6463193824310665,0.0,Day
1,2023-03-26 01:00:00,37.96078477649457,-81.81075118359418,Clear,9.272815259522524,8.740334011260098,0.0,Day
1,2023-03-26 02:00:00,38.60305948743907,-104.52310700945218,Clear,11.790241625382418,9.087252805220574,0.0,Night
2,2023-03-26 03:00:00,38.03078445705934,-89.47244345261613,Clear,31.92506697719407,8.84076248801379,0.0,Day
2,2023-03-26 04:00:00,37.04196928234731,-87.09794806463118,Cloudy,18.16367790617734,6.949030153454038,0.0,Night
1,2023-03-26 05:00:00,38.811809362594026,-87.55096364009071,Rain,8.86480740811578,9.690083632946351,0.2174741875600732,Night
1,2023-03-26 06:00:00,44.951992816787666,-119.07276018609299,Clear,-1.012842420687596,8.300812084015245,0.0,Day
3,2023-03-26 07:00:00,39.33804646699838,-112.38629961261606,Rain,14.767892110085267,7.878731421606616,0.11671759000606584,Night
1,2023-03-26 08:00:00,41.28851583459884,-77.18986548213985,Clear,2.6202054766237364,8.48954551037507,0.0,Day
3,2023-03-26 09:00:00,32.88181351821989,-73.00788637024789,Rain,37.778993906418506,5.22363561632695,0.35657416081335236,Night
2,2023-03-26 10:00:00,37.95035107798914,-91.8166055610774,Clear,14.54910423255441,6.95257486389319,0.0,Night
2,2023-03-26 11:00:00,30.112580816616084,-90.15143190393049,Clear,-9.552586305537144,9.406085769231055,0.0,Night
2,2023-03-26 12:00:00,30.471866277115804,-82.2484704970376,Clear,-5.35614052527629,5.805398507478571,0.0,Night
1,2023-03-26 13:00:00,34.83720609090069,-99.69473568387319,Clear,4.216224585527126,7.072003238681648,0.0,Night
3,2023-03-26 14:00:00,36.99900716568012,-103.59918277554263,Cloudy,-5.391857915084449,7.026239955859854,0.0,Day
1,2023-03-26 15:00:00,38.634552564362195,-81.5899167180035,Snow,34.69811127477008,6.780208553515123,0.36122046286877085,Day
2,2023-03-26 16:00:00,43.32006550795961,-118.58571715175428,Clear,32.71757834002654,7.8117566442949,0.0,Night
2,2023-03-26 17:00:00,41.57634546340498,-75.73268559376764,Rain,38.543075443837836,9.980990247928473,0.1930250049377771,Night
1,2023-03-26 18:00:00,34.499654390991715,-97.95487376035932,Rain,25.323280717190492,6.279244243933149,0.3196259393789086,Day
2,2023-03-26 19:00:00,41.15226264094978,-94.78856925423095,Fog,22.273227310600795,1.5954579154715798,0.0,Night
3,2023-03-26 20:00:00,38.2408662445995,-88.28609211679648,Clear,36.17483189478883,8.789974988878352,0.0,Day
2,2023-03-26 21:00:00,41.687719303979556,-106.28071258345446,Cloudy,37.31965724031622,7.922492398398312,0.0,Day
4,2023-03-26 22:00:00,36.16574392226794,-90.13062542751462,Fog,33.87439214418013,0.8437773663916779,0.0,Day
3,2023-03-26 23:00:00,31.378399754970292,-85.3480526574996,Rain,33.07364219099114,7.861867486726487,0.15009961217248438,Night
2,2023-03-27 00:00:00,39.27731653908856,-114.10342750320275,Clear,23.5851627721864,9.767322378362437,0.0,Night
2,2023-03-27 01:00:00,38.35556340966208,-93.97646097057577,Clear,-9.91970263801776,6.7103007219433675,0.0,Day
2,2023-03-27 02:00:00,44.30405297321785,-103.52899319292827,Clear,11.475852516482636,8.198440631897142,0.0,Day
2,2023-03-27 03:00:00,32.43195208720118,-92.13211371646743,Cloudy,21.783138558967376,9.796988662126243,0.0,Day
1,2023-03-27 04:00:00,39.841994163666115,-118.93528562515564,Rain,17.356369022230236,8.989951406173734,0.11608118314434827,Day
4,2023-03-27 05:00:00,37.11110191071565,-82.8659821894416,Clear,31.05633149454362,8.441538648485214,0.0,Day
2,2023-03-27 06:00:00,35.68383684048441,-111.57977477266428,Cloudy,30.945113825706493,9.85574439384157,0.0,Day
2,2023-03-27 07:00:00,41.91851345932974,-85.53065261725789,Cloudy,19.93410047308028,5.852914776494001,0.0,Night
2,2023-03-27 08:00:00,42.15975405395236,-81.55925439236235,Cloudy,-8.900297337046815,8.863743942499193,0.0,Night
2,2023-03-27 09:00:00,40.719008825226496,-82.36940037780892,Rain,8.46649761673589,7.034178836613867,0.12375295127019231,Night
3,2023-03-27 10:00:00,31.254022511039558,-79.1248952708118,Snow,1.4408292671736973,6.802158438402522,0.22398622698785123,Day
2,2023-03-27 11:00:00,35.176660709831104,-104.61274244092579,Clear,6.939405437762538,7.603362572009802,0.0,Day
1,2023-03-27 12:00:00,30.701252779817835,-71.6443417332354,Fog,20.864632725803094,1.042152222689754,0.0,Day
1,2023-03-27 13:00:00,35.155217829008706,-118.80909124329656,Clear,-6.676904865863622,6.562648104641814,0.0,Night
3,2023-03-27 14:00:00,39.71876667882227,-95.93999519425562,Clear,-8.887897547551423,5.83107747261706,0.0,Night
2,2023-03-27 15:00:00,37.78060157821099,-106.48575308288522,Clear,11.84364579901522,5.693454497086524,0.0,Night
4,2023-03-27 16:00:00,40.54405236076277,-83.00597750765628,Clear,29.678691612382245,6.686702550100491,0.0,Day
1,2023-03-27 17:00:00,38.27192685767573,-79.73883572960656,Clear,-8.465071270072407,9.011321790053547,0.0,Night
1,2023-03-27 18:00:00,38.33720664672584,-78.88037362410864,Clear,32.45242925465318,6.005555339275343,0.0,Day
1,2023-03-27 19:00:00,37.66447828346966,-105.15479721826547,Snow,9.193981637500396,7.657078922162048,0.060688597179538104,Night
2,2023-03-27 20:00:00,35.46488029120046,-106.29297319438795,Clear,-4.08822855272741,8.743280970175775,0.0,Day
2,2023-03-27 21:00:00,36.698473195782306,-86.15321403607717,Rain,18.374886439905104,6.204857674525593,0.03132489082432374,Night
1,2023-03-27 22:00:00,31.686566169209588,-73.5907817708396,Clear,37.618028071220465,9.62101647877886,0.0,Day
2,2023-03-27 23:00:00,42.51762675570305,-107.28973922069508,Fog,17.125644951940753,1.135768286750865,0.0,Day
2,2023-03-28 00:00:00,43.33817457698412,-74.47001502976144,Rain,24.331737789298572,6.255891058669213,0.18143781444307544,Night
1,2023-03-28 01:00:00,41.49406220191331,-90.42693034593667,Clear,30.821064344550997,9.948190336828969,0.0,Day
2,2023-03-28 02:00:00,38.753790182514734,-83.10309890323146,Rain,29.96700611237099,8.345855470575081,0.3169185287935624,Night
3,2023-03-28 03:00:00,38.53768872071916,-98.00539642460902,Cloudy,-6.344063574313016,6.430500187102002,0.0,Day
1,2023-03-28 04:00:00,37.0548544350558,-79.65713891719474,Rain,27.049770661546248,8.40518727652784,0.05499832084902861,Day
1,2023-03-28 05:00:00,33.47020097381557,-71.47535536172933,Cloudy,37.47247829364373,8.331241352016457,0.0,Night
2,2023-03-28 06:00:00,35.757057374175886,-111.47121343051779,Cloudy,25.032611699028863,8.030968123671645,0.0,Day
3,2023-03-28 07:00:00,44.84858720436013,-100.72202874998753,Rain,31.822144685523384,8.558480555392375,0.0475273084921913,Night
3,2023-03-28 08:00:00,32.18704518724922,-76.8771676968883,Cloudy,14.277485050555985,6.341578451876201,0.0,Day
2,2023-03-28 09:00:00,38.14024889827082,-111.166355955637,Clear,5.953466318643573,9.894927427947673,0.0,Day
1,2023-03-28 10:00:00,42.99788698472265,-99.35182782756969,Snow,23.811961154543695,9.28947878637579,0.23569078401755594,Night
3,2023-03-28 11:00:00,36.79502521530914,-111.69424451445863,Clear,14.609998905970759,8.728706763146604,0.0,Day
4,2023-03-28 12:00:00,39.084153983595286,-87.58158706212785,Cloudy,34.76444281572026,5.131524968016246,0.0,Night
2,2023-03-28 13:00:00,42.416897286165806,-108.08404239002837,Clear,38.71909842969297,7.95192686625312,0.0,Night
4,2023-03-28 14:00:00,38.21342037156532,-100.95989473011993,Cloudy,30.990103375450026,8.532419940711904,0.0,Night
2,2023-03-28 15:00:00,40.972037422714955,-95.44331708731663,Thunderstorm,39.6339808742722,9.270499135539415,0.2019914928792362,Night
3,2023-03-28 16:00:00,35.2090857279821,-105.14355606706589,Clear,7.418529919715159,9.730785608944712,0.0,Night
2,2023-03-28 17:00:00,40.99534823678258,-86.00495347866868,Clear,34.787768937724174,9.579265499708763,0.0,Night
2,2023-03-28 18:00:00,30.615319749620397,-114.4375272855802,Rain,6.496681439868976,7.030224662413441,0.4789715605476672,Night
1,2023-03-28 19:00:00,32.293489420751115,-76.00996176393893,Snow,-4.0980962347023215,9.482505939869764,0.4503828670921293,Night
3,2023-03-28 20:00:00,39.55944264449263,-95.93297717566406,Cloudy,21.068684765572435,5.003744046074356,0.0,Night
4,2023-03-28 21:00:00,36.73431827007991,-91.35929330073245,Clear,12.749431715599815,6.757376057538933,0.0,Night
2,2023-03-28 22:00:00,42.42523420440215,-88.89351612097734,Fog,36.08496167153089,0.8074415283163382,0.0,Day
2,2023-03-28 23:00:00,35.12961714197954,-117.01589761588552,Rain,14.609694378900755,9.415338500251012,0.349796173740952,Night
1,2023-03-29 00:00:00,41.50812470138206,-82.15046222332812,Clear,36.38162896571515,9.639909527167926,0.0,Day
1,2023-03-29 01:00:00,32.086693008808545,-72.70290728982857,Clear,-6.068306640244872,6.2800420907511185,0.0,Day
1,2023-03-29 02:00:00,43.95219868338855,-94.00460182202791,Cloudy,31.525591787316735,6.8365522406273165,0.0,Day
2,2023-03-29 03:00:00,36.276590070951436,-100.45656454865005,Clear,27.955713423219116,9.919388097085463,0.0,Night
4,2023-03-29 04:00:00,33.46352795960058,-80.76020749442407,Clear,25.998913673927113,7.830317318646982,0.0,Night
1,2023-03-29 05:00:00,41.83728080510464,-83.98235208066485,Fog,7.756792753439488,1.6611955715927758,0.0,Day
1,2023-03-29 06:00:00,44.21829244586978,-87.4512101818389,Clear,29.187981799878727,7.502177125082886,0.0,Night
2,2023-03-29 07:00:00,43.77122592767954,-71.73242877904312,Rain,14.16482896223885,8.480940896363913,0.4969473207487377,Day
1,2023-03-29 08:00:00,33.569083950009144,-90.91127890412263,Clear,25.760175544238407,9.77271517386007,0.0,Night
3,2023-03-29 09:00:00,40.0801154910419,-107.5812128039968,Rain,17.611357339258518,6.833112148761864,0.29070434194375777,Day
2,2023-03-29 10:00:00,38.202869889064274,-118.76169760338873,Rain,-2.128014773329447,5.8632897307452145,0.09154589090600174,Day
1,2023-03-29 11:00:00,40.876562538214046,-97.32689850591012,Clear,-6.772070491334889,5.925064460764952,0.0,Night
1,2023-03-29 12:00:00,37.30399272852949,-87.38382214141049,Cloudy,8.309332560170187,5.101795190424533,0.0,Day
1,2023-03-29 13:00:00,37.04644735003631,-111.39304307529903,Clear,36.63944114729242,7.7770524805964705,0.0,Day
2,2023-03-29 14:00:00,43.24060268752413,-118.71181309828269,Fog,16.486751041077657,0.9821211515300117,0.0,Day
1,2023-03-29 15:00:00,43.068846199202575,-74.545527236415,Fog,30.109603380843545,1.822318756310685,0.0,Night
2,2023-03-29 16:00:00,41.81394487774869,-104.90262860819455,Cloudy,18.79765353244157,9.964822632862354,0.0,Day
2,2023-03-29 17:00:00,40.573423224302005,-96.69752827764671,Cloudy,37.89526431367188,9.547637037127277,0.0,Night
1,2023-03-29 18:00:00,40.17549868391675,-115.4464541904832,Clear,8.472778107730043,7.459288366952121,0.0,Night
1,2023-03-29 19:00:00,30.842728588383416,-100.9193347324142,Rain,-7.1474772311013535,7.432746902955991,0.45549673731597506,Night
2,2023-03-29 20:00:00,41.24304278028083,-98.8113348501211,Clear,29.033419165279234,8.141786149142842,0.0,Day
2,2023-03-29 21:00:00,39.57156719703036,-74.86277314923488,Clear,25.272825416554568,5.554677987011555,0.0,Night
4,2023-03-29 22:00:00,34.53617094376575,-76.72712608083025,Cloudy,16.376719111917307,8.038421202256348,0.0,Day
1,2023-03-29 23:00:00,42.30152229268007,-110.54989793450167,Clear,6.319562159515733,7.32037009905909,0.0,Day
1,2023-03-30 00:00:00,42.486706084129864,-92.1968886667155,Rain,-0.5867426155280384,8.213702133363057,0.3093770869299818,Day
1,2023-03-30 01:00:00,43.9828600088042,-83.43760979364342,Clear,14.113802208815716,7.826049841425962,0.0,Night
2,2023-03-30 02:00:00,36.27537050200032,-105.40747169830874,Cloudy,23.310070464524344,6.551979301422593,0.0,Day
2,2023-03-30 03:00:00,38.26874953609578,-100.27835081109052,Clear,18.944321468509642,8.038809915092035,0.0,Day
3,2023-03-30 04:00:00,43.58931375017582,-70.75593560535049,Clear,11.874525518580402,6.830071764348399,0.0,Night
2,2023-03-30 05:00:00,34.75202100422833,-82.01339321330266,Cloudy,16.98472221645975,5.9731057032390895,0.0,Night
1,2023-03-30 06:00:00,41.94963956008517,-98.14099686308222,Thunderstorm,-4.602253484270077,8.375354238790159,0.26801222286524756,Night
2,2023-03-30 07:00:00,44.87949910669958,-93.29591482334123,Rain,24.792005192996065,6.5317354650929005,0.10024842612746694,Day
4,2023-03-30 08:00:00,39.779034919778375,-88.7108822621884,Clear,26.712802189796676,9.44512389933018,0.0,Night
2,2023-03-30 09:00:00,44.75555966750176,-95.0579722505745,Clear,-9.42736979514547,5.996662298571068,0.0,Night
2,2023-03-30 10:00:00,37.73718647557895,-99.41899839447446,Fog,3.525977793043447,0.9284158036178055,0.0,Day
4,2023-03-30 11:00:00,32.29580083276788,-102.03251449201528,Cloudy,-5.394156991336349,7.857743874246266,0.0,Night
3,2023-03-30 12:00:00,32.63393820936813,-111.55091829242082,Clear,39.91160659372484,5.988709004005758,0.0,Day
3,2023-03-30 13:00:00,40.970617227893406,-71.31894365966932,Fog,19.667141687758168,1.6811848143621106,0.0,Night
1,2023-03-30 14:00:00,30.01363149963271,-115.42936478808583,Snow,13.28690471132812,8.377693857713972,0.19984639250406502,Night
2,2023-03-30 15:00:00,39.92831879326986,-89.9488803884737,Thunderstorm,13.150050949052865,6.592636022449871,0.056288397789734226,Night
1,2023-03-30 16:00:00,32.26907666115051,-72.01987776841622,Fog,38.23869596143851,1.0722797904589858,0.0,Night
2,2023-03-30 17:00:00,44.76552876129471,-101.25341914683435,Fog,22.992781907477422,0.850239917464626,0.0,Day
1,2023-03-30 18:00:00,32.44691291181522,-107.37893251441636,Clear,-1.5670220876455119,6.120609511302581,0.0,Day
3,2023-03-30 19:00:00,38.286959924653075,-72.22385100944757,Clear,12.40794139979337,8.407374898347939,0.0,Day
3,2023-03-30 20:00:00,40.041686628438335,-79.91303336022712,Cloudy,28.709842047294963,9.197335482920838,0.0,Day
2,2023-03-30 21:00:00,42.29244278387109,-87.24874823180559,Cloudy,11.167503342939654,5.616776857248978,0.0,Day
1,2023-03-30 22:00:00,36.88895578177027,-89.40057864941143,Cloudy,5.47667129434293,7.1880455111065045,0.0,Day
1,2023-03-30 23:00:00,44.00698136954774,-101.99369390029193,Clear,39.56080382901277,7.224611346744014,0.0,Day
3,2023-03-31 00:00:00,37.20369559598197,-87.93403508894863,Cloudy,36.78185673061145,8.16267959327147,0.0,Day
2,2023-03-31 01:00:00,33.78089910191001,-83.74872883730623,Cloudy,37.07801846619793,6.67203964398784,0.0,Day
3,2023-03-31 02:00:00,38.89552826273955,-118.41345117219323,Clear,-3.416373516363116,7.092845777943901,0.0,Day
2,2023-03-31 03:00:00,39.870083697006805,-114.11549793688036,Clear,1.712762840458101,5.059956220141276,0.0,Day
2,2023-03-31 04:00:00,37.610867145035925,-104.24447892806502,Cloudy,12.103347908292047,5.6121295559162965,0.0,Day
3,2023-03-31 05:00:00,40.99773192183267,-103.84357915268373,Rain,31.606462911627915,7.84931049777502,0.1587350449186765,Night
2,2023-03-31 06:00:00,36.31021165614766,-74.9742032760668,Clear,26.841377011381155,6.079479001475141,0.0,Night
2,2023-03-31 07:00:00,30.065052357223543,-85.77473005750412,Cloudy,32.48336975762146,5.722884448981875,0.0,Night
3,2023-03-31 08:00:00,33.968084068324075,-101.3247759094028,Rain,36.03816455786854,6.622063839820816,0.44579941280703544,Night
1,2023-03-31 09:00:00,44.18857992561905,-79.53989236554754,Cloudy,29.038342152526006,5.817678474665618,0.0,Day
1,2023-03-31 10:00:00,41.44834879751343,-103.84025642644815,Clear,3.088500507248913,5.298112182390515,0.0,Day
2,2023-03-31 11:00:00,32.843007363710136,-70.46219250254487,Cloudy,4.2722841193584635,6.419291245720877,0.0,Night
1,2023-03-31 12:00:00,30.999794878928345,-80.9190095909037,Clear,7.624384081154922,5.821792206827755,0.0,Day
3,2023-03-31 13:00:00,35.26195347675946,-79.58049859192462,Fog,5.153768341680879,0.6202882421673566,0.0,Night
3,2023-03-31 14:00:00,42.54452893380249,-106.95137301173727,Clear,2.454947485155653,5.313284834653316,0.0,Day
3,2023-03-31 15:00:00,31.589691199072913,-112.74830875462017,Rain,27.62430299378711,8.73721618383346,0.12339218486680283,Night
2,2023-03-31 16:00:00,38.15030806944444,-100.52304763409222,Clear,-8.300447454980938,6.913981737416009,0.0,Day
1,2023-03-31 17:00:00,34.12500367576336,-103.2882124755369,Cloudy,26.41968690475325,8.376606546746975,0.0,Night
1,2023-03-31 18:00:00,40.893825335088295,-81.50839299564484,Cloudy,31.1781885757484,5.263447181666946,0.0,Day
3,2023-03-31 19:00:00,30.006154737560802,-111.28559401101703,Clear,-6.697797832759108,9.603519973947854,0.0,Night
1,2023-03-31 20:00:00,34.15761190522237,-93.62668574731114,Cloudy,-6.907644639950191,8.836878486258048,0.0,Day
2,2023-03-31 21:00:00,40.18875546710267,-88.59033500890385,Clear,4.273190144665049,5.700715359371131,0.0,Day
3,2023-03-31 22:00:00,38.201257680244794,-100.7417257060518,Clear,0.4153407800832589,6.093921855136802,0.0,Day
2,2023-03-31 23:00:00,41.682984398771936,-109.9696343553742,Cloudy,19.056683684509665,8.21998116319743,0.0,Day
2,2023-04-01 00:00:00,32.36513900160808,-75.21666000487375,Clear,23.77257717508168,9.607813021471753,0.0,Night
2,2023-04-01 01:00:00,37.96463302359882,-113.05799771418577,Fog,21.707099805216238,0.7427134392157988,0.0,Day
3,2023-04-01 02:00:00,32.936546856796205,-104.80978130074823,Cloudy,7.867368513111138,7.428163975109028,0.0,Day
1,2023-04-01 03:00:00,39.58830208972007,-82.17163103373926,Cloudy,14.919891730681808,6.189001306945148,0.0,Day
4,2023-04-01 04:00:00,31.970137887525595,-89.73442348439963,Clear,21.999541475205945,6.915054378105661,0.0,Night
2,2023-04-01 05:00:00,32.23040715998678,-83.46772253985934,Cloudy,-4.028686559681485,6.430088514151528,0.0,Night
4,2023-04-01 06:00:00,34.92307862441898,-79.5616684605123,Rain,1.4755957226947043,6.752855748189066,0.35691044567771296,Night
1,2023-04-01 07:00:00,36.02859636109246,-75.23035562653118,Clear,34.524807699309136,5.102988123776736,0.0,Day
1,2023-04-01 08:00:00,37.47839475776081,-104.77174922974574,Snow,7.116318827455711,5.2053037233611885,0.453112082273764,Night
3,2023-04-01 09:00:00,38.710603050105625,-96.28474198556015,Clear,30.057819095985266,8.403432669544515,0.0,Night
3,2023-04-01 10:00:00,37.03220729720823,-85.58449281854317,Snow,2.5494876168572027,8.408975944613143,0.1222222888529831,Night
2,2023-04-01 11:00:00,30.68458083176913,-80.26271680956927,Clear,-7.917982423198907,6.651153001679175,0.0,Night
3,2023-04-01 12:00:00,35.151905653781945,-91.10916180535256,Fog,15.020029623670482,1.298026728667909,0.0,Night
3,2023-04-01 13:00:00,30.920729182002965,-94.31259110216737,Cloudy,34.62410217812432,6.330560580999617,0.0,Day
1,2023-04-01 14:00:00,31.771256615529907,-85.41182272075065,Clear,30.964227457106887,6.978923909869469,0.0,Day
2,2023-04-01 15:00:00,31.392353516420865,-100.89855045331058,Clear,2.6469584462244935,8.65687812141578,0.0,Day
3,2023-04-01 16:00:00,32.37143305677832,-75.31478519171992,Cloudy,35.49678872121735,8.7178405889535,0.0,Night
2,2023-04-01 17:00:00,42.19380800034839,-109.38905322400359,Thunderstorm,13.98579474581516,9.305828813525919,0.2336106381244213,Night
2,2023-04-01 18:00:00,39.41358594955905,-75.79978950060917,Clear,-7.550049810566497,5.145295209529812,0.0,Day
3,2023-04-01 19:00:00,37.60171365129778,-87.81916501134666,Clear,-8.603769011612414,5.9187934057057925,0.0,Day
2,2023-04-01 20:00:00,40.983862691176014,-89.96707728343335,Cloudy,14.255686700166251,8.202858853350303,0.0,Night
1,2023-04-01 21:00:00,44.41835664056213,-96.50225682756573,Cloudy,17.31614278569081,6.690998846182019,0.0,Night
4,2023-04-01 22:00:00,36.26512717917902,-112.26269786529829,Cloudy,-6.004353970870482,5.217808354654341,0.0,Night
2,2023-04-01 23:00:00,35.51117913877974,-76.75329298148591,Rain,36.11203268625895,7.932333369533442,0.49598105432242545,Day
3,2023-04-02 00:00:00,44.666603460069595,-117.3733020800146,Clear,25.910841424541154,6.965365992324058,0.0,Night
3,2023-04-02 01:00:00,41.56995548040205,-106.50171665261679,Fog,30.06411792433709,0.9334303482920541,0.0,Day
1,2023-04-02 02:00:00,41.65666839522025,-114.51466265143208,Cloudy,19.20116256081758,6.321821423429129,0.0,Night
1,2023-04-02 03:00:00,38.99913442532982,-114.65823440494283,Clear,23.177203807725732,5.029989465584813,0.0,Day
2,2023-04-02 04:00:00,37.60512643441934,-100.47886173987874,Rain,9.393011491356017,5.911800084853135,0.33622663546790027,Day
2,2023-04-02 05:00:00,38.25887565372652,-111.97871532606706,Cloudy,23.964854247204663,7.371176489093026,0.0,Day
2,2023-04-02 06:00:00,39.78127576037567,-90.93071069726186,Clear,38.90914457021347,6.378682265439034,0.0,Night
2,2023-04-02 07:00:00,35.65259025767838,-88.64205301801142,Cloudy,22.385795530548442,9.371943396317276,0.0,Night
2,2023-04-02 08:00:00,41.73442146863693,-75.89531362914394,Clear,7.081686143658487,5.714998310781832,0.0,Night
1,2023-04-02 09:00:00,43.638314153894385,-105.01660367299928,Cloudy,4.261956119123392,9.376701435181008,0.0,Day
2,2023-04-02 10:00:00,38.56925529248561,-104.54108082978573,Fog,38.167297042353155,1.5257895875132497,0.0,Day
2,2023-04-02 11:00:00,35.7221343438644,-107.68156375896628,Clear,-0.7498851445967478,6.379201565343571,0.0,Night
2,2023-04-02 12:00:00,40.43384677314149,-80.90948340242173,Clear,30.309830583480988,6.521459292574198,0.0,Day
1,2023-04-02 13:00:00,32.732468312708356,-98.59699599067208,Snow,13.263114600437941,6.65035396414496,0.4700099957789002,Night
2,2023-04-02 14:00:00,44.52858972342219,-92.37889933237537,Thunderstorm,12.187987717640027,7.532819923411891,0.21939161472726385,Day
1,2023-04-02 15:00:00,39.86981031971994,-101.2691244363057,Cloudy,27.376889398942446,6.769411556319023,0.0,Night
2,2023-04-02 16:00:00,31.013530846296916,-112.15935352633545,Cloudy,-2.5980784977028293,8.236031735190938,0.0,Day
3,2023-04-02 17:00:00,37.94625107277671,-114.87351455894803,Cloudy,13.31479630724602,7.125895035414656,0.0,Day
1,2023-04-02 18:00:00,41.25511123888276,-76.58632668383494,Fog,-8.208315611612583,1.0297838572570102,0.0,Day
2,2023-04-02 19:00:00,34.167688876173585,-106.72591591710253,Fog,23.52034107557347,1.983039700980696,0.0,Day
2,2023-04-02 20:00:00,30.764843104459352,-72.91900422244716,Clear,-7.081135802316681,6.222269862146307,0.0,Night
1,2023-04-02 21:00:00,37.33743656849909,-72.63532793600235,Cloudy,-5.635560116305651,9.063866439250441,0.0,Day
1,2023-04-02 22:00:00,42.50436665197968,-96.05392214135207,Cloudy,32.24131906146016,8.994907338864618,0.0,Day
4,2023-04-02 23:00:00,33.773015585870674,-72.070588673238,Rain,12.147759350796399,9.944902335081878,0.10139569658576958,Night
2,2023-04-03 00:00:00,40.75519670656662,-118.575639182146,Cloudy,0.04878442741212652,5.875250672167282,0.0,Night
4,2023-04-03 01:00:00,36.11686024122351,-115.41747101272941,Rain,19.62922879776899,9.239191096368426,0.2997536171547667,Day
2,2023-04-03 02:00:00,30.894480872073142,-107.83451600258935,Thunderstorm,15.964163229226571,9.359904612713077,0.0693896059121294,Day
2,2023-04-03 03:00:00,34.55944574714894,-109.54032991779984,Clear,10.545416337142907,8.210820833011852,0.0,Night
2,2023-04-03 04:00:00,34.7085360790237,-107.36810773800885,Clear,35.27085333746737,7.531923888913452,0.0,Night
2,2023-04-03 05:00:00,43.569964381707194,-97.38528347803616,Cloudy,27.472899907617304,9.786297780845167,0.0,Night
1,2023-04-03 06:00:00,44.726222431566526,-116.85393233345576,Clear,-2.420356437235168,9.863459639381647,0.0,Day
2,2023-04-03 07:00:00,33.14651694461678,-92.23058581508259,Clear,18.538732497370994,8.208487281711005,0.0,Night
2,2023-04-03 08:00:00,36.45769269005684,-104.52728874613683,Clear,-5.562804964761644,6.797799289620812,0.0,Night
1,2023-04-03 09:00:00,44.65055181001253,-116.4226233927457,Rain,2.2326985221403284,9.08582591732972,0.22743032765371624,Day
1,2023-04-03 10:00:00,36.109022400858144,-82.33953655471298,Fog,35.49301733603202,1.2811489732084573,0.0,Night
1,2023-04-03 11:00:00,35.237566470470384,-87.32851153689347,Cloudy,13.103996285412109,6.452978220148932,0.0,Day
2,2023-04-03 12:00:00,31.64822268724035,-80.32849675168019,Cloudy,34.60530508088508,9.92777147386425,0.0,Day
2,2023-04-03 13:00:00,41.29926751867949,-73.03830208267757,Clear,-1.7000517204217935,9.071666936034848,0.0,Night
3,2023-04-03 14:00:00,36.70508338014551,-90.71173780739588,Rain,0.26708737558194606,9.697912357845619,0.034310240964346574,Day
1,2023-04-03 15:00:00,39.57994428101103,-80.66419988233154,Rain,7.64123615335464,7.973972856928785,0.25477725742862056,Day
1,2023-04-03 16:00:00,37.647851589675284,-110.04086458105681,Cloudy,8.316282112973337,7.038362290740579,0.0,Day
2,2023-04-03 17:00:00,32.618057078925325,-99.48165221124297,Clear,27.263863511531213,9.89845051695519,0.0,Night
3,2023-04-03 18:00:00,32.64554693474687,-93.49645062521932,Clear,19.970528098418598,6.547127929285773,0.0,Night
1,2023-04-03 19:00:00,44.09634487987695,-92.93930969979706,Clear,17.662471297331503,8.787071394544617,0.0,Day
2,2023-04-03 20:00:00,43.3427871925387,-84.08313432764109,Cloudy,20.118775341404696,7.791034789501041,0.0,Day
2,2023-04-03 21:00:00,39.15951007483784,-80.2029487158938,Snow,26.60956862617045,6.1425357275723265,0.4920090106244165,Day
1,2023-04-03 22:00:00,30.018663790552274,-86.65735366029921,Fog,34.64083193045444,0.7360631638602215,0.0,Day
2,2023-04-03 23:00:00,36.49943461188348,-117.63772553256752,Cloudy,10.73699782386101,6.918820452520418,0.0,Day
1,2023-04-04 00:00:00,37.956420078377135,-102.43916189393018,Rain,30.146297146173268,7.7384269643865435,0.04711242619526477,Night
3,2023-04-04 01:00:00,36.74156711107546,-91.3780489776182,Fog,14.75484415430143,1.2249642668147496,0.0,Night
2,2023-04-04 02:00:00,43.881741698910616,-94.60652699714407,Clear,26.103912127476917,7.072774429306134,0.0,Day
2,2023-04-04 03:00:00,30.612987621878233,-117.7601516242284,Clear,33.741189402988375,8.0759496532948,0.0,Night
2,2023-04-04 04:00:00,39.82392759904225,-70.96817154735601,Fog,-8.389258881758312,1.656373469053135,0.0,Day
2,2023-04-04 05:00:00,34.70754597978871,-72.19472363796746,Clear,17.331487766839025,5.263712649532687,0.0,Day
2,2023-04-04 06:00:00,38.39215583697988,-81.31191037229188,Fog,39.46903132302377,1.698858135405682,0.0,Night
1,2023-04-04 07:00:00,39.83876015236534,-117.23233801859124,Thunderstorm,14.811220726123207,5.283336544388599,0.21845342861584316,Day
2,2023-04-04 08:00:00,36.61231972592403,-98.48960822462702,Rain,33.21518413008461,5.140927476796719,0.07224017719528104,Night
1,2023-04-04 09:00:00,32.225615759073534,-99.51152236155802,Snow,-0.7050073791585305,5.762060129552529,0.15522012735200283,Day
2,2023-04-04 10:00:00,37.785571945326026,-92.09869914376097,Rain,20.214354512316582,8.268220286057826,0.289133742496243,Night
1,2023-04-04 11:00:00,43.994342489483834,-117.20357710670974,Rain,33.51529816172226,5.264107214422284,0.33178955032488877,Day
2,2023-04-04 12:00:00,38.038202683369676,-98.81716770008114,Clear,11.576656580938558,5.104481061027871,0.0,Night
1,2023-04-04 13:00:00,31.84409756448595,-82.10803415011777,Clear,14.336102945252186,5.58979755673777,0.0,Night
4,2023-04-04 14:00:00,42.36244537000323,-70.09960252162557,Clear,-5.89910477754911,9.748604953552855,0.0,Day
2,2023-04-04 15:00:00,33.326173307444144,-90.22783929265233,Rain,-7.891395402469749,9.536388749636082,0.051427404080079814,Night
2,2023-04-04 16:00:00,35.55325463841317,-72.9693844380997,Clear,13.435414979149161,5.4323298754982705,0.0,Night
4,2023-04-04 17:00:00,36.43135688887216,-70.07307594068516,Clear,32.17376658205669,6.520065917582816,0.0,Night
2,2023-04-04 18:00:00,35.095488709106306,-98.26090360416549,Clear,36.56621360573575,9.736462195236333,0.0,Day
4,2023-04-04 19:00:00,36.066776059413904,-86.56547842766517,Rain,22.932650173063784,5.488438367282506,0.07395548571703955,Night
1,2023-04-04 20:00:00,41.93220941370995,-109.33924392002643,Thunderstorm,31.319929966730868,5.472979909905171,0.32308335470914235,Day
2,2023-04-04 21:00:00,33.35038514856767,-96.2176778119183,Thunderstorm,26.742708132920264,5.430019488673644,0.24370440543287203,Night
2,2023-04-04 22:00:00,37.05627839464172,-116.07942284981551,Cloudy,25.07429134502047,9.88238119549338,0.0,Night
3,2023-04-04 23:00:00,30.300128477559475,-118.54251107467913,Fog,28.451654939337935,1.035553013913333,0.0,Day
1,2023-04-05 00:00:00,37.61498878957277,-75.35403324976608,Rain,15.265147620546458,6.072421836796492,0.3321619342438967,Day
4,2023-04-05 01:00:00,31.675329666688327,-77.0799834187713,Cloudy,12.896905174842725,5.229736306482515,0.0,Night
2,2023-04-05 02:00:00,34.23353913352214,-104.39676708711113,Cloudy,-2.0428238879069935,9.826207544557667,0.0,Day
3,2023-04-05 03:00:00,34.87310091472687,-97.15234781449666,Clear,32.19076583540449,7.127445208798456,0.0,Day
2,2023-04-05 04:00:00,31.23528938462865,-95.3194847933893,Fog,-7.769305994804768,1.3605973157332851,0.0,Day
1,2023-04-05 05:00:00,35.408492451197034,-93.96494383965924,Clear,3.3722060618664536,6.395981167490627,0.0,Night
4,2023-04-05 06:00:00,37.470861029483075,-113.27144977475929,Cloudy,15.995807357286456,8.791801611454662,0.0,Day
4,2023-04-05 07:00:00,36.46643131991162,-81.2470619149625,Rain,38.57990562610248,5.984011729470082,0.21988777125844916,Night
2,2023-04-05 08:00:00,34.20637971914309,-102.60921537223814,Clear,29.29864711479486,8.934559666877572,0.0,Day
1,2023-04-05 09:00:00,34.42282441064757,-118.41524093850286,Clear,8.433561232431401,6.153015216675174,0.0,Day
1,2023-04-05 10:00:00,39.50374553075703,-86.1719238665076,Cloudy,25.697419525621754,5.489561128420718,0.0,Night
2,2023-04-05 11:00:00,40.775938220653714,-78.50612519498728,Clear,36.568469400757806,7.394112772654018,0.0,Day
1,2023-04-05 12:00:00,38.64795977833175,-74.09366066465758,Rain,16.9441725768538,9.066084034478255,0.4225838278009185,Day
2,2023-04-05 13:00:00,44.64282061037886,-86.27973396814403,Cloudy,13.097009775047468,6.924323482310847,0.0,Day
2,2023-04-05 14:00:00,44.17311094891531,-110.436049144708,Cloudy,17.649663613716374,5.1443682533464,0.0,Day
3,2023-04-05 15:00:00,31.477034322334053,-90.51097342799734,Cloudy,5.5765020576991375,7.766548561491319,0.0,Day
1,2023-04-05 16:00:00,33.92061607425042,-74.41190084193954,Cloudy,35.36744053420953,8.402356944617637,0.0,Day
2,2023-04-05 17:00:00,43.02591169306163,-102.47199511834191,Cloudy,29.86409062307385,8.703474726680033,0.0,Day
2,2023-04-05 18:00:00,30.444952712685755,-72.33246391130294,Rain,25.274205617663853,7.00962477154642,0.18988598570146883,Night
2,2023-04-05 19:00:00,38.88295749937934,-115.11604641376053,Rain,19.45460402813213,5.485098157462003,0.4419625679233205,Day
2,2023-04-05 20:00:00,44.317493095961,-83.59736280472275,Rain,38.473738922609414,7.921632172316932,0.06522872454696539,Day
2,2023-04-05 21:00:00,40.18076512185239,-114.00444137514665,Fog,4.88528647372102,1.2549511633874426,0.0,Day
2,2023-04-05 22:00:00,31.378999679006366,-80.05623485474221,Clear,4.156758245342477,9.734437411374266,0.0,Night
3,2023-04-05 23:00:00,41.21726596440372,-115.11721680771142,Cloudy,2.10691664315911,7.513560540306639,0.0,Night
2,2023-04-06 00:00:00,35.64726995165637,-103.71374799675611,Fog,27.088799432246624,0.8962828588257906,0.0,Night
4,2023-04-06 01:00:00,43.823004216572805,-81.15691428930978,Clear,29.86428199371501,6.546047661591784,0.0,Night
3,2023-04-06 02:00:00,34.29474428334555,-96.99033646128265,Clear,19.855708808334597,6.69393252691774,0.0,Night
3,2023-04-06 03:00:00,37.098480517898565,-75.8656764492807,Cloudy,22.599185516905862,7.56377392039956,0.0,Day
1,2023-04-06 04:00:00,41.199107733191596,-99.91310689712871,Clear,7.448038230319639,6.533323976574974,0.0,Night
2,2023-04-06 05:00:00,33.86309956548161,-70.25209398557246,Clear,-8.012122876355884,9.46152442184206,0.0,Night
2,2023-04-06 06:00:00,32.72673521155706,-119.06626034698401,Thunderstorm,2.681792182062651,7.195089662145543,0.33496595442068644,Day
1,2023-04-06 07:00:00,30.04062212554837,-85.19688969578561,Cloudy,19.215161356521296,6.460110420065122,0.0,Night
2,2023-04-06 08:00:00,37.31942739327424,-74.2056186070661,Clear,30.646634119219435,5.776974167705747,0.0,Day
1,2023-04-06 09:00:00,43.92926207984163,-93.20067634937408,Thunderstorm,28.85974892164986,8.361753631501792,0.27490227334355366,Day
2,2023-04-06 10:00:00,34.22230765771434,-70.57453806361767,Thunderstorm,-1.0256317903409382,5.128934716427921,0.2928801449129764,Day
2,2023-04-06 11:00:00,30.6506779361259,-84.59877493645315,Cloudy,-7.427689496188585,7.249978935849702,0.0,Day
2,2023-04-06 12:00:00,39.30646923172146,-98.52368529049599,Clear,32.528001999802065,7.750609101836119,0.0,Night
4,2023-04-06 13:00:00,30.842548716290892,-94.23113111151798,Snow,-6.220538364867419,6.698923054401658,0.1431666618601608,Night
2,2023-04-06 14:00:00,37.60368351710054,-76.12652191719928,Rain,9.665563139453322,8.749088736375029,0.20667006800140794,Night
2,2023-04-06 15:00:00,35.72294561566122,-72.12082508629231,Rain,-5.288717160754216,8.378302484189694,0.028286145151781565,Night
2,2023-04-06 16:00:00,37.13135780615532,-92.20568638014225,Fog,18.202435522430335,1.7196099762735826,0.0,Night
3,2023-04-06 17:00:00,32.43960429558142,-104.64248772067971,Rain,8.166821559375812,7.543833996448409,0.42017875587656217,Day
2,2023-04-06 18:00:00,31.353028208772837,-108.03374491994248,Clear,0.1246808900756271,7.689061823146915,0.0,Day
2,2023-04-06 19:00:00,41.23486316622756,-96.14758951497639,Rain,19.758383410902063,6.2291965959691105,0.1087075426685441,Day
1,2023-04-06 20:00:00,33.68500140089374,-105.1830716672888,Clear,8.169589493984478,6.927419453653602,0.0,Day
2,2023-04-06 21:00:00,42.00636143148374,-98.95816381368633,Rain,-1.6605874139599273,5.13430295579152,0.4854880731683189,Night
1,2023-04-06 22:00:00,41.37670923060295,-78.27665974672533,Cloudy,25.00432062821315,8.446373942988448,0.0,Day
3,2023-04-06 23:00:00,32.975683060714374,-96.40062070602184,Clear,31.840415494118822,6.5581139984177,0.0,Day
3,2023-04-07 00:00:00,43.624357566226976,-87.95605549719244,Cloudy,3.6871285543747554,7.701835048333489,0.0,Night
3,2023-04-07 01:00:00,32.41919387134646,-115.49465807136275,Clear,-0.6787477099079862,6.274961982054745,0.0,Day
3,2023-04-07 02:00:00,41.957186228020454,-81.89363851491984,Clear,-6.237406900725997,8.105181001698293,0.0,Day
2,2023-04-07 03:00:00,36.30800581092428,-95.85478786885425,Cloudy,16.395106253510324,7.237912464770222,0.0,Night
3,2023-04-07 04:00:00,32.74524473533743,-101.95287310151528,Clear,31.564684987333465,7.409303261931471,0.0,Night
2,2023-04-07 05:00:00,44.07166974972246,-89.45052857863828,Rain,2.5394947500160505,9.713035699076631,0.4380611547128955,Day
2,2023-04-07 06:00:00,44.448862296007476,-114.90071037129722,Clear,13.031888581521358,8.5308016156193,0.0,Night
1,2023-04-07 07:00:00,37.67059367706286,-99.30006737864196,Rain,-1.9598273276110092,6.30949867800037,0.08068410184812727,Night
1,2023-04-07 08:00:00,37.03761776440199,-79.45137844904283,Snow,10.210041199681385,7.519609088707127,0.3149227741604444,Night
2,2023-04-07 09:00:00,43.512625991772566,-106.8967973679404,Rain,-9.227744622226238,7.333364095259892,0.23649317329482325,Day
2,2023-04-07 10:00:00,38.942050164130265,-74.2951931952384,Cloudy,35.53645339267264,8.97526303439182,0.0,Day
1,2023-04-07 11:00:00,33.99057934927005,-89.81782002750506,Thunderstorm,23.828594750028437,9.166775570481013,0.2020280212585976,Day
3,2023-04-07 12:00:00,36.37795885281921,-92.96081746101885,Clear,6.640685881738587,6.417214113708627,0.0,Night
1,2023-04-07 13:00:00,42.53983617713121,-100.02144996425106,Clear,34.05991300280116,9.105757269531182,0.0,Night
1,2023-04-07 14:00:00,42.89344961032141,-82.90002775955526,Cloudy,-0.853518528347788,5.897507026455007,0.0,Day
3,2023-04-07 15:00:00,44.0887920522227,-91.77661697498992,Clear,-6.063313407216283,8.813852772688477,0.0,Night
2,2023-04-07 16:00:00,34.32391330766345,-80.17288619101726,Thunderstorm,37.13107905729462,6.243922719006804,0.49498946368324387,Night
3,2023-04-07 17:00:00,40.19929135451566,-103.41605408976334,Clear,5.450848086794689,6.4896557870664795,0.0,Day
2,2023-04-07 18:00:00,31.025832185018224,-84.89927902465308,Rain,36.79866970542268,9.26233920094497,0.145989108072664,Night
4,2023-04-07 19:00:00,40.88853983290127,-72.82786634313159,Rain,21.880645963640337,7.100374325281485,0.4335695379758307,Day
2,2023-04-07 20:00:00,38.4479953506862,-106.00406013647147,Clear,39.00214664077357,9.95282912428148,0.0,Day
1,2023-04-07 21:00:00,33.74649139634376,-70.94991618185061,Cloudy,27.67146061062102,5.759715149537206,0.0,Night
2,2023-04-07 22:00:00,39.819478728807496,-99.47363732326401,Clear,-4.725806653585098,7.316745190198417,0.0,Day
1,2023-04-07 23:00:00,32.027731531300894,-118.073382614887,Cloudy,32.61143334877412,8.662251654544681,0.0,Night
4,2023-04-08 00:00:00,35.00709445102149,-102.11494038347918,Clear,-2.606073873601585,5.026835289892537,0.0,Night
1,2023-04-08 01:00:00,36.01370398190928,-112.51788396787639,Fog,24.6098802887157,1.4908340669018179,0.0,Night
2,2023-04-08 02:00:00,41.65705745660605,-104.78573128539985,Thunderstorm,15.020372471168212,5.101783747054902,0.30270839673066996,Night
1,2023-04-08 03:00:00,34.631764597916586,-115.20151913297921,Clear,25.386250407224196,9.964389326913768,0.0,Day
3,2023-04-08 04:00:00,30.73551978138356,-111.08981972466817,Clear,28.24947663340992,8.803123312107353,0.0,Night
2,2023-04-08 05:00:00,32.71111041565319,-113.66505228786055,Rain,30.18326057066581,6.867795488733002,0.3111661435129136,Day
4,2023-04-08 06:00:00,39.12139696257453,-117.82618540227715,Clear,31.74900663478575,5.781424673483879,0.0,Night
1,2023-04-08 07:00:00,30.22875570758439,-105.19068136072345,Fog,32.361226077482186,1.6000404240266066,0.0,Day
1,2023-04-08 08:00:00,41.883484084055866,-72.95199877076715,Cloudy,10.628721326120985,7.659536002754559,0.0,Night
1,2023-04-08 09:00:00,43.51680117537811,-72.53033642719865,Clear,34.46140360961038,9.879456590995995,0.0,Day
3,2023-04-08 10:00:00,37.43096412220292,-77.66767517615165,Snow,25.97901267727933,8.37305472328882,0.15257799781694406,Day
3,2023-04-08 11:00:00,40.614456275510236,-119.39297387688839,Cloudy,31.948546570916143,6.825691841293647,0.0,Day
1,2023-04-08 12:00:00,36.94015185769229,-118.59382652910419,Fog,39.45956764323,0.5818704658842906,0.0,Day
1,2023-04-08 13:00:00,34.631449417722685,-119.48212843145893,Fog,-4.1792628933724565,1.3493335172159728,0.0,Day
3,2023-04-08 14:00:00,32.47299568014795,-101.66799572469279,Clear,8.528984884270404,7.593831144422252,0.0,Day
1,2023-04-08 15:00:00,37.772434314520915,-70.98710192564396,Clear,30.327351035313256,9.821007428881778,0.0,Night
1,2023-04-08 16:00:00,43.94834352348842,-75.15810925709408,Thunderstorm,-5.684826430187103,5.08180859408913,0.25559326817359884,Night
1,2023-04-08 17:00:00,43.3495825032726,-107.4732469942908,Fog,17.039053273623008,1.0257652401451405,0.0,Day
1,2023-04-08 18:00:00,43.79438700593272,-99.4902567070537,Clear,32.91989794640653,8.135807246065582,0.0,Night
1,2023-04-08 19:00:00,44.496195901470074,-78.77858179567366,Snow,-9.05043683959171,8.426649292286609,0.4699683000443433,Day
1,2023-04-08 20:00:00,32.4803696611393,-82.07082440644464,Cloudy,36.97594492795362,7.852835446287264,0.0,Night
2,2023-04-08 21:00:00,32.19788011934104,-113.36909816325358,Clear,38.90724119523014,5.220883881208279,0.0,Day
3,2023-04-08 22:00:00,36.416421117742885,-114.61115627351617,Fog,6.1140464854119045,1.1532986623208694,0.0,Night
2,2023-04-08 23:00:00,40.33967304197261,-92.81397357935614,Clear,28.339559569502555,9.611256351676072,0.0,Day
3,2023-04-09 00:00:00,36.59540879948133,-114.89440907600647,Fog,-3.641194866777427,0.7927164047703297,0.0,Day
1,2023-04-09 01:00:00,43.38531556410202,-78.74906637396404,Clear,28.643213526358743,9.964686346634709,0.0,Day
2,2023-04-09 02:00:00,40.7609472568444,-107.333670514461,Cloudy,14.076084041700259,8.397942421973084,0.0,Day
2,2023-04-09 03:00:00,39.50956208169303,-110.58351207038676,Clear,33.01365392641061,7.221772450630922,0.0,Day
3,2023-04-09 04:00:00,31.065567412189104,-110.71642566328387,Cloudy,0.630321363810042,9.6002442821802,0.0,Night
1,2023-04-09 05:00:00,32.63003141226412,-117.73842373494216,Rain,23.632897662111972,8.974930948087277,0.39862423076382825,Day
3,2023-04-09 06:00:00,36.42230631368081,-87.90825901745545,Clear,29.305958720792532,7.14482539792451,0.0,Night
1,2023-04-09 07:00:00,44.64562154036982,-111.77519859805899,Cloudy,0.12461326261638384,5.34296486133678,0.0,Night
2,2023-04-09 08:00:00,35.01613047875572,-108.33310111363728,Cloudy,30.914363878491073,9.341522872672504,0.0,Night
4,2023-04-09 09:00:00,39.44963193773661,-82.43469817523169,Clear,37.89927504709346,8.825199656791707,0.0,Day
2,2023-04-09 10:00:00,44.83359049799391,-117.12593722936383,Snow,20.80392999603155,8.953674186453574,0.09409544242343675,Day
2,2023-04-09 11:00:00,33.96037588349395,-109.86274436640626,Clear,29.242520839527522,8.724293663627778,0.0,Day
4,2023-04-09 12:00:00,32.50000534862369,-112.53257398475324,Cloudy,16.629192967982284,6.378772446890414,0.0,Day
2,2023-04-09 13:00:00,38.19499923201,-119.7575493395222,Cloudy,19.905168049781537,9.294228598346688,0.0,Night
1,2023-04-09 14:00:00,38.2783558576713,-93.032892574464,Cloudy,-9.332378273716039,5.0111627657205435,0.0,Day
4,2023-04-09 15:00:00,43.828299487621415,-110.49830005532684,Clear,16.214363341801356,6.186381391918763,0.0,Night
1,2023-04-09 16:00:00,30.396451427874105,-88.35467481071493,Cloudy,18.778187491202008,5.232797994120978,0.0,Night
3,2023-04-09 17:00:00,36.1106659957987,-94.91102177681394,Cloudy,23.502377288269322,5.5529822833448,0.0,Night
1,2023-04-09 18:00:00,34.685222376869575,-86.60609736250626,Rain,-1.5304695583655672,7.661895687587528,0.14276426266781525,Night
3,2023-04-09 19:00:00,38.56579222326567,-70.921783035363,Snow,2.0687131192546264,5.186280949705172,0.38017623941814055,Day
2,2023-04-09 20:00:00,30.139955322910037,-109.00629746854486,Cloudy,27.800231584613137,5.906905238501897,0.0,Day
4,2023-04-09 21:00:00,40.665957126016906,-86.70614275369796,Clear,-1.618058998631719,6.163700736954139,0.0,Night
2,2023-04-09 22:00:00,37.274846137395365,-78.31945638160451,Clear,10.801303619287854,8.276694025686108,0.0,Night
1,2023-04-09 23:00:00,40.510338088293324,-72.13068860599584,Clear,2.524510949444778,7.344102622241159,0.0,Day
2,2023-04-10 00:00:00,36.717093204694976,-88.88328320091796,Clear,17.259205181087665,7.292062615277292,0.0,Day
1,2023-04-10 01:00:00,37.112892497888794,-113.45829894961227,Clear,39.34354405774719,8.842162771288123,0.0,Night
3,2023-04-10 02:00:00,43.433245921086076,-117.30760470450444,Clear,32.60189488391467,7.283607060371676,0.0,Day
3,2023-04-10 03:00:00,33.1634722293673,-106.07434305377652,Clear,3.473716998079505,6.742443714590232,0.0,Day
2,2023-04-10 04:00:00,33.26233101773644,-73.59213487940792,Clear,8.430590528922131,9.812255228021664,0.0,Night
3,2023-04-10 05:00:00,38.39214892665457,-93.15340853580946,Clear,35.93167912489197,5.041466547189285,0.0,Night
1,2023-04-10 06:00:00,39.903364118316276,-91.03472306825708,Clear,34.914748617736926,6.526965000376919,0.0,Day
2,2023-04-10 07:00:00,35.32032350223223,-89.46987357667102,Clear,-1.9735980775673365,8.046963581898616,0.0,Night
2,2023-04-10 08:00:00,37.792667509723614,-103.38923748965587,Cloudy,31.46355658772667,8.914046180264027,0.0,Day
2,2023-04-10 09:00:00,33.417846031762984,-110.92045569170719,Cloudy,4.880395239372589,9.08206477379282,0.0,Night
1,2023-04-10 10:00:00,32.03865933464743,-72.28791534186419,Clear,17.190157965913475,5.230365659275862,0.0,Day
3,2023-04-10 11:00:00,33.57393975099379,-82.2307463488596,Cloudy,-9.745080535490093,8.545660277787938,0.0,Day
1,2023-04-10 12:00:00,43.74559588792736,-94.44749388605288,Clear,39.92950954480776,8.601268217359085,0.0,Night
2,2023-04-10 13:00:00,42.02726995989112,-101.1647415178935,Clear,28.054823482422428,6.070397107281341,0.0,Night
1,2023-04-10 14:00:00,32.10368517243315,-95.8613862128229,Clear,2.086652994936225,5.56387514235046,0.0,Day
3,2023-04-10 15:00:00,30.69840459172803,-118.31674017494588,Cloudy,24.18974470695302,8.748430788476512,0.0,Night
1,2023-04-10 16:00:00,31.397774577686928,-107.62532464674408,Rain,4.665368141173996,6.247500031186391,0.21855456558521952,Night
2,2023-04-10 17:00:00,34.40149206261898,-107.46469971094044,Clear,-5.527209300699173,5.008369020418386,0.0,Night
1,2023-04-10 18:00:00,42.17038523629108,-97.73263299882996,Clear,11.265497818356515,6.117863017884305,0.0,Night
3,2023-04-10 19:00:00,34.820617299106715,-108.18653952179871,Fog,20.68594312218226,0.5303729276352424,0.0,Night
2,2023-04-10 20:00:00,32.78482894902646,-110.72714209579316,Clear,-5.511127089446085,6.245933433470643,0.0,Day
3,2023-04-10 21:00:00,35.93761658186939,-81.7236121279661,Clear,15.920314926447137,6.675097911659105,0.0,Night
1,2023-04-10 22:00:00,31.8608043351198,-75.3247292255591,Fog,15.743211622275496,0.7720819805469207,0.0,Night
3,2023-04-10 23:00:00,37.05325267110095,-116.64300202275898,Snow,21.432262030685155,9.599685335896222,0.08504256099524113,Day
1,2023-04-11 00:00:00,40.133312319694596,-109.51730914865082,Cloudy,2.2322819265231857,6.162664736926423,0.0,Night
1,2023-04-11 01:00:00,35.532729295841214,-81.31565972302553,Cloudy,-8.967925837706684,7.337674113890507,0.0,Night
2,2023-04-11 02:00:00,32.60417243911066,-79.20826051820907,Clear,6.24287533628025,9.787137969220236,0.0,Night
1,2023-04-11 03:00:00,36.79796223156715,-94.99199489584345,Clear,9.92905962628484,9.395997456851111,0.0,Night
1,2023-04-11 04:00:00,41.43733848715223,-85.25585964640251,Cloudy,21.78705273402133,6.546292372663807,0.0,Day
4,2023-04-11 05:00:00,31.148913774617228,-116.11998465050264,Clear,36.50859311376257,6.632451474787343,0.0,Night
4,2023-04-11 06:00:00,31.06405683035167,-77.52356352559076,Cloudy,0.16927613917589213,7.966647012547249,0.0,Day
3,2023-04-11 07:00:00,34.77166109149258,-78.36356217905461,Fog,24.366681438416997,1.170825109840327,0.0,Night
1,2023-04-11 08:00:00,36.22579181105814,-85.32989764666468,Thunderstorm,-5.129954531336508,5.049998977279016,0.35243030433916755,Night
1,2023-04-11 09:00:00,33.2470775359259,-74.18365132448525,Clear,-0.46891222225914575,6.965598960925906,0.0,Day
2,2023-04-11 10:00:00,30.4036594680308,-117.61828682755907,Cloudy,15.456725578479578,9.24887743181112,0.0,Day
1,2023-04-11 11:00:00,33.29339462870691,-108.45182477360963,Cloudy,25.41887895798864,7.052349891933879,0.0,Night
4,2023-04-11 12:00:00,36.53054807810644,-101.87273194717329,Fog,32.92842679704694,1.3113804605410502,0.0,Day
1,2023-04-11 13:00:00,31.19141016654333,-112.0705562958689,Clear,27.195171598984913,8.459624512061012,0.0,Day
4,2023-04-11 14:00:00,40.73837742965956,-79.25861693252607,Clear,-9.232360656974084,6.027293548151836,0.0,Night
2,2023-04-11 15:00:00,38.28151266615345,-82.14033884911325,Clear,24.196566295967855,7.247972521834916,0.0,Day
3,2023-04-11 16:00:00,36.51660329703676,-81.33737827678476,Clear,31.232885185015334,7.8309335640633595,0.0,Day
1,2023-04-11 17:00:00,37.78067764819321,-105.43532636459209,Clear,16.2766738694569,8.57731467622045,0.0,Day
3,2023-04-11 18:00:00,39.837089730255464,-81.86568454655603,Rain,38.27993454832046,9.111948157875426,0.456328852177031,Day
1,2023-04-11 19:00:00,44.921977586148195,-113.84713028682326,Rain,-9.784378877808344,8.799666055847467,0.18001480920130908,Day
2,2023-04-11 20:00:00,41.62680093812176,-114.65997575936271,Clear,30.932897531215197,5.141557336926151,0.0,Day
3,2023-04-11 21:00:00,38.105446665807776,-90.79713165755365,Cloudy,6.740986595959722,8.353189208008327,0.0,Night
1,2023-04-11 22:00:00,41.558006975120094,-117.56656706191,Clear,22.52248908689137,7.486577319278366,0.0,Night
2,2023-04-11 23:00:00,37.128363414893954,-73.06747031962647,Fog,24.674094720924984,1.3807875507006757,0.0,Day
2,2023-04-12 00:00:00,34.66363054092076,-103.55767972314965,Fog,5.312450818863098,0.9461208942617525,0.0,Day
2,2023-04-12 01:00:00,33.92941916722913,-96.14836965090578,Thunderstorm,39.771224990675385,8.570131072934526,0.06524127121638117,Night
2,2023-04-12 02:00:00,35.992189156504885,-79.33853819133583,Fog,-4.83749859648134,1.1092546489358521,0.0,Night
2,2023-04-12 03:00:00,30.034249131037033,-99.99735677794843,Clear,-2.148545741567334,7.897432407281828,0.0,Day
2,2023-04-12 04:00:00,32.65433866069265,-98.46773356405724,Clear,34.609585262553104,9.308027662946573,0.0,Night
2,2023-04-12 05:00:00,31.898000173588347,-102.6028014901171,Cloudy,-4.041006177756409,5.509500124458197,0.0,Night
2,2023-04-12 06:00:00,44.405130395203564,-102.41382784695134,Fog,9.064313237298432,0.5291295442960922,0.0,Night
1,2023-04-12 07:00:00,30.972717358980457,-96.60223430824905,Clear,26.65711059481007,7.475652076014139,0.0,Day
3,2023-04-12 08:00:00,37.51459161210465,-72.70357238142711,Clear,29.574593041786912,9.793024056497678,0.0,Night
3,2023-04-12 09:00:00,43.79576896855137,-73.19909397056175,Snow,37.73345884063962,5.359816931409096,0.1354924748843067,Day
2,2023-04-12 10:00:00,39.11280328285309,-92.74191693455504,Clear,29.47869173371,6.685387449924185,0.0,Night
2,2023-04-12 11:00:00,37.42903617009934,-97.20201010024756,Cloudy,32.22661920598787,9.629452768629749,0.0,Night
2,2023-04-12 12:00:00,41.14490080428331,-79.59194237156984,Rain,37.46880028472054,9.489737837245816,0.14972658148342555,Night
3,2023-04-12 13:00:00,35.300629374256985,-85.95354215316925,Clear,17.68438461370571,9.326227853538011,0.0,Night
2,2023-04-12 14:00:00,32.90571660488204,-75.92182989394296,Clear,7.171673004927218,6.541952280006919,0.0,Night
1,2023-04-12 15:00:00,42.70923688784455,-83.46940793556618,Rain,28.080657233325155,9.234178898755026,0.11814319583122793,Day
2,2023-04-12 16:00:00,30.848732384628768,-72.38278390846739,Cloudy,-1.8229206789221646,7.526697059479593,0.0,Day
1,2023-04-12 17:00:00,42.11690983630426,-75.68771296815186,Thunderstorm,-6.5884164997971695,8.098894220211811,0.43647582733162205,Day
1,2023-04-12 18:00:00,31.550491349315262,-77.23754109151632,Clear,29.266543256138455,6.1941245273043455,0.0,Night
2,2023-04-12 19:00:00,39.38351816860464,-100.4225935091495,Clear,37.53356790314259,8.533369444595506,0.0,Night
2,2023-04-12 20:00:00,37.155709929820986,-100.68938316555428,Rain,12.122347248318768,6.638485521278197,0.32793568106031223,Day
2,2023-04-12 21:00:00,44.97811754883121,-82.93985800788963,Cloudy,-1.9433273275940763,6.719402130603258,0.0,Day
2,2023-04-12 22:00:00,35.818811630874194,-115.81254968761108,Clear,14.85104880434313,8.184085880467878,0.0,Night
4,2023-04-12 23:00:00,44.35930046870829,-103.88927726844544,Rain,9.66589259767057,6.199159610870355,0.0972849725283829,Night
2,2023-04-13 00:00:00,36.05670755927723,-73.38880810797144,Clear,8.623696987924788,6.122193616229083,0.0,Night
2,2023-04-13 01:00:00,40.22550736374201,-97.49493871006231,Clear,21.404041998860784,6.8458147129803875,0.0,Day
1,2023-04-13 02:00:00,39.65491903267842,-106.50508754129305,Clear,-1.2632142644846933,8.890318125296169,0.0,Night
1,2023-04-13 03:00:00,31.296779278547387,-96.17738990913287,Clear,9.024077434869014,6.123410245315746,0.0,Night
2,2023-04-13 04:00:00,41.15048727596684,-105.57051946175832,Cloudy,33.43384195533652,8.936591952768264,0.0,Night
2,2023-04-13 05:00:00,33.13001416010612,-81.5869553937298,Cloudy,26.483254880856073,8.47802638582375,0.0,Day
3,2023-04-13 06:00:00,35.82661418779311,-77.46974565428069,Rain,-7.220576660560543,8.395399402350748,0.2956070702939901,Day
2,2023-04-13 07:00:00,41.73301120659135,-80.86708763524445,Fog,15.695189798124364,0.8075288373081351,0.0,Night
2,2023-04-13 08:00:00,44.16470530020911,-112.54764716220143,Clear,-5.435234104656086,8.729439166796755,0.0,Day
1,2023-04-13 09:00:00,38.39705484310483,-103.19714171688318,Clear,37.87482144742816,5.067597600519395,0.0,Night
1,2023-04-13 10:00:00,37.790767515278084,-109.30144900034428,Clear,2.232032044150266,6.528036290827109,0.0,Night
4,2023-04-13 11:00:00,37.573851252204754,-117.86004405967076,Clear,36.63105128567068,8.395687319119073,0.0,Day
2,2023-04-13 12:00:00,42.24847044046989,-83.04122876622006,Rain,31.700420424575732,9.936477121326414,0.3584011316250996,Night
1,2023-04-13 13:00:00,44.89674119867146,-98.58202092885483,Rain,17.568221734864974,5.012571705421379,0.1971656226241418,Day
3,2023-04-13 14:00:00,39.50386565667083,-106.16884556760095,Rain,6.815228642148426,7.549861325168539,0.4566003613307184,Night
3,2023-04-13 15:00:00,35.67933639725085,-104.62362459042058,Clear,32.89733403453253,9.619182145185121,0.0,Night
2,2023-04-13 16:00:00,33.279964715746296,-113.24917681446152,Clear,-2.360814953172932,9.317696924083368,0.0,Night
1,2023-04-13 17:00:00,32.98231805874306,-78.6619683288545,Cloudy,-1.0012943050484857,5.115680973772107,0.0,Night
2,2023-04-13 18:00:00,42.84226502406509,-112.80377570806553,Clear,1.2361338683404703,7.647790636753426,0.0,Day
1,2023-04-13 19:00:00,44.885280866287786,-103.08418563012238,Cloudy,19.884844892309353,5.021435507084668,0.0,Night
3,2023-04-13 20:00:00,40.46985660631324,-119.63060328312781,Thunderstorm,5.716261227625711,8.947874741161877,0.07471860335018536,Night
2,2023-04-13 21:00:00,44.337434239319286,-98.17942348759675,Clear,39.45907197394553,6.544374210446729,0.0,Night
2,2023-04-13 22:00:00,35.249932997464775,-102.25997151185555,Rain,-0.24434823534178207,8.827953309576444,0.40828346338780763,Night
2,2023-04-13 23:00:00,39.41392850156406,-84.04489965150731,Cloudy,30.280504877707706,9.72396670851786,0.0,Day
1,2023-04-14 00:00:00,37.67526830359938,-84.23431841262521,Clear,-5.208189074660221,9.880425270775742,0.0,Day
1,2023-04-14 01:00:00,37.23027236793279,-118.06843840269786,Cloudy,7.672328114975972,9.470555904390697,0.0,Night
4,2023-04-14 02:00:00,39.4856045424063,-114.20680392560493,Clear,2.1881250103026915,6.020717265874831,0.0,Night
1,2023-04-14 03:00:00,34.655082217293184,-74.76869966827311,Clear,38.84179743151267,5.973000849639984,0.0,Night
1,2023-04-14 04:00:00,39.60933508086703,-80.41008346081868,Cloudy,-8.71347101112719,8.128902164431139,0.0,Day
4,2023-04-14 05:00:00,40.09292297523589,-100.52575538821625,Fog,26.083476285027984,1.0126145523194579,0.0,Day
2,2023-04-14 06:00:00,42.541699997557956,-111.68127581284118,Clear,2.3861062700449,5.047673039006744,0.0,Day
3,2023-04-14 07:00:00,40.95722127678472,-106.96093565872418,Clear,30.562433129330955,6.958636755756646,0.0,Day
1,2023-04-14 08:00:00,34.796616946876405,-87.0986658255863,Fog,5.561219979259194,1.7751557417343555,0.0,Day
2,2023-04-14 09:00:00,36.7620004833264,-72.7253506914289,Snow,-0.6357877494258393,9.49179509459931,0.18019907104060845,Night
2,2023-04-14 10:00:00,31.805668668142026,-89.21309584793111,Rain,24.651992571163134,6.019534420480174,0.24678650499357713,Day
3,2023-04-14 11:00:00,33.85941206433157,-118.67771990757838,Clear,2.8788267853970133,6.909815345786304,0.0,Day
1,2023-04-14 12:00:00,37.81417589912465,-87.46409364396499,Fog,14.277343498920779,1.4797754031206596,0.0,Night
2,2023-04-14 13:00:00,31.51141171296787,-72.76241785492758,Clear,-3.423328884297751,9.263921325461123,0.0,Night
3,2023-04-14 14:00:00,38.55909443699604,-102.06794939233272,Cloudy,26.229900552158625,7.659972196206741,0.0,Day
2,2023-04-14 15:00:00,35.854187275443955,-73.32221605075418,Clear,10.341810252693637,9.840999062315174,0.0,Day
2,2023-04-14 16:00:00,30.521494131678576,-86.46900873916516,Cloudy,-2.9710120281369514,8.995260689939439,0.0,Night
1,2023-04-14 17:00:00,36.51671822416133,-110.50822586810979,Clear,27.079752339549103,9.76545936489311,0.0,Night
1,2023-04-14 18:00:00,34.21710264673722,-112.7347206446988,Cloudy,-4.831890398413188,8.657461091881716,0.0,Day
2,2023-04-14 19:00:00,31.004660612866427,-111.18502006543503,Clear,18.741021125448306,9.38812069681265,0.0,Day
2,2023-04-14 20:00:00,34.400547920922975,-85.03877127345795,Clear,20.374258484502565,9.155018961889247,0.0,Night
4,2023-04-14 21:00:00,34.4114268558908,-90.5239356855309,Cloudy,36.51752501873487,6.26919240870564,0.0,Day
3,2023-04-14 22:00:00,35.326105059066265,-97.22282145017437,Fog,-2.4509750727382063,1.9353199183159557,0.0,Day
2,2023-04-14 23:00:00,35.49712453762994,-106.83226358089604,Thunderstorm,22.66731798651348,9.321917127283658,0.2520734715047657,Day
3,2023-04-15 00:00:00,36.446572571823665,-74.6384396004434,Clear,9.038429069763328,5.423388687601615,0.0,Night
1,2023-04-15 01:00:00,31.379371915868344,-109.31282523835263,Rain,10.040717351315468,7.0428180234986595,0.13362287873804718,Night
2,2023-04-15 02:00:00,30.07916673412301,-105.81968910720055,Rain,15.09125909719041,9.103288851427795,0.20634027148046327,Night
1,2023-04-15 03:00:00,41.040109307995024,-117.25409266732187,Clear,1.6892306024502624,9.066196659205868,0.0,Night
1,2023-04-15 04:00:00,35.06019674140707,-106.23373480596257,Clear,13.059161947622904,5.693914053401348,0.0,Night
3,2023-04-15 05:00:00,39.20417663186182,-73.8551161642298,Rain,24.342308420041753,7.438549004286047,0.1569721958387578,Day
2,2023-04-15 06:00:00,34.60552229899778,-110.619798837225,Fog,12.855651977422966,1.1461970792956624,0.0,Day
2,2023-04-15 07:00:00,44.76281010668948,-109.80185626911424,Cloudy,-7.874578633445536,6.618607262196092,0.0,Night
2,2023-04-15 08:00:00,34.73137056475056,-90.00113017716046,Cloudy,2.891312377242892,9.585905725321684,0.0,Day
2,2023-04-15 09:00:00,39.07566603781267,-91.6523254736282,Cloudy,7.573010637655479,8.265588060028659,0.0,Day
1,2023-04-15 10:00:00,33.299568729231204,-111.20207231846172,Clear,7.736056844481684,9.900937449221853,0.0,Night
2,2023-04-15 11:00:00,37.76703567565431,-112.28675655353493,Rain,-5.9496553740339095,5.333831054133794,0.40056081276909244,Night
2,2023-04-15 12:00:00,38.68996210005472,-114.15115183160104,Rain,12.478527580863155,6.971750864554659,0.05588278044925379,Night
3,2023-04-15 13:00:00,32.74236059461045,-76.94572592438577,Clear,24.59745094942835,9.175687810494054,0.0,Night
1,2023-04-15 14:00:00,31.854831100469987,-87.27823894980659,Fog,-7.566399097568834,1.2113299207458514,0.0,Day
1,2023-04-15 15:00:00,44.6040193521964,-72.32771640728834,Clear,27.54620861866153,6.309390135216621,0.0,Night
2,2023-04-15 16:00:00,43.39901422953323,-111.7083240247454,Thunderstorm,37.75526014817292,9.989037721585536,0.031711744282228845,Day
3,2023-04-15 17:00:00,39.9010069810779,-96.969818705915,Clear,-9.533092181419807,9.36562444851157,0.0,Day
2,2023-04-15 18:00:00,42.915814068828816,-82.84768026739746,Clear,-0.3153842033927674,7.732368306497243,0.0,Night
3,2023-04-15 19:00:00,31.433405594931493,-109.32258393775497,Clear,17.174389117264614,7.808546181233037,0.0,Day
4,2023-04-15 20:00:00,40.94064372479316,-85.76616283686752,Cloudy,0.902474327503441,5.034314802938266,0.0,Night
4,2023-04-15 21:00:00,34.284065180395096,-96.30983216202675,Clear,28.231301583893398,9.904972904415558,0.0,Night
3,2023-04-15 22:00:00,38.0923978704281,-98.45855991675127,Cloudy,5.606715747972155,9.031475809537458,0.0,Night
3,2023-04-15 23:00:00,41.47220877577868,-87.75011777302424,Cloudy,4.681264115895903,5.183646797723144,0.0,Day
1,2023-04-16 00:00:00,30.502189952161615,-96.61527724736538,Rain,-9.953806210827906,5.881650960795782,0.21533861534491672,Night
3,2023-04-16 01:00:00,40.42257271648534,-78.9993500398909,Clear,3.5063094094137863,9.105156151487124,0.0,Day
2,2023-04-16 02:00:00,36.52300185709731,-73.47393162663926,Cloudy,0.883526095342944,5.4343277413598035,0.0,Night
4,2023-04-16 03:00:00,36.59509307817174,-90.55706342780041,Clear,7.162048357123787,9.708928637547835,0.0,Night
1,2023-04-16 04:00:00,43.60917150099145,-104.97027494490297,Rain,-2.6171673487849905,9.999455310753126,0.4437885281168663,Day
2,2023-04-16 05:00:00,42.896045788945074,-81.13889079651725,Clear,19.73243332112474,9.43216404790146,0.0,Night
2,2023-04-16 06:00:00,30.863006171341933,-111.47551271267162,Fog,1.937077174617139,1.145226129460636,0.0,Night
2,2023-04-16 07:00:00,39.274731463518215,-115.25045858647906,Rain,31.587543237408795,7.436411755843865,0.15108891180483006,Night
1,2023-04-16 08:00:00,36.537692469753374,-94.0634242473053,Cloudy,4.227897336880602,5.412147881736868,0.0,Day
2,2023-04-16 09:00:00,31.767216964701213,-87.66320831307559,Cloudy,0.5434799729830164,8.65223115921101,0.0,Night
3,2023-04-16 10:00:00,42.765770794326215,-78.25010147163525,Clear,-7.162431903028263,6.984325770139432,0.0,Day
2,2023-04-16 11:00:00,31.07266609571554,-72.23937974054638,Clear,26.995334501087193,7.851143155733372,0.0,Day
1,2023-04-16 12:00:00,30.48146092900364,-76.33309570695073,Fog,15.410408751877796,1.835960476296828,0.0,Day
3,2023-04-16 13:00:00,32.96273309929952,-70.56502132269185,Fog,-4.31085013097586,1.0622505478657391,0.0,Day
1,2023-04-16 14:00:00,34.55068884900139,-96.21500003377203,Clear,1.0667391308755807,6.621484793232025,0.0,Night
1,2023-04-16 15:00:00,30.91321166141166,-104.17311908410605,Cloudy,39.93595360299213,9.069140117068564,0.0,Day
2,2023-04-16 16:00:00,39.61967188654923,-97.01468606651927,Rain,30.30143633917897,7.1324577007978,0.30040533556541243,Night
3,2023-04-16 17:00:00,36.557250362723266,-87.79347498795593,Cloudy,7.493474288379463,6.558539559812742,0.0,Day
2,2023-04-16 18:00:00,36.18283292413842,-94.63716952297754,Clear,17.127741530767196,7.164851986374604,0.0,Night
2,2023-04-16 19:00:00,32.18011100942136,-88.29400890674084,Clear,10.800857945029662,5.161436829732342,0.0,Night
2,2023-04-16 20:00:00,36.566836254559,-75.66386879080804,Clear,-8.180521729957176,9.453021414076915,0.0,Night
2,2023-04-16 21:00:00,35.85248916713111,-111.70940668539545,Snow,28.933850460645317,7.758807795834391,0.07097599727286269,Night
1,2023-04-16 22:00:00,35.754640798818436,-113.98679922753553,Cloudy,25.849305661161367,5.524131135603326,0.0,Night
4,2023-04-16 23:00:00,33.27850517807612,-95.07405935402454,Cloudy,10.440115724793884,6.442034659745676,0.0,Night
3,2023-04-17 00:00:00,31.416560021884592,-70.9115941201636,Fog,32.29485684403137,1.323692271454003,0.0,Night
2,2023-04-17 01:00:00,33.91061897034342,-117.04782493990987,Cloudy,16.73695474446072,7.965287132019616,0.0,Day
2,2023-04-17 02:00:00,40.00905247335788,-70.67213475061338,Fog,-6.739578029409828,0.5084681758396503,0.0,Night
3,2023-04-17 03:00:00,31.093851551512074,-71.6146692647603,Cloudy,2.970314512344066,7.131728306829971,0.0,Day
2,2023-04-17 04:00:00,35.734866618671276,-105.37002429271885,Clear,13.088641804292305,6.292373897176675,0.0,Day
1,2023-04-17 05:00:00,37.71564345948529,-75.44981018433873,Fog,-4.827538064460143,1.6835366629313553,0.0,Night
1,2023-04-17 06:00:00,44.4472771890845,-119.61207081572819,Cloudy,18.55405964314525,9.210150160760271,0.0,Day
2,2023-04-17 07:00:00,42.65737503150522,-97.2969426984622,Clear,-3.9715919158299275,6.4623932085399804,0.0,Day
4,2023-04-17 08:00:00,43.74919999094914,-99.89382543813565,Clear,0.02540927421242678,9.19205369427506,0.0,Night
1,2023-04-17 09:00:00,42.30002312242242,-74.8670996610251,Clear,34.69918306691142,7.392785333569617,0.0,Night
1,2023-04-17 10:00:00,38.83671867683741,-96.38519120402772,Cloudy,39.9906194020617,5.914473184738136,0.0,Day
2,2023-04-17 11:00:00,42.91180206798019,-99.10306232555519,Fog,17.51266720233434,1.186811078258648,0.0,Night
3,2023-04-17 12:00:00,38.47871176445248,-88.02026948133816,Fog,20.982430506588244,1.2613161474849348,0.0,Night
1,2023-04-17 13:00:00,35.36621989562784,-101.21004057220009,Fog,29.87155734632151,0.6573068315168219,0.0,Day
1,2023-04-17 14:00:00,35.58513000928745,-93.17202161152493,Clear,24.806974810204466,9.186148345143662,0.0,Day
2,2023-04-17 15:00:00,38.48192569975048,-72.22167124151163,Clear,-0.8766727672641821,9.814928281719268,0.0,Night
2,2023-04-17 16:00:00,42.1415943408932,-109.86913455957878,Clear,10.583576226922219,5.42907266293121,0.0,Day
1,2023-04-17 17:00:00,32.004790323170994,-97.05436006794149,Fog,16.755825945420025,0.9983580528169032,0.0,Day
1,2023-04-17 18:00:00,30.588978294471456,-119.23113328264924,Clear,7.985599607335402,7.742124907612237,0.0,Day
2,2023-04-17 19:00:00,41.843529392330666,-77.88814592127643,Cloudy,-1.1946915121102535,6.321204809375001,0.0,Night
2,2023-04-17 20:00:00,39.713881038358,-115.39913194474555,Rain,26.805667203068644,7.345508948717882,0.3135976791091171,Night
4,2023-04-17 21:00:00,42.319654587806426,-115.26188275111343,Cloudy,-0.057679746032109236,5.3632934357805375,0.0,Night
2,2023-04-17 22:00:00,44.65014790489426,-75.85803109405461,Clear,3.0242964350902053,7.507945233366798,0.0,Day
1,2023-04-17 23:00:00,33.77091017130151,-99.53519857369977,Thunderstorm,4.325980756421625,5.624278265890702,0.2127062692321119,Day
2,2023-04-18 00:00:00,32.914379630212224,-85.63522763578476,Thunderstorm,-1.9110384762016235,9.192938790995257,0.2796294079509972,Day
2,2023-04-18 01:00:00,35.1146782109895,-77.10768148869724,Clear,32.477581149766635,8.797434013182283,0.0,Night
1,2023-04-18 02:00:00,43.16943448310312,-101.27612227371941,Cloudy,20.530815943234806,5.370367891086211,0.0,Day
4,2023-04-18 03:00:00,30.209458019321954,-106.92262720985669,Thunderstorm,31.73740649960694,9.181751773639672,0.4916774265626271,Night
3,2023-04-18 04:00:00,30.15798388077047,-111.52410033023293,Clear,14.686465675455459,6.6247924621231125,0.0,Night
1,2023-04-18 05:00:00,33.25179580365801,-89.64402934991604,Cloudy,15.978152006036769,6.764298714386655,0.0,Night
1,2023-04-18 06:00:00,35.638744436001616,-107.38637743415832,Clear,20.807231506718214,5.899017871207808,0.0,Night
1,2023-04-18 07:00:00,34.53519132472647,-88.28560070893192,Cloudy,8.545977196535102,9.17652060746239,0.0,Day
1,2023-04-18 08:00:00,42.37376764162291,-104.14289172942271,Clear,14.829204741555177,7.023528819242124,0.0,Day
2,2023-04-18 09:00:00,40.34583578469989,-102.61116053624995,Cloudy,17.34575645338409,5.244179353401568,0.0,Night
2,2023-04-18 10:00:00,42.567505228813175,-107.54428003647214,Clear,37.67712180886255,9.831248139130814,0.0,Night
4,2023-04-18 11:00:00,35.756404418306495,-99.07658965279752,Cloudy,34.14540659122652,6.279436069804311,0.0,Night
1,2023-04-18 12:00:00,38.93715427095141,-111.89350389566411,Thunderstorm,-3.5377076262738587,9.680886389532361,0.48701851995104906,Day
2,2023-04-18 13:00:00,37.73183173795366,-104.01466862387952,Snow,-7.935876660374143,6.506191813233802,0.19625726084853642,Night
3,2023-04-18 14:00:00,37.12089822665189,-81.10599123375344,Snow,24.01669758790895,9.15713297349057,0.287337470751904,Day
2,2023-04-18 15:00:00,34.321548146567594,-109.21905541854458,Cloudy,-7.540066667756131,8.321097462295954,0.0,Day
1,2023-04-18 16:00:00,40.63830945736924,-72.64433911717795,Clear,-6.982446752367096,9.306417159947824,0.0,Night
1,2023-04-18 17:00:00,37.86044408960771,-95.35391102531932,Clear,-2.03683015779286,9.880589933514486,0.0,Night
2,2023-04-18 18:00:00,31.179041716334165,-114.6539976782619,Fog,7.5853545433367024,1.989595575076041,0.0,Night
4,2023-04-18 19:00:00,30.007835765046003,-72.84693940043707,Clear,11.749805592560445,7.018325807500103,0.0,Night
4,2023-04-18 20:00:00,30.304785732828382,-97.16608673029137,Clear,15.96890173572184,9.072517407475814,0.0,Night
4,2023-04-18 21:00:00,31.139250528715237,-92.15174037833782,Rain,39.614409648608685,8.558254051535465,0.11304466111705824,Night
3,2023-04-18 22:00:00,35.56431286699701,-110.74026127137412,Clear,9.261637735604332,5.308018354158267,0.0,Night
2,2023-04-18 23:00:00,34.584985307702375,-103.33455060608064,Clear,2.137654825988026,9.64880048868812,0.0,Night
4,2023-04-19 00:00:00,32.349635679135226,-84.81809822994927,Thunderstorm,18.762620429236453,7.329805458134156,0.4685056660386229,Day
4,2023-04-19 01:00:00,37.7317395267043,-113.80153022439211,Fog,0.7575476303502455,1.2356904740138555,0.0,Night
2,2023-04-19 02:00:00,44.55272119954343,-91.47705753286303,Cloudy,37.02717158959423,7.12689048599073,0.0,Day
1,2023-04-19 03:00:00,32.410449580663354,-85.32386168979261,Thunderstorm,2.9627151022784606,8.015706225607389,0.09481144068199687,Night
2,2023-04-19 04:00:00,33.75887196298158,-119.90816798705907,Rain,39.49670678266358,7.864730625419548,0.07835523101676889,Night
1,2023-04-19 05:00:00,36.93154533711051,-78.12117844069223,Rain,10.933409519042272,7.873968233931515,0.1477992378665435,Day
1,2023-04-19 06:00:00,39.61261129311829,-117.18333520377645,Clear,30.634300368187574,6.279196415758668,0.0,Night
4,2023-04-19 07:00:00,39.00374986298468,-107.65399043982174,Clear,22.414016252288505,8.163512247105945,0.0,Night
4,2023-04-19 08:00:00,37.817989191174874,-71.82275508551416,Cloudy,36.67470872223679,9.537074168888314,0.0,Day
1,2023-04-19 09:00:00,41.059023204336356,-115.94796018277015,Fog,21.271347645434243,0.7169388414702951,0.0,Night
2,2023-04-19 10:00:00,42.68918338915731,-78.70297202517665,Cloudy,19.06089897209253,8.15290141310055,0.0,Day
3,2023-04-19 11:00:00,44.98450361125688,-87.40008551750425,Clear,22.642622228425623,6.219935035036231,0.0,Day
2,2023-04-19 12:00:00,36.982658249229566,-90.08106883375015,Clear,29.323276607227243,5.241405100943509,0.0,Night
2,2023-04-19 13:00:00,44.924349316896794,-90.91587794037369,Snow,34.942081609540395,7.928656819597026,0.3611494789850514,Night
3,2023-04-19 14:00:00,40.95749115416807,-111.67707008100489,Clear,3.340745004824578,5.237749010926129,0.0,Day
3,2023-04-19 15:00:00,39.86012626768125,-86.55889969530534,Cloudy,0.044354594005517,8.617922974602367,0.0,Night
4,2023-04-19 16:00:00,39.59524598499502,-72.41841281200013,Clear,-8.282515216701016,8.351763489008821,0.0,Day
2,2023-04-19 17:00:00,43.661164421418974,-116.14827472861276,Clear,8.50396015218001,6.846625094506577,0.0,Night
1,2023-04-19 18:00:00,44.219014590849454,-103.37937345082828,Rain,32.30925114190253,7.056450548239909,0.386429108954876,Day
4,2023-04-19 19:00:00,32.67739991935545,-96.38741524910499,Rain,-6.50712856815567,9.588804682386499,0.13971745303948988,Night
1,2023-04-19 20:00:00,37.401357615979364,-108.38544118154384,Clear,16.926003823167587,5.0656681276153135,0.0,Day
3,2023-04-19 21:00:00,44.1217477522448,-82.95543795910334,Clear,24.739431811553224,7.816516904114961,0.0,Day
1,2023-04-19 22:00:00,35.73169246487386,-85.5688578374545,Snow,31.84265165605293,9.616805628672317,0.12648738751634425,Night
2,2023-04-19 23:00:00,33.49014803519014,-114.11114409835653,Clear,19.171516098774823,9.569936238847983,0.0,Night
2,2023-04-20 00:00:00,31.539797674829934,-91.52687961728063,Cloudy,-0.6839994903523632,7.923278819123462,0.0,Night
1,2023-04-20 01:00:00,38.95826405316008,-101.55635116488511,Thunderstorm,38.22681291091121,6.90614999454799,0.02684042089166054,Night
4,2023-04-20 02:00:00,40.50409244598548,-108.58090158130358,Clear,-5.267424479898105,5.49451763166187,0.0,Night
1,2023-04-20 03:00:00,32.93321979565834,-77.5853174931438,Fog,28.44998058984791,1.1294195321009133,0.0,Night
3,2023-04-20 04:00:00,40.10457169758131,-117.26629972019028,Clear,-5.67203880783457,8.398366776018307,0.0,Night
3,2023-04-20 05:00:00,43.49428788275376,-96.6304860709205,Cloudy,-2.8290446159442393,5.083170419048839,0.0,Day
2,2023-04-20 06:00:00,33.65369181446091,-96.23442187670435,Clear,34.91077968474725,9.417427882039913,0.0,Day
3,2023-04-20 07:00:00,31.829998434775316,-91.49388013212419,Thunderstorm,27.65373293008799,7.939672350729418,0.3113732497989542,Day
1,2023-04-20 08:00:00,42.53135959019803,-110.12029017529926,Clear,8.27541356159917,5.225733311323821,0.0,Night
3,2023-04-20 09:00:00,43.746696545793654,-76.43994621276441,Clear,21.9362178328102,6.198837100958163,0.0,Day
2,2023-04-20 10:00:00,33.22292913668841,-71.73486681513575,Thunderstorm,12.862361085534715,7.971004552838274,0.12772032318479434,Night
2,2023-04-20 11:00:00,40.82070823851996,-92.55225539975613,Cloudy,-6.673111955184315,5.178006327299076,0.0,Night
2,2023-04-20 12:00:00,38.86379194578558,-107.19373193486774,Cloudy,26.056380816934784,8.899937009788811,0.0,Day
2,2023-04-20 13:00:00,33.587946796976965,-76.15867830284586,Clear,28.162786186807672,9.599610334153017,0.0,Night
4,2023-04-20 14:00:00,42.354865331715054,-70.59135503858599,Rain,34.11706930760082,9.806101966509686,0.1597102715089932,Day
1,2023-04-20 15:00:00,37.05656122023196,-82.90602591264113,Clear,17.031867330564,8.668296234502627,0.0,Day
2,2023-04-20 16:00:00,40.50500811688403,-103.31477632201268,Clear,23.6568975500728,9.284127354197587,0.0,Day
1,2023-04-20 17:00:00,34.52134245094709,-108.19898534137504,Cloudy,11.902520918743395,8.053537311648682,0.0,Day
3,2023-04-20 18:00:00,42.23672400106667,-112.16904835152202,Clear,5.945462955391321,7.292718322707872,0.0,Day
1,2023-04-20 19:00:00,33.96428937866321,-108.25304772474516,Thunderstorm,10.584999759405463,8.565673766861035,0.04611781114939946,Night
2,2023-04-20 20:00:00,35.47180864875227,-108.63251135851085,Fog,35.587617833224385,1.2838548842374986,0.0,Day
1,2023-04-20 21:00:00,35.872037882081756,-71.62905662256333,Rain,-1.7914357477905671,5.548921630977751,0.4131445752093519,Day
2,2023-04-20 22:00:00,33.09640258672776,-87.8380802310877,Snow,2.4249908810272753,8.809254880644493,0.4739316461199219,Night
3,2023-04-20 23:00:00,43.115541328533375,-111.65122647026341,Rain,20.309539568886606,9.790933964929344,0.06227437476605022,Night
3,2023-04-21 00:00:00,31.702317599292435,-95.59793702998164,Clear,-4.1859339219406895,7.887396661640118,0.0,Day
3,2023-04-21 01:00:00,38.44693598077394,-110.76820918633899,Rain,34.59322558262136,7.412711854989302,0.288490152891141,Night
2,2023-04-21 02:00:00,42.212262738512024,-89.69915994315012,Clear,-7.638181406836871,7.672021156360922,0.0,Day
3,2023-04-21 03:00:00,38.71357414200614,-102.92968979013904,Clear,27.76561466324531,7.392320921924163,0.0,Day
2,2023-04-21 04:00:00,34.90344743243519,-110.22036644667054,Snow,8.686402357464992,7.211001405886191,0.4829783158910035,Day
4,2023-04-21 05:00:00,41.7203259039909,-107.860450598668,Cloudy,-7.441721319426944,9.735178470731064,0.0,Night
2,2023-04-21 06:00:00,37.48766083319598,-86.24506559123665,Fog,32.14639468593686,1.7177455662447028,0.0,Day
2,2023-04-21 07:00:00,32.44519274500106,-99.59821605052421,Clear,22.02301173402276,5.4055122050698925,0.0,Night
1,2023-04-21 08:00:00,34.75294912279152,-94.34205083400023,Cloudy,-9.557064542593077,8.827583395351182,0.0,Night
2,2023-04-21 09:00:00,38.87909727578371,-78.93305506359724,Clear,3.376642419230661,6.957808017039573,0.0,Day
1,2023-04-21 10:00:00,39.8816476919698,-87.22892986845446,Cloudy,7.602280386251206,8.553467728744419,0.0,Night
3,2023-04-21 11:00:00,38.22198136001713,-96.87932189426867,Rain,6.128907444963559,7.897846797872034,0.04973132722048038,Day
2,2023-04-21 12:00:00,34.08014153420473,-72.29715974545505,Cloudy,14.9171014514821,8.565900325779253,0.0,Day
4,2023-04-21 13:00:00,38.90628960270244,-109.27474517798464,Clear,16.340147893842285,5.309969785178398,0.0,Day
1,2023-04-21 14:00:00,34.98677299791201,-105.55040037377417,Clear,9.83770088965791,5.169366613339116,0.0,Day
1,2023-04-21 15:00:00,33.373816123544636,-74.42842746244399,Clear,6.588516938892845,6.892708124255706,0.0,Night
3,2023-04-21 16:00:00,44.1829298846974,-77.33873789042404,Cloudy,15.220466414502766,8.465830689109705,0.0,Night
2,2023-04-21 17:00:00,34.72310104686636,-113.49712990368715,Fog,-8.319229768567002,1.565653712361304,0.0,Day
2,2023-04-21 18:00:00,35.034306820928244,-73.50264447273285,Clear,22.260088001580733,7.16700358981286,0.0,Night
3,2023-04-21 19:00:00,43.45164682145914,-119.49156377901556,Rain,20.29912584518223,9.904051319864873,0.2120356132607312,Night
2,2023-04-21 20:00:00,32.14039463158581,-78.87895607760662,Fog,3.960989986257477,1.2222576397664482,0.0,Day
1,2023-04-21 21:00:00,38.76892309144794,-106.05987905940995,Cloudy,-1.024227649968143,9.239717308856818,0.0,Night
3,2023-04-21 22:00:00,41.755659529362106,-110.56715014104047,Rain,-6.350751368603261,9.127304424055982,0.31482140784524437,Night
1,2023-04-21 23:00:00,34.10498154579659,-97.56451849050764,Snow,19.367187565305574,9.456760926444943,0.02834166895200437,Night
3,2023-04-22 00:00:00,42.66121591458087,-75.14585538980222,Clear,18.445013629260103,9.575708718143936,0.0,Day
1,2023-04-22 01:00:00,41.544734685236854,-80.705106353757,Clear,16.66590450552766,7.536600961990661,0.0,Day
2,2023-04-22 02:00:00,37.29141100900122,-71.6465582986531,Clear,39.280913409357545,8.409668915977878,0.0,Day
1,2023-04-22 03:00:00,31.780735571517923,-92.95005835051285,Thunderstorm,16.577205551076,8.094454560078471,0.28991588179888517,Night
3,2023-04-22 04:00:00,44.5516073928998,-94.47200269582196,Fog,26.08953649848454,1.8407880162398702,0.0,Day
1,2023-04-22 05:00:00,39.36345336049186,-119.34840041880051,Rain,-4.35408640832007,6.398937930773537,0.3299249716670387,Night
3,2023-04-22 06:00:00,37.756476062886065,-110.9696208549235,Clear,4.948539459278171,6.707849847505456,0.0,Day
2,2023-04-22 07:00:00,43.281743777931375,-95.11898521404079,Cloudy,3.7723307463985876,6.092288660038461,0.0,Night
1,2023-04-22 08:00:00,36.32034314480364,-82.37164773392723,Clear,18.79877529290042,8.786917752463978,0.0,Night
3,2023-04-22 09:00:00,38.45462026587553,-78.86987109896117,Clear,6.540661417853698,9.82286434213258,0.0,Night
2,2023-04-22 10:00:00,42.8761948265372,-105.83668295415927,Cloudy,22.053321343502503,9.33885870919039,0.0,Night
1,2023-04-22 11:00:00,35.89458274452072,-84.37713788377835,Thunderstorm,24.504486960085146,6.089702020441903,0.48043282175802215,Day
1,2023-04-22 12:00:00,41.58587370088726,-78.57352797749441,Fog,-8.31550814112981,1.9728485817169967,0.0,Night
2,2023-04-22 13:00:00,33.84206659343987,-101.25977928376508,Rain,21.98788562197226,8.785469535360875,0.22009313877471695,Night
1,2023-04-22 14:00:00,40.53547653200788,-85.22220686455879,Clear,-4.160631886057933,6.951069029543081,0.0,Night
1,2023-04-22 15:00:00,37.65652295446348,-98.13594313207344,Clear,13.256765092778366,9.123063080833575,0.0,Day
1,2023-04-22 16:00:00,32.47360194270463,-70.71738763139194,Clear,26.32882853844651,8.89617898293226,0.0,Day
2,2023-04-22 17:00:00,32.04011190594365,-119.66662274243649,Rain,25.1672497972573,8.127051259995039,0.48642385621994316,Night
2,2023-04-22 18:00:00,36.86532310574943,-99.28274801802806,Snow,4.991127249873054,6.2766966718969766,0.19975828801386256,Day
1,2023-04-22 19:00:00,40.66270663538127,-106.81417985602118,Clear,3.6182925230408927,5.520178839150735,0.0,Night
4,2023-04-22 20:00:00,39.0494398301757,-77.51317233891916,Cloudy,12.011325392781107,6.263241630280676,0.0,Day
3,2023-04-22 21:00:00,42.8208754412608,-105.64370834385137,Clear,-0.566645849110639,7.548798476727336,0.0,Night
1,2023-04-22 22:00:00,35.844924739580065,-92.80772632109759,Clear,38.73495063542399,9.89731487821191,0.0,Day
1,2023-04-22 23:00:00,42.65463208060809,-82.98652759013694,Cloudy,7.245853565698894,5.318436201001793,0.0,Night
4,2023-04-23 00:00:00,30.555426831160826,-95.13848630168518,Clear,36.149663700608855,6.000360004079659,0.0,Night
2,2023-04-23 01:00:00,35.48706924791467,-99.47987251571138,Cloudy,35.41324814799809,8.136397288462126,0.0,Day
2,2023-04-23 02:00:00,31.094745879005263,-117.87409975218445,Fog,8.242449378115722,0.7175950041389808,0.0,Night
2,2023-04-23 03:00:00,43.788662557535034,-118.85339156226591,Cloudy,2.7042316136452893,9.29252149719942,0.0,Night
3,2023-04-23 04:00:00,37.12968265136712,-72.13389024714806,Clear,28.541781726313154,5.697084935327975,0.0,Night
1,2023-04-23 05:00:00,34.74234667564064,-87.8377971249891,Clear,1.4688923781826873,9.815787617919707,0.0,Day
3,2023-04-23 06:00:00,37.38731558155586,-78.73731008453652,Cloudy,16.062319498123816,9.561874457582634,0.0,Day
3,2023-04-23 07:00:00,37.99269112780139,-95.97808088875782,Clear,-4.465531279005504,9.437645280053605,0.0,Night
2,2023-04-23 08:00:00,42.693487076829236,-106.92095019145256,Clear,9.296607727471475,5.8653452088170805,0.0,Day
3,2023-04-23 09:00:00,38.13641604379607,-105.273111012005,Cloudy,-6.092253817244161,6.647480621263222,0.0,Day
1,2023-04-23 10:00:00,36.470721344974436,-117.82541907470366,Cloudy,4.171979634302872,9.020484211167638,0.0,Day
2,2023-04-23 11:00:00,44.42031671065392,-80.45582418357257,Rain,23.264686909527313,9.03904032779973,0.36525334397918297,Day
2,2023-04-23 12:00:00,44.52837207104916,-90.92146096508073,Clear,39.56535782750902,8.525877076035663,0.0,Day
2,2023-04-23 13:00:00,30.5762517554156,-95.95991115557858,Snow,2.740379825328912,7.2402544076687585,0.09553219272491285,Day
1,2023-04-23 14:00:00,40.60268635418274,-77.38514776660571,Clear,13.666064527466958,6.557946353367186,0.0,Night
2,2023-04-23 15:00:00,35.57637098325662,-97.75774861864586,Clear,12.402305733457652,9.814789680908635,0.0,Day
1,2023-04-23 16:00:00,40.12799504756901,-72.6034925082831,Cloudy,-0.7923182896219263,5.69631134944173,0.0,Day
1,2023-04-23 17:00:00,39.55383591084644,-119.33817353087697,Cloudy,20.503451809875386,5.21877030480978,0.0,Night
1,2023-04-23 18:00:00,34.951567700276556,-70.76918194189,Fog,26.235247341098585,1.9629752257324165,0.0,Day
3,2023-04-23 19:00:00,44.79988084531086,-79.20582337763466,Rain,-2.6390258281774184,8.875134548168443,0.4830653844621194,Night
1,2023-04-23 20:00:00,35.35664180549431,-102.25303989121083,Fog,27.856228629040068,0.5181456312371016,0.0,Night
2,2023-04-23 21:00:00,39.47972382896748,-90.2318219940709,Fog,25.008081789774558,1.5564710413685563,0.0,Day
1,2023-04-23 22:00:00,42.20079608578165,-76.76974939223734,Cloudy,-0.13285595861883515,6.836462205336512,0.0,Day
1,2023-04-23 23:00:00,32.18197471964279,-95.92008234597623,Cloudy,22.447381255895166,5.7345394503610345,0.0,Day
2,2023-04-24 00:00:00,34.50852587087542,-117.44751440059228,Cloudy,9.683583968176126,8.702977434436015,0.0,Night
1,2023-04-24 01:00:00,32.98459077862495,-74.81519588955535,Thunderstorm,24.05688762472149,5.2750341552196724,0.3095121926885261,Day
2,2023-04-24 02:00:00,41.72733637198193,-94.14918765612222,Rain,14.804842611792711,6.5919691929272615,0.16911291182933982,Day
2,2023-04-24 03:00:00,42.01812812935397,-92.74213793992294,Clear,-7.59311623829745,7.8109561271004555,0.0,Night
4,2023-04-24 04:00:00,33.83915792179779,-119.31409116506549,Rain,29.348349406889646,7.012078616781261,0.05161096612137494,Night
4,2023-04-24 05:00:00,30.061952837077435,-114.99669650282493,Clear,17.779996235954187,6.2957409932960005,0.0,Day
2,2023-04-24 06:00:00,36.35025740620499,-81.13010772339894,Cloudy,26.239731142936627,9.630005023530234,0.0,Day
3,2023-04-24 07:00:00,40.307064210930434,-98.25253256626092,Clear,-3.696411255987072,9.65485194249332,0.0,Night
1,2023-04-24 08:00:00,39.3375326967379,-70.09708435610179,Rain,26.063623630155035,7.080472698046131,0.28080758273455886,Night
2,2023-04-24 09:00:00,36.68549686643358,-85.21611621433476,Fog,10.683309425824088,0.6456708012704884,0.0,Day
3,2023-04-24 10:00:00,34.52912455406181,-72.51994278045422,Clear,29.963352201286177,6.536925237433504,0.0,Night
1,2023-04-24 11:00:00,37.11581013139251,-106.03239361148654,Clear,19.958293766149342,9.278780964561802,0.0,Day
1,2023-04-24 12:00:00,30.22654214309541,-111.19232174740173,Clear,7.745106263490012,7.839576429974522,0.0,Night
1,2023-04-24 13:00:00,31.108059291806285,-101.17052872597316,Rain,0.09584761236397199,5.447611064512276,0.07125530184402339,Day
2,2023-04-24 14:00:00,32.440151863095075,-106.76157272475596,Clear,30.79620843196213,9.266603515591838,0.0,Day
2,2023-04-24 15:00:00,39.38108035520857,-89.33171597297968,Clear,18.009633178826288,7.674431349785004,0.0,Day
2,2023-04-24 16:00:00,33.28198816629276,-82.77789768947179,Clear,39.373403631513234,7.077959020529542,0.0,Day
2,2023-04-24 17:00:00,36.35068378560828,-99.89512435288336,Cloudy,8.674433517271588,6.689324718217789,0.0,Day
2,2023-04-24 18:00:00,39.321162612516105,-115.507698658334,Clear,24.28596107928984,5.4971329515647245,0.0,Day
3,2023-04-24 19:00:00,42.4586521103139,-118.68340192680162,Rain,21.14104358882404,9.783510782004347,0.24628401806054265,Night
1,2023-04-24 20:00:00,38.24484780718594,-109.09861465525708,Clear,21.879085464372437,8.706217587361508,0.0,Day
3,2023-04-24 21:00:00,32.656897562965575,-83.37562820473005,Rain,26.848998226782854,5.658887815494904,0.3100774249704563,Day
2,2023-04-24 22:00:00,44.276092874624894,-108.9223793347593,Clear,-3.0445860008522976,7.556344095674172,0.0,Day
3,2023-04-24 23:00:00,31.35022724320334,-74.45128689041559,Cloudy,17.482202199913548,7.777875988931434,0.0,Day
3,2023-04-25 00:00:00,35.50678936519538,-87.41782453551887,Clear,15.45648351972115,5.839443785153779,0.0,Night
2,2023-04-25 01:00:00,43.819859110558944,-76.89551814169425,Rain,7.126489454527032,7.13610764431152,0.27541690783604444,Night
1,2023-04-25 02:00:00,39.03500195721497,-100.70926375957478,Fog,11.807513325961803,0.6747860712361313,0.0,Night
2,2023-04-25 03:00:00,39.9397839183728,-70.8225068738474,Fog,15.94060383256086,1.6626611427589553,0.0,Night
4,2023-04-25 04:00:00,34.52538966762305,-86.02507945473381,Cloudy,6.046115748268054,6.658044774449742,0.0,Day
2,2023-04-25 05:00:00,31.17807833025287,-102.15200622468035,Cloudy,4.657941600927387,5.61014238532504,0.0,Night
1,2023-04-25 06:00:00,35.4864146628816,-109.37304335800343,Snow,26.913628733325616,7.066203221628781,0.08461263597942577,Day
1,2023-04-25 07:00:00,36.032360352254315,-76.67343343455141,Rain,-6.654092864012863,7.9192864235414735,0.2686583618658856,Day
4,2023-04-25 08:00:00,34.054085423420915,-104.0950862062292,Clear,5.648153925189101,5.582627703496585,0.0,Night
1,2023-04-25 09:00:00,33.23228085809792,-117.78178787233699,Snow,22.685557306689752,8.073921794175178,0.2887049845005457,Night
1,2023-04-25 10:00:00,35.3326306114624,-106.06706436293851,Cloudy,0.4386484165521267,6.988966073764062,0.0,Night
2,2023-04-25 11:00:00,39.591253151453685,-111.02743150187668,Clear,18.613631764279113,8.39091127195404,0.0,Night
4,2023-04-25 12:00:00,44.235521206774365,-104.01343920120054,Clear,5.108207082427455,6.5741848775841305,0.0,Day
2,2023-04-25 13:00:00,40.556711051895626,-89.33669101878763,Clear,32.16506366751052,7.842496191458021,0.0,Day
2,2023-04-25 14:00:00,41.694046274183634,-94.97840562806252,Cloudy,7.49946660645675,8.064014241299006,0.0,Day
2,2023-04-25 15:00:00,34.591004543025754,-84.45748088288468,Clear,1.4758280865455262,8.452536995730723,0.0,Day
1,2023-04-25 16:00:00,31.570387240920738,-103.3083930681621,Clear,16.50518885446957,8.784694917686497,0.0,Day
3,2023-04-25 17:00:00,34.37270318203716,-114.00957901050185,Clear,-3.2169743497220313,5.6817585494995395,0.0,Day
2,2023-04-25 18:00:00,36.03981317009235,-111.98661145326548,Cloudy,29.87419837025292,9.826213711001387,0.0,Night
2,2023-04-25 19:00:00,40.34822019715525,-80.1358617617689,Rain,24.00141256363301,9.218227078268809,0.28463913934427,Day
3,2023-04-25 20:00:00,44.090378505456364,-115.10046711597175,Clear,28.52544523474579,7.811593912993086,0.0,Night
4,2023-04-25 21:00:00,42.13938771534821,-80.093689115678,Clear,9.94390998985623,9.45179435389179,0.0,Day
2,2023-04-25 22:00:00,33.996004283851796,-109.36853247595099,Clear,31.75017069274709,6.912164839903747,0.0,Day
1,2023-04-25 23:00:00,42.30451022055878,-86.07976909867153,Fog,14.677406536857667,1.3723815994410344,0.0,Day
3,2023-04-26 00:00:00,36.17620162882362,-88.84518556340367,Cloudy,-5.265048253988138,8.635156904339716,0.0,Day
2,2023-04-26 01:00:00,32.631582279511385,-115.08697816197794,Cloudy,1.2014624495924533,9.7167207467768,0.0,Day
4,2023-04-26 02:00:00,36.91880232854666,-86.70682489580781,Clear,25.552640076410967,5.809273317876512,0.0,Night
4,2023-04-26 03:00:00,38.44830817879058,-97.62462539625925,Rain,34.82111494042513,8.219369735081678,0.16513128217079204,Day
1,2023-04-26 04:00:00,41.45107664037367,-84.64190318594348,Cloudy,-5.240720379069566,9.067127803261585,0.0,Day
4,2023-04-26 05:00:00,35.24844737562138,-78.22630657113515,Clear,33.21073955486059,9.525335258190415,0.0,Night
2,2023-04-26 06:00:00,32.20168981558098,-118.0250315397326,Clear,29.953491458924887,6.3826387955759305,0.0,Night
2,2023-04-26 07:00:00,31.415303209377036,-87.60185840607807,Clear,7.828052999254275,5.643669046923658,0.0,Day
1,2023-04-26 08:00:00,31.686689751012647,-114.75210861981095,Snow,24.463840219832818,6.239250569379674,0.12105717642820446,Night
3,2023-04-26 09:00:00,44.250351295163824,-101.05622128015841,Fog,-0.6524328099233383,1.2294063662721164,0.0,Day
2,2023-04-26 10:00:00,44.276268827667536,-119.3660746986349,Cloudy,30.66966499669728,9.593641282477659,0.0,Day
2,2023-04-26 11:00:00,44.53134668108015,-103.56780943099524,Rain,22.866951092450527,7.91267905599253,0.27303782296536416,Night
4,2023-04-26 12:00:00,34.537333028292394,-111.53225753552206,Clear,11.941468973353253,9.598106504179983,0.0,Night
2,2023-04-26 13:00:00,32.874216308218095,-92.18678525766482,Cloudy,33.22586577733515,8.850185118456096,0.0,Day
2,2023-04-26 14:00:00,44.71371709374407,-94.38642569324817,Rain,-3.0382749349549236,7.991947320839046,0.087922314075549,Night
3,2023-04-26 15:00:00,44.82396135185203,-80.3362789848108,Clear,32.28928162181514,5.108992546316648,0.0,Day
3,2023-04-26 16:00:00,31.17525662925473,-88.00193432512503,Fog,-8.80567967388661,0.8993418005149505,0.0,Day
4,2023-04-26 17:00:00,41.287921505664244,-84.2687058289677,Clear,27.66002021633981,5.287297786124531,0.0,Night
4,2023-04-26 18:00:00,34.32995941969242,-115.3759961224393,Clear,18.66820383726839,6.611211751370142,0.0,Night
2,2023-04-26 19:00:00,43.63948116622543,-118.61175864564851,Cloudy,24.83616366103046,5.311667490792204,0.0,Night
2,2023-04-26 20:00:00,31.338375240813505,-71.52292301749463,Cloudy,10.61722628655328,5.839079307250312,0.0,Day
1,2023-04-26 21:00:00,43.32866603755016,-98.64837957457891,Rain,33.22205629460816,7.053429581212045,0.16001805330840432,Day
2,2023-04-26 22:00:00,30.03931898877844,-100.25128156602942,Clear,5.657451206990663,7.574423727164904,0.0,Night
2,2023-04-26 23:00:00,37.82966809528363,-118.24937946374206,Snow,3.7477642599263703,6.085708441464274,0.21718344781606128,Day
3,2023-04-27 00:00:00,35.033457712517,-114.05445969116587,Cloudy,5.0875322873921185,8.662886896289944,0.0,Night
1,2023-04-27 01:00:00,36.41000630496158,-72.97630362195369,Cloudy,28.718192142129205,7.951823109335098,0.0,Night
1,2023-04-27 02:00:00,36.50676856898959,-85.25774670164918,Thunderstorm,14.764586567535616,8.458802653816388,0.1801935452082211,Night
1,2023-04-27 03:00:00,39.8040473870353,-99.53939752138253,Rain,16.85426629270733,8.663828405467067,0.22780939141395903,Night
1,2023-04-27 04:00:00,30.34645684959943,-74.77579336358585,Clear,31.582770920442762,8.634601692905118,0.0,Night
2,2023-04-27 05:00:00,40.37046162378644,-90.50535780740984,Rain,31.668277615830583,9.681169505984265,0.07521975391332089,Night
1,2023-04-27 06:00:00,30.33297193545799,-82.67659757072565,Clear,-1.9130947715777857,6.186101669573335,0.0,Night
1,2023-04-27 07:00:00,32.7791064049127,-98.42002179553305,Clear,17.488383644415855,6.350778196156341,0.0,Day
1,2023-04-27 08:00:00,39.10112477334518,-98.42359668832574,Cloudy,-3.6990896783098384,5.471005340010754,0.0,Day
3,2023-04-27 09:00:00,31.296561539129414,-116.58247501082323,Thunderstorm,33.42642355973789,7.962931787155515,0.2724037310095851,Day
3,2023-04-27 10:00:00,44.86355488729792,-83.30133654151716,Clear,31.85028510487689,6.975927538189327,0.0,Night
1,2023-04-27 11:00:00,41.76576132257962,-115.04412982697943,Rain,32.46744291105662,7.480994403338814,0.08672487432769227,Day
3,2023-04-27 12:00:00,40.58498890211874,-81.78663058861805,Clear,25.242925018998342,5.849107288570699,0.0,Day
2,2023-04-27 13:00:00,34.01521509406223,-110.45709560588686,Rain,13.343865302122818,8.245301252856915,0.4641400134249152,Day
1,2023-04-27 14:00:00,30.728473384004303,-107.63163741605766,Cloudy,10.236061317227428,8.095096803197256,0.0,Day
2,2023-04-27 15:00:00,44.681714942657266,-74.10551221975138,Rain,9.761228195680498,6.323922134660098,0.08446367655265875,Day
1,2023-04-27 16:00:00,32.21772419940094,-96.42161677592787,Clear,-6.689360569561956,7.3270834521303705,0.0,Night
3,2023-04-27 17:00:00,42.458510121246675,-113.7378736897599,Rain,37.44351432322555,9.471504690536399,0.03757227266520816,Day
1,2023-04-27 18:00:00,32.96276120264598,-74.74592252402067,Thunderstorm,12.513782836173423,8.867495171628992,0.22200905161967016,Night
4,2023-04-27 19:00:00,35.61143050440246,-97.38014903894255,Rain,36.505744963918964,6.134719383816659,0.39117173229864816,Night
1,2023-04-27 20:00:00,40.40384385602827,-113.472433567727,Cloudy,33.96287695808634,9.394274262498017,0.0,Night
2,2023-04-27 21:00:00,44.1804733722169,-100.45885142338453,Fog,31.430519389600725,1.3800735258826993,0.0,Night
4,2023-04-27 22:00:00,30.29673534120355,-90.53353734716849,Clear,19.415444241541344,7.069642830277061,0.0,Day
1,2023-04-27 23:00:00,33.91152236821924,-101.8828985393315,Rain,-4.922205702467971,5.40059113768698,0.08908399969494857,Night
2,2023-04-28 00:00:00,41.47448537795585,-73.78367209194326,Fog,6.195572477576807,1.3759150909906461,0.0,Day
2,2023-04-28 01:00:00,32.60090752334432,-106.51580881436242,Clear,20.179310464303615,5.203512209100217,0.0,Night
2,2023-04-28 02:00:00,31.67182678223844,-111.20872922256146,Cloudy,-9.327209579266446,5.75620148053956,0.0,Day
1,2023-04-28 03:00:00,30.692770671703272,-108.95244141812228,Clear,-7.868454316575121,9.575199719182756,0.0,Day
1,2023-04-28 04:00:00,37.537349927705876,-115.81250267002514,Cloudy,23.883169110028895,7.910788224503147,0.0,Night
2,2023-04-28 05:00:00,41.51600477056088,-97.38519329205846,Cloudy,34.41014257509231,8.97593987548133,0.0,Day
2,2023-04-28 06:00:00,44.426018470390666,-76.08330360126538,Clear,32.75815646616017,5.082033801308976,0.0,Day
2,2023-04-28 07:00:00,34.012289238525554,-104.73301972606367,Cloudy,-1.5927361761293959,7.095475352776586,0.0,Night
1,2023-04-28 08:00:00,31.820586023870575,-107.08311907527536,Clear,35.56167262961706,9.922328151371403,0.0,Day
2,2023-04-28 09:00:00,36.03829909748323,-78.13076678762667,Clear,24.81511003256353,7.89909533015078,0.0,Day
2,2023-04-28 10:00:00,30.831604521669867,-104.70025722845345,Clear,25.816297716284183,9.248413942999594,0.0,Day
2,2023-04-28 11:00:00,34.97039477586989,-96.1554010222489,Fog,5.202060036870746,1.8980272269870921,0.0,Day
2,2023-04-28 12:00:00,39.646199857442404,-118.43809515159866,Clear,25.799838784190918,8.425202545112032,0.0,Night
1,2023-04-28 13:00:00,32.5224903536041,-105.64641257230625,Fog,25.488613879194617,1.8013765294527373,0.0,Night
1,2023-04-28 14:00:00,39.47815126510337,-113.47200149700876,Cloudy,19.733276280655996,6.543034671355669,0.0,Night
1,2023-04-28 15:00:00,44.57923556382322,-114.70769440137481,Clear,7.864420162952179,5.35638703938234,0.0,Day
2,2023-04-28 16:00:00,42.962998792529845,-98.42913003401907,Rain,30.55072188424804,7.138860510030497,0.09864221885437732,Night
1,2023-04-28 17:00:00,35.352522818744816,-106.13338050439735,Cloudy,36.87589689901345,9.576947078109402,0.0,Day
2,2023-04-28 18:00:00,36.322444251640576,-111.67766179500393,Cloudy,33.49442125134982,7.390312132969904,0.0,Day
2,2023-04-28 19:00:00,36.28981050421392,-94.42573648648582,Clear,2.1489597106529015,9.554974550633904,0.0,Day
2,2023-04-28 20:00:00,42.898513355747426,-80.79780085277258,Clear,12.283691452482802,9.085709666141195,0.0,Day
2,2023-04-28 21:00:00,44.90740608343311,-83.25704250226917,Clear,7.120717614706077,9.920935566449733,0.0,Night
1,2023-04-28 22:00:00,42.38843522714362,-107.46185338086926,Clear,25.37397751048067,9.738476409460315,0.0,Night
2,2023-04-28 23:00:00,38.37177267147108,-106.84326765804639,Clear,31.574516883550316,8.532416345264949,0.0,Night
4,2023-04-29 00:00:00,31.46049061162325,-83.40490928706969,Clear,0.789806621973435,9.356086434379876,0.0,Day
2,2023-04-29 01:00:00,44.31726222989353,-92.1415736732173,Clear,37.36377676762792,8.740388508161878,0.0,Day
3,2023-04-29 02:00:00,42.90068700327102,-82.87917526866049,Clear,23.866456664978415,8.516972573211088,0.0,Night
3,2023-04-29 03:00:00,42.621162731056714,-119.93173175805238,Clear,0.9223935788435309,8.57779788948901,0.0,Night
2,2023-04-29 04:00:00,35.87726841469812,-115.64309400690163,Clear,8.554730565371337,8.60521837678981,0.0,Night
1,2023-04-29 05:00:00,36.70757067900743,-79.90149676872923,Thunderstorm,-4.769657097172555,6.897095059307743,0.49507334893710436,Night
2,2023-04-29 06:00:00,31.794926656125988,-77.44406046120568,Clear,19.85344925148043,7.117812080262921,0.0,Night
1,2023-04-29 07:00:00,44.06809475575408,-102.82799108791076,Cloudy,-1.5404238603687972,6.470355795865221,0.0,Night
2,2023-04-29 08:00:00,44.14851544899964,-72.08325705213593,Clear,24.65449690815207,5.741302878356647,0.0,Night
3,2023-04-29 09:00:00,33.816619017910945,-104.92152836892723,Fog,26.862337161232745,0.7085240791464151,0.0,Day
3,2023-04-29 10:00:00,40.44011716460066,-75.48583799072648,Clear,13.966740916171585,9.499746446361414,0.0,Night
2,2023-04-29 11:00:00,33.052346061206045,-98.91454575467799,Thunderstorm,-5.309161442790735,8.256323533089144,0.18083579439430167,Night
2,2023-04-29 12:00:00,35.89420620552268,-91.90956707907205,Cloudy,20.543659498577565,5.2809017985905555,0.0,Day
2,2023-04-29 13:00:00,34.53572058127156,-87.83638653342058,Clear,8.61026260619072,9.05599972282326,0.0,Night
3,2023-04-29 14:00:00,35.843864965459034,-113.34458611466745,Fog,37.48237356070232,0.678539866914607,0.0,Night
3,2023-04-29 15:00:00,34.6345906281402,-118.14442990199788,Cloudy,15.660285335102078,9.147112199933852,0.0,Night
4,2023-04-29 16:00:00,35.17936988486443,-98.65998562799183,Clear,-6.386696556791302,8.637707070778735,0.0,Night
1,2023-04-29 17:00:00,41.865903907133685,-111.98217382883401,Rain,21.80245415985896,5.750601979066607,0.09648559903384726,Night
2,2023-04-29 18:00:00,34.50040712389128,-92.55330917608165,Fog,28.967685126324923,0.5623029064341982,0.0,Night
1,2023-04-29 19:00:00,42.220431966204,-97.3179025210369,Cloudy,-1.9748595297198772,7.826434441740151,0.0,Night
1,2023-04-29 20:00:00,38.518832679656356,-113.89511885492551,Clear,12.452868217219319,5.384303896891947,0.0,Day
4,2023-04-29 21:00:00,41.706671573728826,-86.71074765274896,Rain,27.15984766189107,5.531351070678924,0.20559857484455665,Day
4,2023-04-29 22:00:00,43.783359756802064,-118.97526056397581,Rain,-8.975319230555957,9.671269610055749,0.30066396120339345,Night
1,2023-04-29 23:00:00,32.076374257617736,-113.68083466647576,Fog,-8.551510195131147,1.2870131945168826,0.0,Day
1,2023-04-30 00:00:00,35.15835376383009,-84.99178895776632,Rain,23.845603344143065,6.375435230256378,0.12991989384514047,Night
1,2023-04-30 01:00:00,30.833362437128443,-93.60722901067729,Clear,26.256324916254833,6.636801548806739,0.0,Day
3,2023-04-30 02:00:00,36.10365052363533,-105.90335160895357,Fog,32.293471865986085,1.9001627446398597,0.0,Night
1,2023-04-30 03:00:00,33.56104396081569,-110.98769346680658,Clear,9.979990789631369,5.375356462893585,0.0,Day
1,2023-04-30 04:00:00,38.57517923038914,-87.88581348872168,Clear,9.488833252275278,8.69588499357214,0.0,Night
1,2023-04-30 05:00:00,41.75084779353559,-109.72016675015594,Cloudy,17.618398636482876,5.884170060456028,0.0,Day
2,2023-04-30 06:00:00,37.29548966569329,-70.76944601267189,Cloudy,27.86634775174656,9.025600124103551,0.0,Night
4,2023-04-30 07:00:00,35.00433835407393,-76.5344389578903,Clear,22.04960984691096,9.229362148884668,0.0,Day
1,2023-04-30 08:00:00,32.288345488044676,-113.39210250912112,Rain,6.366165192192632,8.192170887137321,0.35230433301186714,Night
2,2023-04-30 09:00:00,30.402452262376556,-77.04237185280591,Clear,7.327362821792235,8.849274716994566,0.0,Day
1,2023-04-30 10:00:00,40.16824516922437,-102.74786091460042,Cloudy,28.150246778355303,5.859175833430217,0.0,Night
2,2023-04-30 11:00:00,30.45818690603236,-95.50090898941299,Snow,16.732333088080168,7.879694913353184,0.09797423357780045,Night
2,2023-04-30 12:00:00,43.812579193853935,-112.85878524238166,Clear,-5.101191221009529,8.383996572230657,0.0,Night
1,2023-04-30 13:00:00,38.91345037722627,-114.0713879347434,Clear,-2.35025229238551,8.307802904271389,0.0,Day
1,2023-04-30 14:00:00,35.299429749781964,-76.72535169688584,Clear,32.55951879691579,5.586449388215904,0.0,Night
3,2023-04-30 15:00:00,30.628703855366478,-88.50488794831506,Thunderstorm,39.9401715849246,6.721912312400191,0.12873691337165524,Night
1,2023-04-30 16:00:00,36.202298291856025,-96.97694949916102,Clear,6.784145287062746,6.625187607411682,0.0,Night
2,2023-04-30 17:00:00,43.009493020627836,-118.19180718132523,Clear,9.335083077841269,7.862634362984542,0.0,Night
2,2023-04-30 18:00:00,44.547350067795065,-73.90190063785805,Cloudy,-2.2755987605206887,8.826185644338766,0.0,Night
1,2023-04-30 19:00:00,31.273925779538438,-101.19558864336855,Cloudy,1.7856542030210782,7.852951830851069,0.0,Night
2,2023-04-30 20:00:00,41.65707161202053,-99.16754147014423,Clear,11.231492288794396,8.774137193258271,0.0,Day
3,2023-04-30 21:00:00,33.87536422677612,-105.50952353043985,Cloudy,4.219482220538126,5.4948379834950405,0.0,Night
2,2023-04-30 22:00:00,35.69155348901583,-75.43549900529591,Clear,25.07124272952575,9.390693454336386,0.0,Night
1,2023-04-30 23:00:00,38.2150884073657,-102.77076156410719,Thunderstorm,16.892472075208406,7.683085346821299,0.1528135729729516,Day
2,2023-05-01 00:00:00,44.920931538437294,-111.28753460705934,Clear,31.114856414662185,5.187493302335865,0.0,Day
2,2023-05-01 01:00:00,33.13222346488932,-94.97214025377777,Clear,26.226245885950966,8.216065015112132,0.0,Night
2,2023-05-01 02:00:00,31.957475749092858,-80.92536703469402,Cloudy,-3.594969401975975,7.586735936815377,0.0,Night
2,2023-05-01 03:00:00,38.9246547971926,-101.43307618276059,Clear,-3.8305517211640625,6.101847844242824,0.0,Night
1,2023-05-01 04:00:00,42.795734966371796,-87.39769285618132,Rain,34.78243192537285,8.822127293056774,0.48134313132986484,Day
2,2023-05-01 05:00:00,39.72323696818041,-104.78878484463571,Clear,30.975561972385123,9.6678412560399,0.0,Day
2,2023-05-01 06:00:00,35.21364601913185,-84.01188450150268,Clear,13.39586615813544,6.613417269217529,0.0,Night
2,2023-05-01 07:00:00,44.65473851843831,-86.56380632082903,Rain,-3.4817932613013713,7.469578414081845,0.33561158216131143,Night
2,2023-05-01 08:00:00,44.925481269613186,-85.96225992886951,Cloudy,34.92881453429027,5.640874993492146,0.0,Night
1,2023-05-01 09:00:00,41.55973654165271,-87.70461787029875,Cloudy,1.5350278687965044,9.64899861852408,0.0,Night
2,2023-05-01 10:00:00,42.03624448379273,-112.18438334045508,Clear,-8.223261268517264,6.593980298096165,0.0,Day
4,2023-05-01 11:00:00,41.41262493775317,-75.60045076625457,Clear,36.21197624937011,5.9739234184976295,0.0,Day
2,2023-05-01 12:00:00,33.86491437008167,-90.71236334968967,Clear,30.44678103615056,7.392143383847277,0.0,Night
2,2023-05-01 13:00:00,32.25396208268074,-100.88064699893147,Clear,24.674084615922418,5.2164124475059035,0.0,Night
2,2023-05-01 14:00:00,38.31530257137471,-111.38323508237734,Cloudy,-8.298482132398245,6.264184156132025,0.0,Day
4,2023-05-01 15:00:00,44.312192964548466,-80.82094500052077,Fog,16.42155891963546,1.0069857501166541,0.0,Night
4,2023-05-01 16:00:00,43.17438433833577,-94.54758532869891,Clear,22.681807754188554,5.636855772470999,0.0,Night
2,2023-05-01 17:00:00,31.602896032360583,-112.63534594666254,Clear,27.967362039101573,5.560787754329341,0.0,Day
1,2023-05-01 18:00:00,30.85486749780275,-73.9289572134044,Clear,13.55369423992618,9.362099775089785,0.0,Night
4,2023-05-01 19:00:00,43.10656181659859,-114.69587845982764,Clear,37.66746500407785,9.652174240173139,0.0,Day
2,2023-05-01 20:00:00,39.19522608314907,-93.78894022804485,Clear,2.239053048658727,7.37261082890073,0.0,Day
2,2023-05-01 21:00:00,34.56481561632861,-89.4709301604901,Fog,-6.513254131908882,0.7589048438616945,0.0,Day
3,2023-05-01 22:00:00,38.426522233623025,-70.05077024264133,Rain,6.638312250432492,8.479509486314992,0.1663315753632947,Night
2,2023-05-01 23:00:00,33.325028874035624,-112.95421451187467,Thunderstorm,23.09024351533563,6.956566624360301,0.37692929008939136,Day
1,2023-05-02 00:00:00,44.2042771276138,-89.32199013706787,Fog,26.857860213813602,0.717745562541909,0.0,Night
3,2023-05-02 01:00:00,42.40796547697586,-96.16421027603212,Cloudy,26.924844855740446,8.377845096118348,0.0,Day
2,2023-05-02 02:00:00,44.43357025196722,-107.14427078118828,Cloudy,-4.466308618863303,6.883572576226192,0.0,Night
2,2023-05-02 03:00:00,32.805857714350346,-72.88949150722176,Clear,34.2544727314135,7.905047597750885,0.0,Night
1,2023-05-02 04:00:00,42.65505639411871,-80.45781584690988,Cloudy,4.041685146144323,7.575964054057289,0.0,Night
2,2023-05-02 05:00:00,38.40428432949159,-81.14711070385448,Fog,0.4955553831613262,1.257432688388451,0.0,Day
1,2023-05-02 06:00:00,34.87487992463878,-75.04069773389256,Clear,20.722873846880034,9.146794314382255,0.0,Day
2,2023-05-02 07:00:00,37.19495032553357,-83.74779687115148,Fog,0.5924537216916743,1.6276300368369487,0.0,Day
2,2023-05-02 08:00:00,44.165759632416986,-94.66302695168109,Clear,15.4019246427512,9.803413270190465,0.0,Night
3,2023-05-02 09:00:00,40.371793310031954,-100.42317474900236,Fog,10.351484827268688,0.6780209228860752,0.0,Day
2,2023-05-02 10:00:00,35.39873329019345,-84.79332365182819,Fog,1.601713131425873,1.550482952950413,0.0,Day
3,2023-05-02 11:00:00,44.99849526453437,-89.85940986241124,Rain,4.602981625083899,8.692416514999213,0.17972851134822293,Day
3,2023-05-02 12:00:00,35.18614380497082,-92.85617616565213,Rain,11.370361568043151,8.328237769835678,0.2877413704589593,Day
2,2023-05-02 13:00:00,42.20579675088147,-90.54714248773071,Cloudy,7.308017315759912,8.230219897556744,0.0,Day
1,2023-05-02 14:00:00,41.765660251932744,-87.23262036902864,Snow,9.078789218579477,7.403723130960018,0.14310203073192737,Day
3,2023-05-02 15:00:00,40.84389957109028,-71.56479036539713,Thunderstorm,26.771731078511927,5.312319599079932,0.37380308117047817,Night
2,2023-05-02 16:00:00,40.041544395023145,-82.34209692024046,Rain,-1.5810043653832722,9.757423837550348,0.05053858558729253,Night
1,2023-05-02 17:00:00,31.629980888681917,-111.17836558161608,Cloudy,21.380929366621224,9.25962347362206,0.0,Day
1,2023-05-02 18:00:00,44.924339156540846,-96.66156110671679,Cloudy,23.907888782391744,7.43404018705929,0.0,Day
3,2023-05-02 19:00:00,32.41564224796364,-86.08791620337746,Snow,30.104352308837242,5.792904838154042,0.280337549233046,Night
1,2023-05-02 20:00:00,38.942010268101065,-111.21730329348267,Cloudy,32.36635876548295,9.122363289278793,0.0,Day
1,2023-05-02 21:00:00,33.73721708564912,-73.36467174277887,Snow,-2.066722826644259,7.153358027045929,0.4547432537216766,Day
2,2023-05-02 22:00:00,32.53166277107794,-116.14873527410361,Cloudy,-3.0869619440998886,6.950569617531797,0.0,Day
3,2023-05-02 23:00:00,38.39198057178572,-89.45083954370396,Clear,20.73855065733045,8.326911159663506,0.0,Night
2,2023-05-03 00:00:00,42.54516247682601,-71.20323265750527,Clear,27.845827529148224,8.793376992663259,0.0,Day
1,2023-05-03 01:00:00,35.654184846933234,-83.60658533663857,Cloudy,3.6163215119841254,5.31420368310229,0.0,Night
1,2023-05-03 02:00:00,31.15753340447638,-86.13709128420334,Clear,16.292360278655647,8.837782082417565,0.0,Day
2,2023-05-03 03:00:00,39.35638369362684,-70.12897978994584,Clear,28.611971530588548,8.66970250675814,0.0,Day
1,2023-05-03 04:00:00,41.49645380885092,-80.41012859731742,Cloudy,28.375155412022714,7.946048052610218,0.0,Night
2,2023-05-03 05:00:00,34.441267603526796,-71.48532840270177,Clear,22.691008305687276,6.692094571790672,0.0,Night
1,2023-05-03 06:00:00,40.35884512680522,-85.05538868542804,Clear,-6.060615203331751,5.824010736279139,0.0,Night
4,2023-05-03 07:00:00,31.136854836645043,-86.72706128662534,Rain,-7.467806986213801,5.513264845919316,0.4103693898464297,Day
2,2023-05-03 08:00:00,35.42142582552265,-81.87162610874398,Thunderstorm,9.422265502470697,5.0059184685928395,0.3706372400253645,Night
1,2023-05-03 09:00:00,37.111970875689686,-110.56229983753146,Rain,-8.665628676039052,6.032300878460465,0.3875117757466046,Day
3,2023-05-03 10:00:00,41.729454749571154,-79.7107503990791,Thunderstorm,35.207216592737616,7.056684850249865,0.12323727433922284,Night
1,2023-05-03 11:00:00,35.072125637378534,-71.49298355507325,Rain,-8.99276676226379,6.218221657000422,0.4526874113050546,Night
2,2023-05-03 12:00:00,36.80549688594949,-89.41783626218478,Clear,-8.519356892900923,6.54489526802505,0.0,Night
3,2023-05-03 13:00:00,39.425310268053934,-119.38223285032554,Rain,-1.7336310814269869,6.952262076804951,0.1342699072890538,Night
2,2023-05-03 14:00:00,39.36119942985526,-116.39538040775537,Rain,21.350756579278016,6.541311542327156,0.33488148477895685,Day
2,2023-05-03 15:00:00,37.76640305105104,-108.2646388819773,Clear,17.077707029317803,8.623105193293654,0.0,Night
2,2023-05-03 16:00:00,34.92712064625698,-95.44511683978472,Clear,22.97435682776755,7.458633945824849,0.0,Day
1,2023-05-03 17:00:00,40.048869691433694,-99.31220884010686,Rain,34.67775705540007,5.096635738760203,0.35374469078478926,Night
1,2023-05-03 18:00:00,42.55731517652008,-71.03939997304573,Clear,12.74728254058494,6.133341156811517,0.0,Night
3,2023-05-03 19:00:00,32.307211350091904,-72.72061724410965,Cloudy,-7.806201205975079,8.548291223172654,0.0,Night
2,2023-05-03 20:00:00,35.10692674272073,-100.36387551800436,Clear,28.174831260572887,6.504652616433929,0.0,Night
1,2023-05-03 21:00:00,40.031226029936896,-80.2841760361581,Cloudy,30.59822313868851,9.600708858495246,0.0,Day
1,2023-05-03 22:00:00,41.336632378307954,-88.18183256330593,Cloudy,-7.505582005671709,8.563320237237104,0.0,Day
4,2023-05-03 23:00:00,41.72189469157891,-107.8432160393804,Clear,2.142464681873694,6.449634879398207,0.0,Day
4,2023-05-04 00:00:00,39.79908029230999,-73.44113720451688,Clear,28.5298399665867,7.58204923086722,0.0,Night
2,2023-05-04 01:00:00,37.17405316818347,-107.02412152098731,Cloudy,8.807761927315592,8.33619515090085,0.0,Night
3,2023-05-04 02:00:00,39.68699406641176,-76.48283023109423,Snow,13.632569923220949,5.966829326685477,0.4003295588348457,Night
3,2023-05-04 03:00:00,32.025667922162654,-88.11796350141675,Fog,31.15878712391077,1.679665105882699,0.0,Night
1,2023-05-04 04:00:00,33.11641827338866,-88.94364454708315,Cloudy,-5.269023079542875,7.535618729311283,0.0,Night
1,2023-05-04 05:00:00,43.91296560965364,-78.0795003616995,Rain,23.864216223265217,9.62447361245146,0.1633745174064777,Day
1,2023-05-04 06:00:00,43.83256474275278,-95.28448973827135,Clear,0.7492193375499596,6.720051834288077,0.0,Night
3,2023-05-04 07:00:00,40.858257374150156,-77.33130252651856,Clear,-6.867428446174175,7.010651640503532,0.0,Day
3,2023-05-04 08:00:00,34.90570813543046,-92.48857693041082,Clear,23.124892279553073,5.953101053407568,0.0,Day
2,2023-05-04 09:00:00,39.73260006667101,-70.76760692220199,Cloudy,-3.929387351343885,7.966043476365547,0.0,Night
1,2023-05-04 10:00:00,40.31687414000238,-87.00349729635472,Clear,27.350362940125834,8.700753736254992,0.0,Night
2,2023-05-04 11:00:00,37.72672405317837,-101.2969712540413,Clear,0.13526956276086288,7.203211331548102,0.0,Night
3,2023-05-04 12:00:00,41.22788740334357,-81.83180113355472,Rain,-7.574398982107397,8.751246898299092,0.4758163561157141,Night
3,2023-05-04 13:00:00,30.445363926277277,-94.50513500195348,Rain,-5.035126750375721,6.513023616839787,0.40037498657578297,Night
1,2023-05-04 14:00:00,33.84331194266758,-79.6987500787189,Clear,32.063512437295344,8.534922090142507,0.0,Day
2,2023-05-04 15:00:00,41.916755567098846,-78.32686665698584,Clear,8.54841081701371,6.291722665852271,0.0,Day
1,2023-05-04 16:00:00,44.08050665534077,-89.1543404348549,Cloudy,5.1133320683708945,8.903247708857851,0.0,Night
3,2023-05-04 17:00:00,43.1413173737725,-76.39057868445056,Cloudy,14.559940985626326,9.153207891496049,0.0,Day
2,2023-05-04 18:00:00,40.74740053452882,-99.82864879755574,Rain,21.646628442504216,8.988618341798944,0.39402395514260724,Night
1,2023-05-04 19:00:00,32.4824520561853,-117.13114943230575,Clear,-8.144887734345149,6.07736302925313,0.0,Night
3,2023-05-04 20:00:00,35.53079273427945,-86.86759122708969,Rain,34.909425672526574,8.471247189469693,0.433407002809299,Day
1,2023-05-04 21:00:00,30.753190329171236,-81.77740968851654,Fog,37.92406824101985,1.563209446955617,0.0,Night
3,2023-05-04 22:00:00,39.59792705070103,-116.35992430553097,Clear,10.865340807743461,9.93018494994524,0.0,Day
1,2023-05-04 23:00:00,36.747948534249474,-81.45451290598912,Thunderstorm,10.631445125772835,6.8078841048953205,0.15425104411022625,Day
2,2023-05-05 00:00:00,38.595178154913945,-88.04191527280385,Clear,33.927996063223574,8.856256764195203,0.0,Day
4,2023-05-05 01:00:00,44.690293705117554,-114.17943771080292,Clear,11.465589906872378,6.8503905852865845,0.0,Night
2,2023-05-05 02:00:00,36.03378667532547,-93.00299331869965,Cloudy,32.80949674057317,6.984287370770209,0.0,Day
2,2023-05-05 03:00:00,34.60065230992765,-114.56289477967371,Clear,-8.583152775530596,5.5549609220254865,0.0,Day
2,2023-05-05 04:00:00,32.259068918876544,-103.91906251363494,Clear,14.482530438398246,6.198305929130957,0.0,Night
1,2023-05-05 05:00:00,32.15414736908493,-79.80075368797387,Cloudy,37.621452238618076,5.822421432861685,0.0,Day
2,2023-05-05 06:00:00,37.778604879384766,-114.96054841534256,Rain,2.6402329365336303,5.7960028052196355,0.3849331087326715,Day
3,2023-05-05 07:00:00,41.238421421640524,-97.03060944479789,Fog,3.307741022621572,0.9604724742398902,0.0,Day
4,2023-05-05 08:00:00,38.46693694937251,-89.71434989585532,Rain,21.50614943563137,8.968903847363812,0.0918805503152207,Night
3,2023-05-05 09:00:00,43.09938997800472,-72.97442760486277,Clear,36.309544166048354,7.339656089698404,0.0,Night
2,2023-05-05 10:00:00,34.73808635283771,-83.1367260966038,Rain,-0.06288793551784266,9.02083783980379,0.31435588082925486,Day
3,2023-05-05 11:00:00,38.9256988751595,-113.03764131628971,Cloudy,36.08255129253902,8.062752045994024,0.0,Night
3,2023-05-05 12:00:00,39.91862566643257,-71.55657334803138,Snow,23.150187205744032,9.156688312402547,0.1642306815017769,Day
2,2023-05-05 13:00:00,34.2103541508844,-96.10211794048834,Snow,39.6523657130527,7.518825016187206,0.4928961229020494,Day
1,2023-05-05 14:00:00,35.944561591422314,-101.51413057156242,Fog,26.82294232263154,1.5322595480400245,0.0,Night
2,2023-05-05 15:00:00,38.864098114510185,-113.56443965623455,Cloudy,23.39002703586528,8.083818216169703,0.0,Night
3,2023-05-05 16:00:00,30.313959735990707,-73.32588708594757,Rain,30.745158597998312,8.3888243113137,0.09693208445310575,Day
2,2023-05-05 17:00:00,43.299163718978775,-90.68970323302457,Clear,-1.2429840354853745,8.132520841505276,0.0,Night
3,2023-05-05 18:00:00,31.66596072333729,-70.60062371971173,Thunderstorm,37.29928065166749,9.006681576132898,0.21460568352952783,Day
1,2023-05-05 19:00:00,30.71336849827076,-111.30670623563047,Clear,-1.720224561196872,8.657496220031067,0.0,Night
4,2023-05-05 20:00:00,33.225529300571154,-92.7082210741086,Clear,-8.716481505177288,7.163162245994346,0.0,Day
2,2023-05-05 21:00:00,37.534769446387344,-114.50569011583983,Clear,24.89284205988711,9.095518277276216,0.0,Day
2,2023-05-05 22:00:00,34.9304610572375,-93.78620865863958,Rain,-0.7702286935583196,8.458932710713439,0.22264988208171074,Night
1,2023-05-05 23:00:00,36.6021841185812,-75.51040880538528,Cloudy,27.937658981594232,5.601833692575055,0.0,Day
1,2023-05-06 00:00:00,31.264066486168307,-114.53395740066745,Cloudy,29.751948899118872,7.699364577249099,0.0,Night
3,2023-05-06 01:00:00,33.49656944583861,-106.51755962789292,Thunderstorm,1.834962032769658,8.642779031149692,0.20933311653084666,Night
4,2023-05-06 02:00:00,31.464911944385772,-85.87990438967347,Fog,-5.663983471239433,0.9226816638860365,0.0,Day
2,2023-05-06 03:00:00,33.4455987981188,-116.18564819599888,Clear,15.041048313939989,9.745143254757988,0.0,Day
1,2023-05-06 04:00:00,40.54963540263791,-97.30075377627422,Clear,34.510925528414546,5.507456341043848,0.0,Day
2,2023-05-06 05:00:00,38.62936192112121,-103.34691861511772,Snow,32.364555051468955,8.611608464394138,0.4142948157909431,Night
1,2023-05-06 06:00:00,35.00956386812014,-78.0925903117982,Fog,-4.145877174986559,1.4390845076439862,0.0,Day
1,2023-05-06 07:00:00,33.918409003682456,-117.54620034418977,Cloudy,38.23916322592643,8.513265974525861,0.0,Day
3,2023-05-06 08:00:00,44.96291749084799,-76.8302266128115,Cloudy,3.197459769368402,6.927925025322032,0.0,Night
4,2023-05-06 09:00:00,41.51801525391761,-84.8183981902832,Clear,7.46955885115203,6.92740156601663,0.0,Day
1,2023-05-06 10:00:00,42.33066284153497,-105.14047361203308,Snow,-2.547487846393434,7.932837525375064,0.19513095908400346,Night
2,2023-05-06 11:00:00,30.395469545307026,-110.11157327532531,Cloudy,8.890148277132301,6.985490181772633,0.0,Night
1,2023-05-06 12:00:00,30.893801909686868,-72.49118310473118,Cloudy,21.782055315984,9.415914986829154,0.0,Day
1,2023-05-06 13:00:00,40.689217058438345,-92.3046008345694,Clear,15.303913005891754,5.549653091472252,0.0,Night
1,2023-05-06 14:00:00,32.877492834168045,-102.76111882158318,Fog,31.376974253139252,0.7090959011995159,0.0,Night
2,2023-05-06 15:00:00,36.38483152810903,-117.77657472404431,Cloudy,22.06504056284109,5.670574803868188,0.0,Night
1,2023-05-06 16:00:00,32.762498705340924,-111.71078747555902,Clear,3.1772235724652127,7.700799012495208,0.0,Night
2,2023-05-06 17:00:00,32.65607858529759,-90.0917492468747,Cloudy,17.871901580841634,8.577906012053475,0.0,Night
1,2023-05-06 18:00:00,31.636154275340093,-94.34452015728053,Rain,-6.790443705589518,5.827554582801245,0.11097442368610518,Day
1,2023-05-06 19:00:00,38.91390165624356,-82.11949417202266,Cloudy,19.039528037223057,8.520166107448267,0.0,Night
1,2023-05-06 20:00:00,41.089520595316145,-78.2581213480634,Rain,9.483191477023425,5.699900156055454,0.022325523613325446,Night
3,2023-05-06 21:00:00,30.852669034388164,-100.14125986740093,Cloudy,-5.080075397208619,8.102768728145694,0.0,Night
3,2023-05-06 22:00:00,34.133277629339666,-114.95350420867857,Fog,5.373197649539083,0.8966115710839262,0.0,Day
3,2023-05-06 23:00:00,39.875525979665895,-80.42351199642704,Clear,34.904349630049246,6.4903747690463085,0.0,Day
2,2023-05-07 00:00:00,35.88474033695287,-92.31299498351785,Clear,19.301897371509455,5.557743654276512,0.0,Night
2,2023-05-07 01:00:00,40.56998831228484,-71.01040557805169,Clear,35.163242447152555,8.679270698004583,0.0,Day
2,2023-05-07 02:00:00,41.388423199855,-80.18250418936077,Rain,10.540199348728379,6.90902566688503,0.23384936085331648,Night
1,2023-05-07 03:00:00,30.484410538810785,-103.54636391944487,Cloudy,38.9454299695044,5.432653886365882,0.0,Night
3,2023-05-07 04:00:00,35.71289667438955,-98.57549321743787,Fog,8.00095267490952,1.7917066725182733,0.0,Day
2,2023-05-07 05:00:00,40.937084245428714,-108.22120132709863,Rain,27.840230757275464,6.164473417419103,0.36996479981179425,Day
2,2023-05-07 06:00:00,35.67623975335627,-94.40007514820842,Cloudy,5.270154174002842,8.682260268527603,0.0,Night
2,2023-05-07 07:00:00,30.087498044787736,-84.4637519996841,Thunderstorm,-4.700472577502065,7.824493429703683,0.13015759340981423,Night
2,2023-05-07 08:00:00,35.04454398563481,-89.37556201186263,Clear,31.652829836781024,5.972645057895257,0.0,Night
4,2023-05-07 09:00:00,43.08979134656295,-102.89582686331329,Snow,28.129076343507982,5.38202863587396,0.32290064147575986,Day
2,2023-05-07 10:00:00,44.279083405387645,-78.83500461371281,Cloudy,31.03145169091517,7.966245077013129,0.0,Night
2,2023-05-07 11:00:00,38.4077496391868,-114.74706216500009,Cloudy,4.984726584280599,5.126059161197144,0.0,Night
2,2023-05-07 12:00:00,34.59540154561539,-112.87226535009187,Rain,25.18308128004852,5.327322424320564,0.42402524204739034,Day
4,2023-05-07 13:00:00,36.99096372269666,-99.79202166133729,Cloudy,0.9961423874282485,8.511095409833503,0.0,Day
2,2023-05-07 14:00:00,33.54305290546009,-84.88783431542936,Clear,-9.43442318692577,7.694369207006515,0.0,Day
2,2023-05-07 15:00:00,32.52188541373758,-85.29071609513676,Cloudy,33.3244387817834,6.6314763282718845,0.0,Night
1,2023-05-07 16:00:00,37.40302914648049,-101.6738278641821,Cloudy,16.17627435279965,7.696139713342118,0.0,Day
3,2023-05-07 17:00:00,41.050259832910676,-85.16960477754066,Snow,39.18266687410442,7.9582466376245975,0.14795220447503754,Day
1,2023-05-07 18:00:00,33.336972390568064,-116.97071123736346,Cloudy,9.25178474518734,7.826429331222332,0.0,Night
2,2023-05-07 19:00:00,43.64305969487559,-105.49890250875698,Fog,37.84365034947351,1.1477434939478544,0.0,Night
3,2023-05-07 20:00:00,32.52341458126,-85.3113343362944,Cloudy,20.75286317362797,9.701440500951836,0.0,Day
4,2023-05-07 21:00:00,38.37617364696321,-110.79792994790513,Cloudy,15.610253591843168,6.943887600420127,0.0,Night
2,2023-05-07 22:00:00,41.645748878045,-109.36439856957716,Rain,5.140480158987369,6.505757067287881,0.014842811009976104,Night
3,2023-05-07 23:00:00,33.20082724033409,-115.6558690532592,Cloudy,31.263817063637042,5.1921745551508485,0.0,Night
1,2023-05-08 00:00:00,34.446666704515806,-101.77644919283011,Thunderstorm,31.439737318556155,5.7353652842838345,0.15829639897398637,Day
3,2023-05-08 01:00:00,30.772263732499283,-78.75363797034134,Rain,10.846476610175568,5.531249079405713,0.4353680661991827,Night
2,2023-05-08 02:00:00,44.15922595290459,-78.18204380886405,Cloudy,26.364657097198915,6.677220934362311,0.0,Night
2,2023-05-08 03:00:00,37.304582900660044,-76.88187335995828,Clear,12.361896788913597,8.049953644075277,0.0,Night
3,2023-05-08 04:00:00,30.964592625805455,-118.16479852555592,Cloudy,26.982964723333815,5.231669455672917,0.0,Night
3,2023-05-08 05:00:00,42.45190219753478,-70.32556470566979,Clear,39.70950783593125,8.638325022273424,0.0,Day
1,2023-05-08 06:00:00,38.54016238574458,-94.86793805226665,Rain,3.124815688205583,6.987164749888697,0.08431983886624868,Night
3,2023-05-08 07:00:00,30.829270763077027,-76.36364848341323,Clear,21.70262285898655,9.817522578942274,0.0,Day
1,2023-05-08 08:00:00,36.76344855922034,-74.74426826463849,Clear,8.993898255328169,7.841924875959693,0.0,Night
3,2023-05-08 09:00:00,36.51604563954865,-94.27508800502855,Clear,17.41857818242516,8.856811561942443,0.0,Day
2,2023-05-08 10:00:00,32.191226001597336,-117.44551244920724,Clear,33.70736401483312,9.305906161485165,0.0,Day
1,2023-05-08 11:00:00,36.30559213630923,-90.12651167929235,Clear,7.37879347223274,9.444231506627638,0.0,Night
2,2023-05-08 12:00:00,34.24210523797428,-103.2953272824363,Fog,-6.380584892938181,1.0628973136033788,0.0,Day
2,2023-05-08 13:00:00,40.49912842884402,-109.66166637453536,Rain,29.946859262147953,6.983712792155405,0.47857308439576673,Night
2,2023-05-08 14:00:00,30.0823792475935,-110.87494908790882,Rain,17.75124276016173,7.802574948442198,0.38477032458034865,Day
1,2023-05-08 15:00:00,31.595639151335,-92.03678859239207,Rain,12.470047357103347,7.010352008087139,0.20857582248033277,Night
1,2023-05-08 16:00:00,43.77973213571923,-114.77625914138848,Clear,-0.8333476552036228,6.203574846416208,0.0,Day
3,2023-05-08 17:00:00,36.49999990981712,-78.9177722933785,Fog,-5.357363414770774,0.8344200574002816,0.0,Day
1,2023-05-08 18:00:00,32.64272962012261,-108.63533245625038,Clear,3.9367779812276833,6.163849281192995,0.0,Night
2,2023-05-08 19:00:00,41.89839655303555,-92.53545748400275,Clear,25.945213167377602,6.347188152974308,0.0,Day
2,2023-05-08 20:00:00,42.77388900114662,-113.72698958168974,Cloudy,10.58854643200818,5.468038686178602,0.0,Night
1,2023-05-08 21:00:00,33.1682102025285,-77.01854017601099,Clear,18.51137936928107,7.132313603619523,0.0,Night
2,2023-05-08 22:00:00,40.703999886071784,-85.39563093551988,Rain,-5.897722316850959,6.1764195330161185,0.13075279758889125,Day
2,2023-05-08 23:00:00,39.22703536750422,-109.6739061311522,Clear,-3.8378478235290023,7.241832761972381,0.0,Day
2,2023-05-09 00:00:00,41.17585066987132,-84.21296215998765,Rain,-9.43470845532053,8.960991170881467,0.27322970842963074,Night
2,2023-05-09 01:00:00,41.818476288598944,-115.85499332330618,Cloudy,23.664222527453255,7.241561766215886,0.0,Night
2,2023-05-09 02:00:00,39.91403784589892,-81.38916592730259,Clear,3.222726124421003,9.773059353548577,0.0,Night
2,2023-05-09 03:00:00,44.34325437690792,-95.4826610829579,Rain,38.346329291658094,5.739184472640105,0.39370306037791797,Day
3,2023-05-09 04:00:00,42.96339538857478,-113.99081671436203,Clear,5.422790516359775,9.251324954189373,0.0,Night
1,2023-05-09 05:00:00,33.43457231757053,-92.47608715671937,Cloudy,8.180901943300558,6.241290570364937,0.0,Night
4,2023-05-09 06:00:00,43.70348694408453,-109.95668476304485,Clear,13.474491572385482,9.66966725427487,0.0,Day
2,2023-05-09 07:00:00,35.39395951659689,-86.36136592907886,Cloudy,5.957037439609644,6.135739632243273,0.0,Night
3,2023-05-09 08:00:00,40.8981277705482,-84.56901943962782,Rain,30.872161093858118,8.734808929824027,0.47020597220090576,Day
2,2023-05-09 09:00:00,42.72015475164627,-81.95799731698719,Clear,33.810340499899134,5.310589504299851,0.0,Night
2,2023-05-09 10:00:00,36.545556397715025,-75.25647510242048,Thunderstorm,-9.448196039584523,8.149067185800888,0.4634179772773554,Day
4,2023-05-09 11:00:00,30.772628196935752,-87.25302359252171,Fog,22.733081428069134,1.871101541706481,0.0,Night
1,2023-05-09 12:00:00,44.244921517374486,-95.41154444060503,Rain,24.30441399494911,8.35086270824118,0.16201605739800853,Night
1,2023-05-09 13:00:00,31.08720079236539,-77.28871818678815,Rain,38.071243829904056,8.179146688124234,0.04474760185823317,Day
1,2023-05-09 14:00:00,35.22164386747386,-75.00779625937209,Clear,8.519959863399336,9.61847939830081,0.0,Day
4,2023-05-09 15:00:00,38.946709466574895,-80.91233105470923,Rain,-0.23600158261539406,8.133382153102241,0.43822260289909626,Day
2,2023-05-09 16:00:00,31.763050614561497,-72.87859063450277,Clear,16.029053477109194,7.041244058249539,0.0,Day
2,2023-05-09 17:00:00,42.57309489883902,-71.02830277297019,Clear,12.377784228919502,5.9678390242460155,0.0,Night
3,2023-05-09 18:00:00,33.05133233664672,-107.43441187331564,Thunderstorm,29.586573280202877,8.287255042720698,0.04353866491523596,Night
2,2023-05-09 19:00:00,44.79005494963616,-110.81526293013431,Cloudy,35.19877206177702,5.581833019614162,0.0,Night
3,2023-05-09 20:00:00,43.746501608476265,-97.57038191560798,Cloudy,-5.664598618178504,9.142584134608839,0.0,Day
2,2023-05-09 21:00:00,39.06834130826795,-70.15366393803103,Clear,32.328973932445436,6.236672734694318,0.0,Day
3,2023-05-09 22:00:00,39.900151339310696,-115.57633241170926,Cloudy,35.44854391107459,7.6207944912436485,0.0,Night
1,2023-05-09 23:00:00,38.004097020130104,-84.40029976697343,Clear,36.20679391321787,7.979736521646977,0.0,Day
1,2023-05-10 00:00:00,35.86655952949249,-77.4582176489519,Clear,28.21549294256024,6.812449951987434,0.0,Night
2,2023-05-10 01:00:00,35.275621456108766,-70.17761775449799,Clear,27.1041280452039,8.319368887861232,0.0,Night
2,2023-05-10 02:00:00,43.374823601103934,-89.01437641375531,Cloudy,-9.255161249878853,6.251084794460651,0.0,Night
2,2023-05-10 03:00:00,38.649295891706515,-100.99527772322105,Cloudy,36.00958112449142,5.173122868882977,0.0,Day
2,2023-05-10 04:00:00,42.349405983200576,-111.67531082030791,Clear,7.5752606904388315,9.796338680674681,0.0,Night
1,2023-05-10 05:00:00,37.711065658090774,-70.9118965387447,Rain,-7.943905169130385,6.60022915671575,0.3253800707995173,Night
2,2023-05-10 06:00:00,34.60537383363078,-73.7898373407598,Clear,10.648965505325894,8.567311173302333,0.0,Day
2,2023-05-10 07:00:00,31.3763921494458,-79.7740587856118,Rain,26.642631663527467,7.537668034601904,0.07039431698764892,Day
1,2023-05-10 08:00:00,34.85545204512476,-72.81126621948147,Thunderstorm,12.097760081254812,8.34499338556502,0.08336552643163325,Night
2,2023-05-10 09:00:00,43.201762710976475,-116.95727963760085,Rain,27.900554473608288,5.554682612578389,0.39350483417909293,Night
2,2023-05-10 10:00:00,40.67941760825654,-88.42535777637787,Fog,15.47047134556179,1.829696522275793,0.0,Night
2,2023-05-10 11:00:00,41.78744864806519,-106.26018517485986,Fog,4.971357406347602,1.2464300979869705,0.0,Day
1,2023-05-10 12:00:00,41.60151324150836,-81.72039678437055,Cloudy,0.1456172076766329,7.259247834168538,0.0,Night
4,2023-05-10 13:00:00,31.799586258472143,-115.21416877753208,Rain,11.055164767684616,9.831041664721182,0.4293214221562598,Day
2,2023-05-10 14:00:00,32.38290849086745,-107.06400156236822,Fog,-8.209827414303241,0.7629059033641296,0.0,Day
1,2023-05-10 15:00:00,34.758588732510326,-77.48739776986622,Clear,11.127195249920366,8.773500882056991,0.0,Day
2,2023-05-10 16:00:00,34.515431680018686,-82.52765340138035,Clear,-6.568995161768783,6.651713970866407,0.0,Night
3,2023-05-10 17:00:00,30.991215573835976,-70.39889864894084,Fog,33.85023538703994,1.6192930239493701,0.0,Day
2,2023-05-10 18:00:00,32.302072643538104,-87.80082246640829,Rain,18.774051592375628,6.353886979496327,0.3771742380992439,Night
3,2023-05-10 19:00:00,42.84345425350169,-104.84623936522188,Clear,22.302148146512984,6.743907766114455,0.0,Night
1,2023-05-10 20:00:00,38.83567256972555,-92.60582277309473,Cloudy,4.443199522180517,6.78558529796803,0.0,Night
3,2023-05-10 21:00:00,35.13424489169462,-72.80167963627005,Rain,1.2910538249772827,6.353735025909857,0.38656505260776114,Day
2,2023-05-10 22:00:00,37.897168467950635,-87.41182176492723,Cloudy,25.39526245867033,8.33746573886738,0.0,Night
1,2023-05-10 23:00:00,33.91970087367434,-75.92505510482044,Cloudy,23.578274151091215,5.238609918501247,0.0,Day
2,2023-05-11 00:00:00,38.75763476020762,-118.85565493849049,Rain,-3.8660771823017495,6.661469029029421,0.4232183108499555,Day
4,2023-05-11 01:00:00,31.11946324853848,-101.5224511908509,Cloudy,1.932069155083541,6.401028034180347,0.0,Day
3,2023-05-11 02:00:00,43.53976048446827,-73.23463950510072,Cloudy,37.328789323510506,8.75709010274935,0.0,Day
2,2023-05-11 03:00:00,33.60669877025422,-118.03551991033453,Rain,5.208871276577391,5.732492720097765,0.24744816076683285,Day
1,2023-05-11 04:00:00,42.28613252906419,-94.04492638999444,Rain,-8.708424484030916,9.703435710486165,0.4639757393485875,Day
2,2023-05-11 05:00:00,39.899982994867756,-102.67352403656915,Cloudy,-6.81089745869591,5.852593060225775,0.0,Day
1,2023-05-11 06:00:00,37.84510413635001,-87.6897905721036,Clear,28.77473984749667,6.850136820317756,0.0,Day
1,2023-05-11 07:00:00,43.94694691076693,-111.888860624832,Cloudy,27.857784228275257,5.998500967195613,0.0,Night
2,2023-05-11 08:00:00,32.35219770481731,-87.33498342684325,Thunderstorm,9.091363471693235,6.433489717360453,0.010570195520709431,Night
3,2023-05-11 09:00:00,31.789162054034996,-70.40792342226804,Clear,-2.339961177778024,8.805123503340624,0.0,Day
2,2023-05-11 10:00:00,34.827901977351566,-106.44181545229814,Clear,14.905260845912352,7.3820235936918,0.0,Night
1,2023-05-11 11:00:00,42.45331839777532,-96.92860269376064,Cloudy,6.594432761023263,5.81287858655125,0.0,Day
2,2023-05-11 12:00:00,30.52802184285352,-118.51503927851775,Snow,8.6984173948588,5.2331743932228685,0.25735299627162256,Day
4,2023-05-11 13:00:00,33.591085609640096,-98.29756387873786,Clear,3.0492677043981598,6.149581100851375,0.0,Night
3,2023-05-11 14:00:00,36.370532875300015,-99.7003767802496,Clear,-6.85710436452708,9.728013892630106,0.0,Day
2,2023-05-11 15:00:00,40.694114828073126,-91.76463919657041,Clear,29.55796384211002,9.226583740940168,0.0,Night
4,2023-05-11 16:00:00,34.489696014162604,-107.1614718620732,Rain,20.911041241492633,7.200868579620043,0.4764641349286675,Day
3,2023-05-11 17:00:00,36.72168669346071,-103.56729495910297,Clear,31.7317561884794,7.409976109729914,0.0,Day
1,2023-05-11 18:00:00,35.05275736306742,-89.50516556267509,Clear,15.160098869179627,9.496830696894975,0.0,Day
2,2023-05-11 19:00:00,31.380903820885536,-74.57625669681289,Cloudy,39.24933195525517,7.956726911878676,0.0,Night
4,2023-05-11 20:00:00,41.080139772468804,-108.24009253332005,Fog,38.12624547023026,1.14215415636163,0.0,Night
2,2023-05-11 21:00:00,36.92069094666725,-86.12708965928418,Cloudy,3.58917435482711,7.459195521761703,0.0,Night
1,2023-05-11 22:00:00,42.187681792921445,-93.80582919452719,Clear,9.348846176729555,6.00048809559413,0.0,Night
2,2023-05-11 23:00:00,40.42039375581208,-114.76954186489304,Cloudy,27.635470648537975,8.629634899711174,0.0,Day
2,2023-05-12 00:00:00,30.8672280028429,-91.72833657739457,Thunderstorm,28.830173098888785,7.6319665978950635,0.18987054607275086,Night
4,2023-05-12 01:00:00,37.501138507444175,-84.55960124243578,Cloudy,35.53495681201118,8.342197899842343,0.0,Day
2,2023-05-12 02:00:00,44.8628343542306,-90.08730536488096,Thunderstorm,22.631691680112674,5.786154583497473,0.4024050224565198,Day
2,2023-05-12 03:00:00,34.61805392798912,-114.77928929350954,Snow,13.756048845660349,8.238009009594728,0.23574250399558816,Night
3,2023-05-12 04:00:00,37.39437150734464,-77.27302079781441,Clear,8.882577482732632,6.911285737025603,0.0,Night
2,2023-05-12 05:00:00,39.78048665511061,-117.94982020052169,Rain,10.958927569851117,6.65998876405598,0.45371541396392284,Night
1,2023-05-12 06:00:00,33.033984005698436,-108.19976573416514,Clear,32.52025755286712,8.35737770536301,0.0,Day
4,2023-05-12 07:00:00,40.537608155475624,-89.21451604567989,Cloudy,39.00044218036973,7.961195566304783,0.0,Night
2,2023-05-12 08:00:00,39.89665014662519,-109.09936760335977,Clear,-7.404540754001751,8.245537144683523,0.0,Night
2,2023-05-12 09:00:00,35.62440700079232,-114.91006296707012,Clear,19.01223315202203,9.826665321157456,0.0,Day
2,2023-05-12 10:00:00,34.26658900969649,-94.4040867171096,Fog,16.002698603050423,1.6429066627405917,0.0,Day
1,2023-05-12 11:00:00,43.78654051917148,-83.87699245863153,Clear,8.807113742402514,8.204494811364453,0.0,Day
4,2023-05-12 12:00:00,31.905353590457054,-99.46224336686441,Fog,32.57882215130871,0.9726101924207484,0.0,Day
2,2023-05-12 13:00:00,36.48046186968278,-85.07694809880405,Clear,18.787150844746044,6.993571246768696,0.0,Night
2,2023-05-12 14:00:00,41.50475442333193,-76.96729083411114,Clear,5.655803111676397,9.195958455710908,0.0,Day
1,2023-05-12 15:00:00,32.222056432130806,-72.06016795802135,Fog,12.20520191685501,1.8247752355290994,0.0,Night
2,2023-05-12 16:00:00,43.99391300311412,-108.33675551336205,Cloudy,7.840177869194413,8.501218171627809,0.0,Day
3,2023-05-12 17:00:00,37.89378610146867,-89.73194435061988,Rain,11.504280385805586,6.465718223573336,0.2950567247946149,Night
3,2023-05-12 18:00:00,37.57223481730651,-106.65630088770526,Clear,-6.436710482802268,5.738782208831435,0.0,Night
4,2023-05-12 19:00:00,36.36416116198968,-76.4540741609564,Cloudy,-4.404209189153915,5.6488165364899805,0.0,Night
2,2023-05-12 20:00:00,43.01175287241822,-75.48560659582961,Rain,21.18458416518049,8.172794283453992,0.07012579267528044,Day
3,2023-05-12 21:00:00,44.226621132205906,-103.89195399651511,Cloudy,24.203418869821924,6.639774652397952,0.0,Night
2,2023-05-12 22:00:00,35.70102039326667,-87.73283768373565,Cloudy,21.83102076334822,6.375246442961968,0.0,Night
3,2023-05-12 23:00:00,38.13590475375107,-75.61623159120494,Thunderstorm,28.15376986986029,7.9602966467823375,0.14454015781837334,Night
3,2023-05-13 00:00:00,34.73134699248236,-94.58181833729742,Rain,37.17670107388703,5.128348772327509,0.2093985968953599,Night
2,2023-05-13 01:00:00,35.520251425070256,-83.97646783066256,Fog,33.03091534463276,1.4368126960097172,0.0,Night
2,2023-05-13 02:00:00,30.425003409338704,-79.9572248103805,Rain,10.925478968562171,6.702736426585438,0.26589235443746095,Night
1,2023-05-13 03:00:00,41.789032266156255,-76.40519519815922,Rain,0.8771568460637678,8.54186795303599,0.2810565860070107,Night
2,2023-05-13 04:00:00,44.53999711138569,-94.2396206737069,Clear,5.592610580062566,7.725006235818753,0.0,Night
4,2023-05-13 05:00:00,41.54289827771531,-72.90878127419136,Clear,19.387074397264605,9.279943085632247,0.0,Night
1,2023-05-13 06:00:00,37.77317131142187,-88.5523382659466,Fog,32.810416722878344,1.6975275731959651,0.0,Night
1,2023-05-13 07:00:00,42.41264989711672,-112.41362189195608,Clear,25.086206175377356,6.482204961377079,0.0,Night
1,2023-05-13 08:00:00,42.868185646246104,-89.37716220359366,Clear,17.150655238453382,5.165987042825052,0.0,Night
3,2023-05-13 09:00:00,38.16783946392418,-105.07630778081081,Clear,20.093917978001723,9.758586503191765,0.0,Day
2,2023-05-13 10:00:00,44.057362285198224,-101.39573286305446,Clear,16.413060686415218,7.507460731975342,0.0,Night
1,2023-05-13 11:00:00,30.452552895854854,-79.55702382311361,Fog,38.58137556648149,1.5938113838447197,0.0,Night
2,2023-05-13 12:00:00,30.151440147428065,-71.33262656463165,Fog,30.804572612778017,1.0342567586628117,0.0,Day
2,2023-05-13 13:00:00,31.221890462470093,-76.50730263492326,Cloudy,29.06386077005743,6.4495911796428995,0.0,Night
2,2023-05-13 14:00:00,30.867865731801775,-103.70981913132866,Clear,15.866449343186598,6.660530650228729,0.0,Night
3,2023-05-13 15:00:00,36.36916481673301,-97.31705945582155,Rain,6.590472878477065,8.281738471975714,0.2028619886840631,Day
2,2023-05-13 16:00:00,44.1048165588298,-70.82511266503857,Cloudy,-9.024295283111973,8.925879774496972,0.0,Day
2,2023-05-13 17:00:00,40.12835324987904,-73.82345587123504,Thunderstorm,-7.828498782014006,8.496553627162456,0.2178339312285506,Night
1,2023-05-13 18:00:00,39.89179291866685,-71.152552744604,Cloudy,-8.488103741877758,8.94359141261139,0.0,Day
1,2023-05-13 19:00:00,35.77329063505319,-98.35412574799851,Clear,39.023838338886264,7.875540196452986,0.0,Day
2,2023-05-13 20:00:00,38.00649684268854,-79.9718365079555,Cloudy,-4.275883076605477,9.314117413558018,0.0,Day
2,2023-05-13 21:00:00,34.56262044816635,-76.43913713294992,Thunderstorm,-2.8940573512095966,7.750533650345819,0.19040232012548616,Day
2,2023-05-13 22:00:00,37.767566091039974,-117.78683239263621,Rain,14.207499372905001,6.146703136256045,0.2680952580721566,Night
1,2023-05-13 23:00:00,41.199913630721085,-106.69561183228666,Rain,14.070058344657948,7.708505532493091,0.4256641903278571,Night
1,2023-05-14 00:00:00,38.38038696379948,-75.82580309702735,Clear,35.998688364253454,8.564723425784774,0.0,Night
3,2023-05-14 01:00:00,36.28307758835344,-100.5628756623693,Rain,-6.323363416353846,8.267876697074557,0.16898217659290213,Night
2,2023-05-14 02:00:00,42.67383095890646,-106.06889607676993,Rain,37.861958257834935,6.2150838148536796,0.26663797869007977,Night
3,2023-05-14 03:00:00,34.311643196921274,-106.36542534705701,Clear,0.8195119170504448,5.205391140020593,0.0,Day
3,2023-05-14 04:00:00,37.2223039188669,-101.22975131075421,Cloudy,38.50769046524165,6.262403801952998,0.0,Day
2,2023-05-14 05:00:00,44.67220905957301,-107.80185902367677,Clear,17.06620494013079,9.920210356268598,0.0,Night
3,2023-05-14 06:00:00,44.50982442784034,-119.8318343820874,Clear,22.600637296551504,5.922331201952246,0.0,Night
2,2023-05-14 07:00:00,30.094269249914884,-111.37024262835467,Clear,5.786438633032363,7.321858792454467,0.0,Night
1,2023-05-14 08:00:00,37.9835011339838,-75.87124726728382,Clear,20.59119755497976,8.1917289967878,0.0,Night
2,2023-05-14 09:00:00,35.05378888312739,-116.21757013342442,Cloudy,25.54148899496989,9.397365925247712,0.0,Night
2,2023-05-14 10:00:00,34.3683580462014,-99.34989799393713,Clear,-9.481491635384723,8.801293187651037,0.0,Night
2,2023-05-14 11:00:00,38.94378267913021,-97.17560729172227,Clear,-8.2885787409148,9.544765527803015,0.0,Night
2,2023-05-14 12:00:00,36.694564847912766,-81.09230181038052,Fog,39.323850596914966,0.8301490815133263,0.0,Day
2,2023-05-14 13:00:00,40.99263122325962,-107.37050112540912,Cloudy,12.87785524464077,9.32659404063905,0.0,Night
1,2023-05-14 14:00:00,30.407012855432445,-104.5179105821193,Cloudy,36.79087627182773,6.319214985696047,0.0,Day
1,2023-05-14 15:00:00,43.9033626984637,-119.28620210579741,Cloudy,26.49488084083343,7.152824210849324,0.0,Day
1,2023-05-14 16:00:00,38.51389938191775,-74.85846924928887,Rain,8.648415398369266,9.218862371746372,0.23106156112574258,Day
1,2023-05-14 17:00:00,40.26100053322462,-85.72215303386533,Clear,-2.457899767073509,6.627818338889273,0.0,Night
2,2023-05-14 18:00:00,39.068797120677125,-106.85768856193727,Snow,38.907586652510595,9.356110721191975,0.3716133273148292,Day
2,2023-05-14 19:00:00,44.836974094644454,-75.6242526681692,Clear,19.224812854919357,6.815575339441691,0.0,Night
1,2023-05-14 20:00:00,44.79447661944572,-115.67092622782845,Rain,-0.3821688315750045,6.816973518616711,0.03054962700825791,Day
3,2023-05-14 21:00:00,39.14837152507947,-101.58021725263701,Clear,24.08264901473735,6.545164573955722,0.0,Night
3,2023-05-14 22:00:00,40.259449422346364,-91.82012326648122,Rain,-5.397574508483107,7.734715418187843,0.49843933827476533,Day
2,2023-05-14 23:00:00,39.278547680552634,-94.72441656190801,Cloudy,33.40186398700798,5.6453436944936,0.0,Day
3,2023-05-15 00:00:00,34.660213859093794,-87.25462259826496,Cloudy,-5.493132637233052,5.183013259240096,0.0,Day
2,2023-05-15 01:00:00,32.889203347094046,-105.1202478743465,Clear,1.8097179145584477,9.487064899854953,0.0,Night
1,2023-05-15 02:00:00,36.04144727720324,-82.10792686753064,Cloudy,-5.428459728631232,9.64469127286896,0.0,Night
4,2023-05-15 03:00:00,40.241352334524166,-99.72769087852141,Thunderstorm,-4.81063915752671,5.380853309459624,0.0858575078924447,Night
1,2023-05-15 04:00:00,30.839660314686032,-113.73514031535132,Snow,16.19170768295913,7.748487774807463,0.15816082655020977,Day
4,2023-05-15 05:00:00,37.714578102164914,-82.97992760347162,Clear,24.34949012796961,7.698410798775906,0.0,Night
2,2023-05-15 06:00:00,36.12595991109585,-74.40285093435051,Clear,29.42408916729768,6.8621534020880866,0.0,Night
2,2023-05-15 07:00:00,37.91227261928428,-101.77877612526551,Fog,24.752764480104673,1.6544095846707867,0.0,Night
2,2023-05-15 08:00:00,42.90339949637322,-90.51735880889584,Cloudy,8.174490601803544,7.290596728640324,0.0,Day
2,2023-05-15 09:00:00,30.714152063355872,-85.60877359642384,Rain,17.86438935235266,7.4481750710227725,0.4163059317770885,Night
1,2023-05-15 10:00:00,41.45436074042553,-78.4238238888901,Fog,36.38320372141153,1.973379926949499,0.0,Day
2,2023-05-15 11:00:00,40.0036483790044,-110.10032463554886,Fog,9.378830787702782,1.9252844254960981,0.0,Day
3,2023-05-15 12:00:00,33.057719714596814,-91.50108205994265,Cloudy,2.620218451406185,6.618290464026629,0.0,Night
2,2023-05-15 13:00:00,41.01275504292154,-82.9818300980036,Cloudy,15.965967778046018,7.907280560444779,0.0,Day
1,2023-05-15 14:00:00,37.445579203184366,-110.04369131532376,Clear,4.8667605921048995,8.203769985380628,0.0,Night
2,2023-05-15 15:00:00,37.215371935166175,-96.37592641354492,Rain,3.090852598093793,8.311556719996824,0.22374157527636115,Night
3,2023-05-15 16:00:00,37.24605772420038,-96.78189557655801,Clear,28.940165062663155,8.091533254884862,0.0,Day
2,2023-05-15 17:00:00,44.23851093376914,-78.03273722054035,Clear,34.54179286987679,8.323013823714,0.0,Night
2,2023-05-15 18:00:00,44.165467595051894,-81.13467997738896,Clear,15.115834137447585,6.550463918336291,0.0,Night
4,2023-05-15 19:00:00,43.704120700279006,-108.40367523369912,Clear,28.989144098367916,7.230669565396486,0.0,Night
2,2023-05-15 20:00:00,43.30113110317641,-108.35236636654642,Rain,-0.6455286901379385,8.343530846271738,0.49135658390845377,Night
2,2023-05-15 21:00:00,30.563821373566025,-83.83229352983301,Cloudy,17.382150651792394,8.771842708023229,0.0,Day
3,2023-05-15 22:00:00,36.00892390668214,-83.01937593007318,Cloudy,21.809997135283297,7.170730643291144,0.0,Night
3,2023-05-15 23:00:00,43.42315595288481,-111.05500638003105,Clear,14.533208390838602,6.826664217584725,0.0,Day
1,2023-05-16 00:00:00,41.32689833491388,-99.44098048056512,Fog,-4.155989182590188,0.9252650534774151,0.0,Night
1,2023-05-16 01:00:00,36.84989703492606,-78.71145688244968,Clear,26.705011590953866,6.110865899176698,0.0,Night
3,2023-05-16 02:00:00,41.59879555825749,-116.02896730728061,Rain,31.953908859474964,5.047460977679993,0.35546041715346083,Night
1,2023-05-16 03:00:00,33.12278738720431,-101.305271860734,Fog,21.761312749072946,1.1316804264372553,0.0,Night
4,2023-05-16 04:00:00,38.9969886816419,-87.77294840308409,Cloudy,-1.5419499191586326,5.866865774131704,0.0,Day
1,2023-05-16 05:00:00,37.99497422837491,-81.44566039065117,Cloudy,-6.272378007572851,6.891413795181711,0.0,Night
2,2023-05-16 06:00:00,38.60320533016114,-87.36710555434027,Fog,5.080195408723945,1.542571813548905,0.0,Day
1,2023-05-16 07:00:00,40.826931299196815,-100.12396134921265,Clear,-8.150494407479027,8.886309442570612,0.0,Night
3,2023-05-16 08:00:00,44.24703136872115,-70.40244516340343,Cloudy,31.96095052264669,6.657042496999152,0.0,Day
3,2023-05-16 09:00:00,33.96017651920466,-117.92338207897635,Cloudy,25.153022003510458,8.203378956946615,0.0,Day
2,2023-05-16 10:00:00,41.370761630499445,-95.26220686268391,Clear,18.184433050031465,8.369562982996605,0.0,Day
4,2023-05-16 11:00:00,39.677114532158186,-94.49724920186524,Snow,34.48162517418659,7.282271427761777,0.11351481809718506,Day
1,2023-05-16 12:00:00,40.42717601139495,-108.01044131022951,Fog,-4.495325011496445,1.085622478048335,0.0,Night
1,2023-05-16 13:00:00,36.4337949751506,-92.0646293685155,Rain,25.72298749380166,8.501825430377028,0.24090612647218126,Day
3,2023-05-16 14:00:00,44.168678943950894,-108.99712964139283,Clear,-2.668389653341249,5.3758395733768385,0.0,Day
3,2023-05-16 15:00:00,37.19484374981395,-97.82939668087701,Clear,-6.953728661565758,5.49606479850351,0.0,Day
3,2023-05-16 16:00:00,31.8238768409868,-98.418286314766,Cloudy,-3.3547746314317255,5.979986843874444,0.0,Night
3,2023-05-16 17:00:00,40.21039470827383,-81.3438821881476,Clear,37.547004535430894,6.40187898894079,0.0,Night
2,2023-05-16 18:00:00,31.933036706437825,-72.8704057089654,Rain,12.021669232901953,9.232258501605243,0.13603470258829797,Night
1,2023-05-16 19:00:00,34.84012501821494,-109.8578371159422,Cloudy,-7.550215188858235,8.374608885522486,0.0,Night
4,2023-05-16 20:00:00,33.42008516036719,-70.42413595806208,Rain,19.181732412741685,6.936063942083801,0.11477927527689398,Night
2,2023-05-16 21:00:00,38.08401590835933,-72.984176996347,Cloudy,-0.01429669337177586,9.893137255803767,0.0,Night
2,2023-05-16 22:00:00,35.212558248423726,-114.36733999180996,Cloudy,-9.658179487011655,6.218012711415729,0.0,Day
2,2023-05-16 23:00:00,32.397798552551265,-74.38169821718492,Clear,27.919289722200475,8.049071936921273,0.0,Night
1,2023-05-17 00:00:00,41.862215466265546,-91.77110351747176,Clear,-2.2568460540067914,9.236070544765413,0.0,Day
3,2023-05-17 01:00:00,37.02737430657191,-76.05217962667007,Cloudy,37.12432361799381,9.010112889783926,0.0,Night
1,2023-05-17 02:00:00,36.816735593826444,-72.71823916422535,Rain,19.639993439328638,5.451538742828133,0.13541729597246582,Night
3,2023-05-17 03:00:00,43.29544430106302,-77.05463987638312,Rain,-5.6502088729679905,8.486371118372714,0.08365266012120384,Day
2,2023-05-17 04:00:00,38.08236540666195,-99.85612066231535,Rain,0.8912214336081394,6.28931877776346,0.18140628685672525,Night
2,2023-05-17 05:00:00,40.64844143797535,-88.16204032652239,Thunderstorm,20.542231862992203,6.778667390327334,0.30289460369373267,Night
2,2023-05-17 06:00:00,34.92098141454382,-96.76148404767258,Clear,6.905636402423845,7.444959911555827,0.0,Day
1,2023-05-17 07:00:00,38.41934235704868,-101.6776043706845,Clear,16.60715255245465,8.953750830326968,0.0,Night
2,2023-05-17 08:00:00,40.89622029459098,-107.46450263792872,Clear,29.975602329818507,5.831007213345236,0.0,Day
2,2023-05-17 09:00:00,34.447080049721,-97.92460345065025,Rain,29.630075411877655,5.5427761751980835,0.15363885002645455,Day
2,2023-05-17 10:00:00,40.32801223044242,-79.70140373733636,Cloudy,24.899340199153137,5.7672062252182235,0.0,Night
1,2023-05-17 11:00:00,38.53144745767698,-77.79886524587826,Snow,34.30271530649931,6.091117677959916,0.12187210855633727,Day
1,2023-05-17 12:00:00,36.5128974475863,-72.09972404561123,Cloudy,-0.03196542110518763,5.297509269055146,0.0,Night
1,2023-05-17 13:00:00,40.69454342469919,-105.469167377783,Fog,-1.1379255724492907,1.3758775678134725,0.0,Night
2,2023-05-17 14:00:00,34.753565547367025,-87.48012472979903,Fog,29.967475812671523,1.429568085121021,0.0,Night
1,2023-05-17 15:00:00,40.71754120050333,-85.31105259313006,Clear,6.0444673113907825,5.884878149332103,0.0,Day
3,2023-05-17 16:00:00,38.26671111066976,-110.43338329833752,Cloudy,15.609120655622398,8.18917101841035,0.0,Night
2,2023-05-17 17:00:00,33.684057826862286,-101.65590435379431,Cloudy,27.197607435977282,8.934980593833146,0.0,Day
3,2023-05-17 18:00:00,40.02413200461048,-102.88715716339902,Clear,9.796617964717388,8.766170828007084,0.0,Night
3,2023-05-17 19:00:00,43.27146591056136,-70.70450026298764,Cloudy,-3.491884990289331,8.593535963935462,0.0,Night
1,2023-05-17 20:00:00,34.650209898079964,-72.08107184392158,Rain,23.97286008936458,5.252649877189835,0.3605837930569628,Day
3,2023-05-17 21:00:00,42.18497827535095,-78.91160500775203,Clear,30.857969342397872,8.910797596102231,0.0,Night
2,2023-05-17 22:00:00,35.041955346102846,-96.35820223522055,Cloudy,-9.360135820956542,7.509393206259291,0.0,Day
3,2023-05-17 23:00:00,42.31681857638519,-106.79640930917773,Rain,18.127605809887235,8.245430100157584,0.24347609610642382,Night
3,2023-05-18 00:00:00,30.76726558120183,-74.20178787564194,Clear,13.470254619878183,9.782123122696133,0.0,Day
1,2023-05-18 01:00:00,30.108229708134584,-106.59781989576842,Cloudy,2.9798003263645434,9.05336269237028,0.0,Day
2,2023-05-18 02:00:00,31.69893076903152,-93.90284909205887,Clear,-1.9485716440035912,9.126860046130023,0.0,Day
2,2023-05-18 03:00:00,43.1091421166181,-107.74637387117183,Rain,-0.5981344354444893,5.907336094390859,0.11568877030671398,Day
2,2023-05-18 04:00:00,38.00582779589486,-71.43710536875665,Clear,26.248659211235548,7.382085631615323,0.0,Night
1,2023-05-18 05:00:00,38.91151942627946,-117.91191959364825,Fog,16.809756707180988,1.394630741935951,0.0,Night
1,2023-05-18 06:00:00,42.633082025413856,-111.28250908794271,Cloudy,39.05771906674728,7.913426260353527,0.0,Day
2,2023-05-18 07:00:00,30.759687077124518,-81.74753803798743,Clear,2.1615399126076724,5.512931848821191,0.0,Night
2,2023-05-18 08:00:00,35.806605638777015,-112.42773566088644,Cloudy,37.84520883938733,8.659099124426206,0.0,Day
4,2023-05-18 09:00:00,39.646355391735874,-71.03252281654406,Cloudy,15.755477966918676,5.214634235525249,0.0,Night
3,2023-05-18 10:00:00,36.07020246535317,-103.93238425959943,Cloudy,-2.6986811175501195,8.711486335018694,0.0,Night
2,2023-05-18 11:00:00,30.481953009711855,-74.06769199708883,Cloudy,-2.5910478650353417,9.398863135613237,0.0,Night
1,2023-05-18 12:00:00,39.76415481253484,-86.88608493758534,Cloudy,20.42839952450789,7.126250703066674,0.0,Night
1,2023-05-18 13:00:00,35.871019418591985,-88.29412553755236,Clear,31.57113733159462,7.0680643149254365,0.0,Day
2,2023-05-18 14:00:00,30.288135024578402,-74.23137755669764,Clear,27.38557626267572,6.521056886273633,0.0,Day
3,2023-05-18 15:00:00,32.55777575480038,-94.33603338738362,Rain,22.781367131779994,9.384691425518664,0.26351715983554214,Day
2,2023-05-18 16:00:00,33.26373274250956,-99.96109845559961,Cloudy,-1.3945968755880571,7.738923020241934,0.0,Night
2,2023-05-18 17:00:00,37.659237575319345,-109.11886222970338,Clear,-4.582999711453053,7.896299703173094,0.0,Night
3,2023-05-18 18:00:00,32.79562351550102,-112.77319027447851,Snow,-9.987598814576122,8.308536954249773,0.4193597010212621,Night
4,2023-05-18 19:00:00,35.41990908638962,-80.41155927651725,Clear,-4.91030693830319,6.501154737814385,0.0,Day
1,2023-05-18 20:00:00,41.25998645322349,-113.60308373399879,Rain,28.3183303741692,7.163931556752059,0.3768745812953647,Day
1,2023-05-18 21:00:00,42.115798339815896,-100.29912238785947,Clear,34.76242079945188,8.708028811031493,0.0,Night
2,2023-05-18 22:00:00,41.93119471103364,-99.53915851902217,Clear,2.017522942770926,9.927434842694927,0.0,Night
2,2023-05-18 23:00:00,40.42624275608133,-86.77503108236405,Fog,29.744712022504295,1.8926747554163776,0.0,Day
4,2023-05-19 00:00:00,38.127184719072,-106.0742746404054,Clear,-0.05756171960094747,5.2132424897328375,0.0,Day
1,2023-05-19 01:00:00,38.25945441412952,-78.0885530895099,Rain,2.4635841679100743,7.14041240991464,0.23945275582960138,Day
1,2023-05-19 02:00:00,44.30081339551032,-109.62579239194694,Clear,1.2079047196101342,8.298109174048067,0.0,Night
3,2023-05-19 03:00:00,43.16803119120312,-80.5425672533637,Cloudy,-7.413504547541435,6.931823124176584,0.0,Night
3,2023-05-19 04:00:00,39.746761795032405,-77.51204127892623,Fog,-0.2969365949917613,0.8262561001106696,0.0,Day
4,2023-05-19 05:00:00,37.02742415678509,-110.34096798797323,Clear,8.677167230365466,5.976796290430679,0.0,Night
2,2023-05-19 06:00:00,40.93605623642995,-79.52920829865747,Snow,10.273485769414506,5.039627290037138,0.2612296059805676,Day
2,2023-05-19 07:00:00,30.94073846265206,-84.3129925898366,Cloudy,5.4733206946581205,5.950646811563845,0.0,Day
1,2023-05-19 08:00:00,44.16912294992448,-76.28110474339348,Cloudy,15.736264282193343,9.434211875506506,0.0,Night
1,2023-05-19 09:00:00,38.21369243407034,-94.50158414062334,Cloudy,8.899911624991173,5.725744964342323,0.0,Day
2,2023-05-19 10:00:00,37.541856813142786,-108.30717460643629,Fog,38.51823230870427,0.9002100129674915,0.0,Night
2,2023-05-19 11:00:00,34.36252239820112,-74.39801316355278,Clear,30.367522716563244,7.0963809036072405,0.0,Night
1,2023-05-19 12:00:00,30.050842421536313,-80.49781915458203,Clear,36.54886729714609,8.328626606455645,0.0,Day
3,2023-05-19 13:00:00,30.91864788638874,-118.95073140507618,Fog,17.87134731063516,0.9182003939864591,0.0,Day
1,2023-05-19 14:00:00,33.945126869750574,-73.02932068527588,Rain,23.916981436065377,8.29375085533113,0.49238586940719403,Day
3,2023-05-19 15:00:00,38.123193880579386,-72.57373706752836,Clear,-1.6661812449402813,6.773758219911677,0.0,Day
1,2023-05-19 16:00:00,31.253704752978276,-102.23479346117432,Cloudy,27.63928786185663,9.630197795412494,0.0,Night
3,2023-05-19 17:00:00,44.58078013408497,-119.49908713628756,Cloudy,1.7985555582636685,9.244436647929529,0.0,Day
1,2023-05-19 18:00:00,36.1644117437839,-92.37313393949724,Cloudy,-2.708353613291189,6.997531242387931,0.0,Day
3,2023-05-19 19:00:00,34.74476211431063,-74.31621134528243,Clear,-7.907032563041929,9.964459217589264,0.0,Day
1,2023-05-19 20:00:00,37.87794719828892,-113.77798582014445,Rain,13.611512480098266,5.259718763281236,0.3673793118215886,Night
2,2023-05-19 21:00:00,30.974798880719675,-90.47451563711391,Clear,4.339462981467516,8.943161100320953,0.0,Night
3,2023-05-19 22:00:00,42.75676010360444,-83.41153598951736,Rain,39.33635863180943,7.169182620136813,0.3301820168762882,Night
1,2023-05-19 23:00:00,36.90415702817019,-113.26550697380624,Snow,2.4917151007906515,7.1665257229379264,0.29268634487020584,Day
1,2023-05-20 00:00:00,32.67503117153968,-94.33632951742732,Cloudy,33.3271640159327,5.850668990726714,0.0,Night
3,2023-05-20 01:00:00,32.426016441748686,-115.5597863082434,Clear,5.821938456566386,7.574399599861304,0.0,Night
3,2023-05-20 02:00:00,35.414315306081285,-92.09369131330023,Clear,27.45634261562062,5.423592484400427,0.0,Night
1,2023-05-20 03:00:00,38.60044219964762,-97.89421957954588,Cloudy,22.992065503485264,8.082885895001887,0.0,Day
1,2023-05-20 04:00:00,36.253587869086125,-106.76509883478239,Rain,18.089177733084114,6.207952204269436,0.08356558445671251,Night
1,2023-05-20 05:00:00,38.9519600761587,-77.34597304098914,Clear,10.841247172705067,8.62429022884685,0.0,Night
1,2023-05-20 06:00:00,40.58216617351121,-100.91052614879052,Cloudy,23.55525064222965,8.036807591282864,0.0,Day
4,2023-05-20 07:00:00,41.22733143510429,-85.00914609309581,Clear,10.363917510842928,8.732025043757229,0.0,Day
2,2023-05-20 08:00:00,36.01433339391395,-80.4658666045656,Clear,17.40501171636599,8.748710351171056,0.0,Night
2,2023-05-20 09:00:00,40.75504967335645,-111.06860497906081,Clear,19.490086841798448,5.983545226102206,0.0,Night
4,2023-05-20 10:00:00,32.12256529813115,-114.04432485631744,Clear,3.3677610018561985,5.00337364743298,0.0,Day
2,2023-05-20 11:00:00,37.69644300425205,-119.60824134435698,Clear,6.986823865269489,6.828806296963688,0.0,Night
2,2023-05-20 12:00:00,31.087720752899525,-104.70960554002006,Cloudy,-9.097496822109843,9.595346078982544,0.0,Night
2,2023-05-20 13:00:00,33.66158445444396,-79.20221587910694,Fog,32.607949669739206,1.7896444918840144,0.0,Night
2,2023-05-20 14:00:00,38.74780034249771,-81.36170856569919,Rain,27.799157215031734,8.637510028125085,0.36426998020093704,Day
2,2023-05-20 15:00:00,41.106310283128806,-76.4097029451301,Clear,-0.8234773348538802,9.397851687617765,0.0,Day
1,2023-05-20 16:00:00,31.429640450834285,-81.96998983766859,Clear,8.102422500427934,9.530291238623485,0.0,Night
1,2023-05-20 17:00:00,33.10604770110865,-118.8004213272469,Clear,11.053474150451422,7.645125786547136,0.0,Day
1,2023-05-20 18:00:00,44.878473217935976,-100.72411805289762,Clear,6.718934600004403,7.704710424560275,0.0,Day
1,2023-05-20 19:00:00,35.06486465155927,-119.70363865340593,Cloudy,29.91214033030449,9.254694206165581,0.0,Day
2,2023-05-20 20:00:00,34.26061150598969,-118.19744930810343,Cloudy,26.271035305774262,9.03742717645007,0.0,Night
2,2023-05-20 21:00:00,31.278856372684743,-96.07206347754345,Clear,28.357936507059776,8.494292999527227,0.0,Day
2,2023-05-20 22:00:00,40.422641480046316,-101.99972280943706,Clear,35.206502546717665,8.022321470581533,0.0,Day
1,2023-05-20 23:00:00,37.623800766321544,-92.07382453834663,Clear,19.757562795018966,8.086075512892801,0.0,Day
2,2023-05-21 00:00:00,32.36326316774768,-116.6919529437516,Clear,20.72671645140272,6.814556723116926,0.0,Day
1,2023-05-21 01:00:00,39.49347350391611,-90.58499424301601,Rain,26.09670598236164,9.204588737008455,0.14028045783869794,Day
2,2023-05-21 02:00:00,37.886405360416056,-116.74988156008114,Clear,24.06162973253386,8.088898525436305,0.0,Night
3,2023-05-21 03:00:00,38.47417947098834,-98.81578973788592,Cloudy,33.49065091994809,6.117640311207655,0.0,Night
1,2023-05-21 04:00:00,44.92282208354624,-102.38211855002208,Cloudy,28.50991029222724,6.199216392547692,0.0,Night
3,2023-05-21 05:00:00,30.429190919126956,-108.80260293696264,Fog,-3.977069176059574,1.5814185105062388,0.0,Day
3,2023-05-21 06:00:00,43.724582414195694,-104.40143661283051,Fog,36.41793077238934,1.189000243416736,0.0,Night
1,2023-05-21 07:00:00,42.62836142373456,-119.97379479647596,Rain,24.154964515060122,6.993520642139659,0.3169816345992504,Night
1,2023-05-21 08:00:00,36.23014236990236,-103.79532282535453,Clear,-3.642703708682312,5.935503796176437,0.0,Night
4,2023-05-21 09:00:00,43.21419530457544,-116.079582888187,Cloudy,28.59868678579663,8.051079866226008,0.0,Night
1,2023-05-21 10:00:00,39.72841863559274,-73.93489136259294,Rain,7.920626486960227,5.921551900097525,0.4034794973266896,Night
3,2023-05-21 11:00:00,43.34031775051815,-116.2833559976577,Clear,30.29889560182516,7.350835156091505,0.0,Night
2,2023-05-21 12:00:00,38.92096323394719,-72.34470561421628,Cloudy,37.770297149510846,8.387552671206182,0.0,Night
1,2023-05-21 13:00:00,33.24223858978769,-95.42868326282681,Fog,2.762101805446486,1.1534119663252593,0.0,Day
1,2023-05-21 14:00:00,38.6433207607766,-94.34134223533538,Cloudy,32.870552304245464,9.610499500631342,0.0,Night
2,2023-05-21 15:00:00,32.68593371895206,-80.59371306594369,Clear,28.678068507196926,5.198606009258845,0.0,Night
2,2023-05-21 16:00:00,32.1124189153094,-85.23101437157737,Clear,23.55924501002336,6.398974379257014,0.0,Day
2,2023-05-21 17:00:00,39.81091847882136,-108.14694385554021,Cloudy,9.24602722804568,5.285430506189906,0.0,Day
4,2023-05-21 18:00:00,44.21214924803377,-118.72668254779686,Clear,-4.5068952277770045,5.973021150107497,0.0,Night
3,2023-05-21 19:00:00,38.827439688111674,-81.07753954226666,Rain,14.194841395996349,5.619916679227654,0.12240630708129602,Night
1,2023-05-21 20:00:00,41.9368144947334,-113.51286003879639,Rain,-4.716668511125474,8.663308135101158,0.09987063717250187,Day
3,2023-05-21 21:00:00,32.52546544899331,-90.08153857382317,Clear,15.007361343916259,6.84687970647199,0.0,Night
3,2023-05-21 22:00:00,39.81315549283413,-72.86841130311105,Fog,31.014663538778485,1.2045092794651584,0.0,Night
4,2023-05-21 23:00:00,40.99466207244708,-92.52782550539003,Cloudy,39.88190672004816,5.116888608460353,0.0,Night
2,2023-05-22 00:00:00,30.624217807715418,-105.72133707111118,Clear,-0.09956442534455334,8.26462092472089,0.0,Night
3,2023-05-22 01:00:00,31.45746475565493,-111.05989388429984,Rain,0.392902117351122,9.852724001327442,0.49757387446978074,Day
2,2023-05-22 02:00:00,41.72371320792524,-118.65250445658849,Rain,30.544166595953456,5.879193599050093,0.10669729491373173,Night
2,2023-05-22 03:00:00,36.599250321932594,-88.83775289315301,Cloudy,13.452931614860496,7.212161151427909,0.0,Day
4,2023-05-22 04:00:00,36.08371504323317,-92.10004654943188,Fog,35.790229801594094,1.7849226924711818,0.0,Night
1,2023-05-22 05:00:00,43.80554395408767,-96.91370422943245,Rain,28.449811879060718,8.16568999661584,0.4193548223148583,Night
1,2023-05-22 06:00:00,44.87948736530441,-110.31142854662494,Fog,26.821388236509613,0.533332161140574,0.0,Night
3,2023-05-22 07:00:00,41.46576805358464,-108.16840666822246,Cloudy,-4.90231456726716,6.633780635272026,0.0,Night
1,2023-05-22 08:00:00,41.88890661477528,-72.0735498490134,Rain,-8.206221741295497,8.640999767664507,0.43863796762663465,Day
3,2023-05-22 09:00:00,33.12481496360407,-118.97979558252327,Thunderstorm,5.838140982993071,8.266276385341682,0.43969129338604923,Day
3,2023-05-22 10:00:00,32.88338163509999,-101.82826675185912,Rain,0.8649180424476803,5.8140014272187575,0.40514417026920757,Day
1,2023-05-22 11:00:00,44.7102422292674,-118.05937475047791,Clear,25.615444296425657,9.820453656528482,0.0,Night
2,2023-05-22 12:00:00,40.426375788958374,-110.42153304267673,Cloudy,12.53668620830252,7.778364544700597,0.0,Day
3,2023-05-22 13:00:00,40.300646969690796,-73.34318566195927,Cloudy,16.15731873144595,7.627308005179508,0.0,Night
2,2023-05-22 14:00:00,34.292819565753994,-112.52186118336984,Clear,30.68707414359495,9.241183387937348,0.0,Day
4,2023-05-22 15:00:00,43.29719025866624,-89.96073457735191,Thunderstorm,13.925234088285467,8.202067553144882,0.08537502259454072,Night
3,2023-05-22 16:00:00,30.666605957914204,-102.65274630826468,Clear,17.246316040269956,5.372396433031876,0.0,Day
2,2023-05-22 17:00:00,34.11885534697037,-88.34759388282713,Clear,32.1160133204011,7.532946868951299,0.0,Day
1,2023-05-22 18:00:00,32.7021198612865,-77.3928570730429,Fog,11.56679046537564,0.858800061753996,0.0,Night
4,2023-05-22 19:00:00,40.66644117999676,-105.67277948130602,Cloudy,-5.84366460432005,8.499900600884455,0.0,Day
2,2023-05-22 20:00:00,40.730249855865765,-116.06884339327631,Clear,16.085260479649126,9.853843620713734,0.0,Day
1,2023-05-22 21:00:00,38.02097231799269,-109.7910054318391,Cloudy,18.968084211642374,5.124581398429655,0.0,Night
3,2023-05-22 22:00:00,30.078893286467626,-98.04548932632292,Cloudy,15.589840215649652,6.30609478320201,0.0,Day
3,2023-05-22 23:00:00,43.10632982853028,-94.24680689751605,Clear,2.90247586090587,7.7457822814121275,0.0,Day
2,2023-05-23 00:00:00,44.33380699491768,-72.90523639610115,Thunderstorm,1.1845034126064,8.097448995103747,0.1834163040947029,Night
2,2023-05-23 01:00:00,33.03468682630112,-119.19490108356565,Cloudy,8.487818596592078,6.371779929538721,0.0,Night
2,2023-05-23 02:00:00,42.633490908813954,-82.11864634450066,Cloudy,-1.6885630748160096,9.134008331879322,0.0,Day
3,2023-05-23 03:00:00,44.59929677602432,-116.37451320756595,Cloudy,23.30118396369174,5.821738964580065,0.0,Day
3,2023-05-23 04:00:00,34.90461185047468,-116.10389473364802,Cloudy,20.733745063982216,5.004245548108591,0.0,Night
4,2023-05-23 05:00:00,32.77585242897841,-87.2933854110097,Clear,21.619780783939184,9.761956991880648,0.0,Day
2,2023-05-23 06:00:00,44.66310078084635,-74.55337216619913,Clear,1.2398746569970616,6.957783972150499,0.0,Day
3,2023-05-23 07:00:00,30.89614937738167,-105.61518329274249,Cloudy,2.3264507101942034,9.787449004780468,0.0,Day
4,2023-05-23 08:00:00,34.13940962901724,-106.53469105422842,Snow,29.36951295593751,6.38965800172612,0.3581057026079253,Day
1,2023-05-23 09:00:00,41.130439001384495,-89.11440881070303,Clear,24.505588627925768,5.317243175656129,0.0,Day
1,2023-05-23 10:00:00,39.26030222446222,-81.18595845682172,Cloudy,33.75899245837706,8.862598022765116,0.0,Night
3,2023-05-23 11:00:00,40.2676606963539,-76.55204401375026,Snow,10.175285888839767,9.179097659128491,0.48958647816158885,Night
1,2023-05-23 12:00:00,40.621373107281755,-107.51469257075101,Clear,17.366391604887635,7.4604344942381795,0.0,Day
1,2023-05-23 13:00:00,40.29216336055474,-82.990041044946,Clear,26.938885296520674,5.369251700889323,0.0,Night
1,2023-05-23 14:00:00,35.13361855615625,-104.63939547529337,Clear,38.70774845162782,8.27067037486669,0.0,Night
2,2023-05-23 15:00:00,34.67250339913684,-92.75940398548873,Cloudy,39.481590642284786,5.910719872375786,0.0,Day
1,2023-05-23 16:00:00,36.42699816840578,-110.4573764352958,Clear,39.95877062391402,9.24690774078142,0.0,Day
2,2023-05-23 17:00:00,42.11525363967545,-112.69989879584631,Cloudy,34.526324153240324,6.370115597710956,0.0,Day
4,2023-05-23 18:00:00,44.07406553025025,-73.23482249330812,Cloudy,21.9825409568539,9.238531951569637,0.0,Night
3,2023-05-23 19:00:00,36.82869160492702,-92.64003747977193,Cloudy,-9.651452460527363,7.134622709467597,0.0,Day
3,2023-05-23 20:00:00,31.28649205824433,-119.77052265034723,Clear,24.97718816388781,7.982439196240753,0.0,Day
1,2023-05-23 21:00:00,44.07447798491414,-80.3281727942686,Cloudy,1.9299758068470592,8.947812584104831,0.0,Night
3,2023-05-23 22:00:00,31.20642312846207,-85.45649339843206,Rain,-7.141642634487813,5.202196214914657,0.3047519650890068,Night
3,2023-05-23 23:00:00,32.38664409754883,-103.70585977112518,Fog,24.859221447256807,1.292751936677754,0.0,Day
2,2023-05-24 00:00:00,43.01517019405004,-96.80178587538383,Fog,27.80054635880967,1.8057175059659327,0.0,Day
1,2023-05-24 01:00:00,38.27217810770417,-97.50602513436921,Cloudy,22.971656008387477,6.792091776014932,0.0,Day
2,2023-05-24 02:00:00,35.290292967946584,-106.26151523957377,Cloudy,8.258489190812817,7.363905150555316,0.0,Night
3,2023-05-24 03:00:00,43.96364529870207,-70.97214799513276,Clear,15.550206203956165,9.477132918343143,0.0,Night
2,2023-05-24 04:00:00,44.40759583260313,-92.80574586350556,Clear,36.74738134978737,5.1122031394779555,0.0,Night
3,2023-05-24 05:00:00,34.96144041201626,-75.13602795236655,Clear,26.48054829884711,7.796013041483927,0.0,Day
2,2023-05-24 06:00:00,43.026362160008624,-90.73223071691285,Rain,15.234211674966794,8.212612500311973,0.056497652043567465,Night
2,2023-05-24 07:00:00,40.177932778139784,-85.49084382157471,Clear,19.67245759755361,6.582911545495367,0.0,Day
3,2023-05-24 08:00:00,34.11737059348366,-118.52287782614565,Clear,36.384179917317816,6.452433856547299,0.0,Day
1,2023-05-24 09:00:00,44.121490216120876,-94.40907253028064,Thunderstorm,9.689126113483873,7.452345792552338,0.1507602571859565,Day
2,2023-05-24 10:00:00,30.946036689499042,-83.93616085558804,Clear,-4.9078142256954855,5.9355020893233625,0.0,Day
4,2023-05-24 11:00:00,34.76913448795438,-113.9068480880984,Clear,6.291312085153571,7.340594648024796,0.0,Day
3,2023-05-24 12:00:00,35.94392416072292,-86.08375187325741,Clear,10.760010736814323,8.825126617450737,0.0,Night
1,2023-05-24 13:00:00,40.359798263646,-115.78638865333335,Cloudy,3.6481934930244133,9.226977520802574,0.0,Day
1,2023-05-24 14:00:00,30.576495396292735,-79.64885410955827,Cloudy,16.448620262502516,6.925806924494504,0.0,Day
2,2023-05-24 15:00:00,43.346653527724875,-71.11080799118625,Clear,5.242893757303866,8.086508565718429,0.0,Day
3,2023-05-24 16:00:00,39.88654415226721,-88.66326994103736,Cloudy,-4.841020730880871,5.000102589804475,0.0,Day
2,2023-05-24 17:00:00,34.12534246719764,-116.14610536084045,Rain,-0.5965743196974653,7.751762418357261,0.27308492387797506,Night
2,2023-05-24 18:00:00,39.8751314083635,-90.66232752507845,Snow,35.907804171156954,9.87618152696245,0.41807037014621945,Day
1,2023-05-24 19:00:00,38.053858798788426,-82.95684601012088,Thunderstorm,21.479781455043014,6.561325135806057,0.17769095819938463,Day
3,2023-05-24 20:00:00,35.044136431122745,-73.34520018876123,Snow,5.71543563815252,7.973880621046231,0.095285044568867,Night
3,2023-05-24 21:00:00,30.428947056072325,-117.72706540973896,Cloudy,8.345895625021996,8.811418288228065,0.0,Day
4,2023-05-24 22:00:00,38.26651014620314,-81.24788455936346,Clear,14.669158570451255,8.044665104948212,0.0,Day
2,2023-05-24 23:00:00,31.232722721962574,-113.37091465482126,Clear,23.656501678135257,7.092499852334197,0.0,Day
3,2023-05-25 00:00:00,42.15264533721605,-80.47068113853447,Clear,19.1089944921885,5.762877866547657,0.0,Night
2,2023-05-25 01:00:00,31.32788478342155,-75.56448570637076,Rain,36.634906228147074,7.318506987291154,0.3809457066859062,Day
2,2023-05-25 02:00:00,36.43108913025265,-76.93785842834879,Snow,21.287441328615472,6.473921045892958,0.26398208563481745,Day
3,2023-05-25 03:00:00,36.518276882688184,-87.35634212713049,Cloudy,35.53959898024708,8.479601443806487,0.0,Day
1,2023-05-25 04:00:00,38.34302493175604,-94.96171855998448,Clear,-9.728492041771732,7.209563838572383,0.0,Night
2,2023-05-25 05:00:00,30.592618351810888,-76.27066437996396,Cloudy,34.52797359609732,9.249398823036607,0.0,Day
3,2023-05-25 06:00:00,33.0574867130711,-94.04643698731914,Fog,26.072929398302215,1.2144579030422933,0.0,Day
2,2023-05-25 07:00:00,32.992517760074506,-110.49444360112541,Cloudy,-1.3903272943957017,7.088600610267868,0.0,Night
1,2023-05-25 08:00:00,38.98455922035798,-72.85834839478825,Snow,3.1519009622525545,7.787524881974042,0.2108908464845785,Day
2,2023-05-25 09:00:00,33.95453298953072,-101.33546700615433,Snow,17.140499958194077,5.630073380141476,0.058885890084848624,Day
2,2023-05-25 10:00:00,32.162924713170106,-88.78254859207826,Fog,-3.7530922324728566,1.770856306183397,0.0,Night
4,2023-05-25 11:00:00,30.275296084477567,-110.0427096002905,Rain,29.268413455602285,6.4546070266378806,0.3455779716308217,Day
1,2023-05-25 12:00:00,42.608172529190284,-114.47301820042195,Rain,29.55869331112133,6.147685900743298,0.47556049317410903,Day
3,2023-05-25 13:00:00,44.573222956812536,-92.44807748906089,Clear,5.0474494327540835,5.709553698646724,0.0,Night
1,2023-05-25 14:00:00,40.54892989962267,-92.2702725083233,Clear,-6.5091497513602015,6.749409628167555,0.0,Day
1,2023-05-25 15:00:00,36.19068638322902,-101.51288302494012,Cloudy,39.44237296167873,9.644912075971034,0.0,Day
1,2023-05-25 16:00:00,31.830164128805126,-104.41307336791408,Clear,2.536443962216243,5.155029296655292,0.0,Night
3,2023-05-25 17:00:00,37.12657277242473,-101.29132562325324,Thunderstorm,-6.622067434132747,9.260781041539696,0.04320106856151495,Day
1,2023-05-25 18:00:00,36.85982584965114,-80.24272000687492,Clear,6.498247969177786,6.986804488925705,0.0,Day
3,2023-05-25 19:00:00,36.298144634050566,-102.11326040373834,Fog,38.450163108714655,1.814026504476164,0.0,Night
2,2023-05-25 20:00:00,35.674553718015616,-73.93136631724153,Clear,29.646380637599748,7.564061484626858,0.0,Night
4,2023-05-25 21:00:00,37.451301900772044,-114.35187661044598,Clear,14.01665399050717,9.628701308036169,0.0,Night
3,2023-05-25 22:00:00,31.09771068650238,-73.42118525970432,Fog,5.266521086284012,1.3534787719466905,0.0,Night
3,2023-05-25 23:00:00,30.57441895092839,-85.52259972309737,Clear,11.165304927373434,9.924117676639746,0.0,Day
3,2023-05-26 00:00:00,30.9594042558079,-102.7824537256295,Clear,-9.131719588467892,8.972149758108486,0.0,Night
2,2023-05-26 01:00:00,32.999977201781654,-119.65723883618368,Clear,25.918524072066795,6.479442471033437,0.0,Night
3,2023-05-26 02:00:00,34.171053833786274,-79.87841889942828,Rain,-5.01778642240784,9.81441839679657,0.10911757609429422,Day
1,2023-05-26 03:00:00,32.541864293489866,-71.53362685142096,Clear,15.95187884371536,9.917828954039617,0.0,Day
1,2023-05-26 04:00:00,33.77875070000642,-70.87803195435316,Cloudy,18.292252643128485,5.615468518083498,0.0,Night
2,2023-05-26 05:00:00,32.787560950397214,-98.82973948815753,Cloudy,-9.915511284885305,9.505220918914887,0.0,Day
2,2023-05-26 06:00:00,32.261148894082595,-116.47478022315231,Rain,38.993931298871566,8.32101091446581,0.4525274686073469,Night
2,2023-05-26 07:00:00,34.394739925497674,-104.31231071288784,Rain,5.106951884444332,9.609968850165568,0.044693721719331635,Day
2,2023-05-26 08:00:00,35.96268944748816,-104.5129884993284,Cloudy,-6.138787450394209,9.578695101094933,0.0,Night
2,2023-05-26 09:00:00,41.164001619546056,-114.88093790283017,Clear,32.71942791297451,9.456865155936084,0.0,Day
2,2023-05-26 10:00:00,44.33324914257062,-93.76417012167127,Snow,-2.402369797432737,9.426377968411895,0.38679424312065314,Day
1,2023-05-26 11:00:00,43.78447965273984,-89.77107607578108,Clear,-8.752243188775573,5.5882311949660926,0.0,Day
4,2023-05-26 12:00:00,37.139006739143774,-83.55904608472021,Cloudy,14.734533979644862,5.71757854139131,0.0,Night
4,2023-05-26 13:00:00,36.92017633465671,-117.449312771719,Cloudy,-3.5041507101213307,5.588897096884834,0.0,Day
4,2023-05-26 14:00:00,31.885468427294363,-106.23013351070898,Fog,39.12115331769404,1.2311998610755184,0.0,Day
2,2023-05-26 15:00:00,44.5761018990445,-102.2398248863627,Cloudy,-9.47945066937421,6.766426425369942,0.0,Night
2,2023-05-26 16:00:00,41.40146695732699,-75.3879320163624,Clear,-7.440132790568401,8.419792071623212,0.0,Night
4,2023-05-26 17:00:00,42.713523908116336,-74.93039942306993,Rain,31.664198319948447,6.773463065362924,0.35018101154149317,Day
4,2023-05-26 18:00:00,33.5124549847712,-107.00140679402216,Cloudy,1.9875848019012956,8.601501666375473,0.0,Day
3,2023-05-26 19:00:00,36.0162897611246,-95.63344713014668,Clear,35.57983766919721,9.101415625101014,0.0,Day
2,2023-05-26 20:00:00,31.539676555180634,-98.76218184508315,Cloudy,5.55685267374799,8.331073700732086,0.0,Day
2,2023-05-26 21:00:00,44.11219658021883,-93.6646211435254,Rain,-6.5108674319797135,7.3255236314148435,0.06781373207895366,Day
3,2023-05-26 22:00:00,34.28743828690633,-105.69426075262422,Thunderstorm,-9.470410047923218,6.477587197954785,0.35725551221694674,Night
1,2023-05-26 23:00:00,38.940146435231625,-96.85391762814173,Cloudy,4.128363852858794,5.622016812276154,0.0,Night
2,2023-05-27 00:00:00,32.283300434260774,-112.73147953764176,Clear,13.686528774794962,7.468259139556919,0.0,Day
3,2023-05-27 01:00:00,42.041949825574804,-84.52247753268472,Clear,-9.949194453696505,8.597994766849487,0.0,Day
3,2023-05-27 02:00:00,32.795170008955274,-101.51297647730686,Fog,19.055360127194714,1.4065612053384093,0.0,Night
2,2023-05-27 03:00:00,42.140765865918546,-92.87916535332039,Snow,6.683077933736591,8.607409596452314,0.4904615969314336,Night
2,2023-05-27 04:00:00,36.02643821917244,-89.76993912486446,Clear,9.507676468120572,6.676098361717504,0.0,Night
4,2023-05-27 05:00:00,38.666355248556044,-78.17371518861114,Clear,3.0705474099053305,5.33398031527674,0.0,Night
2,2023-05-27 06:00:00,34.04563171136906,-115.91203158249698,Rain,16.45226027205314,8.855489630162882,0.25973066395852035,Night
3,2023-05-27 07:00:00,43.24164684631716,-95.86299252739306,Clear,1.5061310984071916,6.09862055914778,0.0,Night
3,2023-05-27 08:00:00,41.398026657824104,-75.29639598482925,Clear,-3.2588956921764742,8.081425301180118,0.0,Night
3,2023-05-27 09:00:00,35.31410945931352,-103.51012452513362,Clear,34.532354102402245,9.021463722773666,0.0,Day
3,2023-05-27 10:00:00,38.780460646332465,-97.77369139447339,Clear,9.527749151527622,5.695550009223384,0.0,Day
2,2023-05-27 11:00:00,31.934826885384865,-115.74628041554396,Cloudy,-6.153482488950409,7.992473550066379,0.0,Night
2,2023-05-27 12:00:00,32.40708435881708,-82.46633267207991,Rain,1.516137728316572,8.44687180920047,0.2877390196756525,Day
2,2023-05-27 13:00:00,38.00516430880796,-115.74892118503654,Clear,5.49714741004084,8.732654334094622,0.0,Day
1,2023-05-27 14:00:00,39.608981500970295,-88.45109721477274,Clear,28.482315467427036,5.738333055707438,0.0,Day
1,2023-05-27 15:00:00,38.36147570593489,-101.28774466575439,Clear,-8.887225273532541,9.125580809896856,0.0,Night
1,2023-05-27 16:00:00,38.39111996808712,-103.09202409844195,Cloudy,13.912474423905717,5.47074283075235,0.0,Day
3,2023-05-27 17:00:00,41.134352113540075,-90.72481532099614,Clear,10.384624267835893,7.597917340784036,0.0,Night
1,2023-05-27 18:00:00,43.536112211450394,-91.61653821457887,Cloudy,38.420020081746216,7.2170634809894,0.0,Night
1,2023-05-27 19:00:00,35.81396318201782,-99.72735108371363,Rain,-0.9962493851694258,6.108830371177767,0.3375578593803216,Day
1,2023-05-27 20:00:00,38.05399943191558,-106.08277160777573,Clear,21.39353730818594,6.509653707236196,0.0,Day
2,2023-05-27 21:00:00,43.39535976569159,-94.59156199907939,Clear,0.10984425463647973,5.822178916444509,0.0,Night
1,2023-05-27 22:00:00,36.9641798480846,-106.64487002954895,Clear,17.42110270859205,7.128630974106267,0.0,Night
2,2023-05-27 23:00:00,36.677234347508765,-114.86793358663606,Cloudy,17.753161625689458,5.177554637852801,0.0,Day
1,2023-05-28 00:00:00,41.49771685703502,-80.0423776348544,Fog,-6.232663507077387,1.2925050684680377,0.0,Night
3,2023-05-28 01:00:00,43.15951688869485,-84.88450444004312,Clear,12.822564709861588,5.817436675182977,0.0,Night
4,2023-05-28 02:00:00,41.06508377609813,-115.78245186350122,Fog,13.057805397998155,0.9681968352358326,0.0,Night
4,2023-05-28 03:00:00,31.50186586276308,-111.86971981266646,Clear,5.956833707107327,9.317887000670016,0.0,Night
2,2023-05-28 04:00:00,36.97156490198759,-114.99166602492704,Snow,3.8579276843827195,7.258386035788433,0.4371994324359561,Night
2,2023-05-28 05:00:00,33.17954434484077,-80.46448874002537,Cloudy,1.2148987058102438,7.488628561075462,0.0,Day
2,2023-05-28 06:00:00,34.760218482297546,-81.35645684425782,Rain,-9.702946406266513,6.509567702672407,0.17725395440729694,Day
2,2023-05-28 07:00:00,37.031316050049654,-99.59826899450636,Cloudy,-9.909185775551334,9.984372999877651,0.0,Night
2,2023-05-28 08:00:00,33.32293002714632,-78.92996057616335,Cloudy,19.489360539529713,8.353860952951116,0.0,Night
1,2023-05-28 09:00:00,37.73900506143241,-71.30205465979354,Snow,4.573195557034374,9.759041429677762,0.31535488908538245,Day
3,2023-05-28 10:00:00,39.64913823540503,-71.47664588728841,Rain,-1.6055672108399772,7.07398422194089,0.18032002229258381,Night
1,2023-05-28 11:00:00,43.12347501161697,-70.95712643269033,Cloudy,24.236760275614984,9.41508289716393,0.0,Day
2,2023-05-28 12:00:00,33.17190926778299,-77.68076600546084,Clear,16.445228473972275,7.241173166085336,0.0,Night
2,2023-05-28 13:00:00,34.65847545700924,-109.1506017750535,Clear,35.74791384406256,9.334144360506563,0.0,Night
2,2023-05-28 14:00:00,36.08700721636352,-117.12909867016214,Snow,31.550846853600156,5.6546327974742985,0.31343750475598353,Day
3,2023-05-28 15:00:00,33.36820154465579,-79.41700621912082,Cloudy,26.33645955499835,8.184272133842546,0.0,Night
2,2023-05-28 16:00:00,34.980601059934486,-104.57281260268704,Cloudy,-3.670902140749279,8.393517574195734,0.0,Night
2,2023-05-28 17:00:00,43.25025779878058,-103.1123116182732,Rain,23.30443694793813,8.280853486432136,0.18997403433143237,Night
2,2023-05-28 18:00:00,32.07982188016761,-116.35022003864353,Fog,24.696322146881478,1.192108450757775,0.0,Day
1,2023-05-28 19:00:00,36.656213904899865,-84.2644332764154,Cloudy,28.16662949873553,8.419580550153979,0.0,Day
2,2023-05-28 20:00:00,34.66450463674715,-98.46213034614553,Rain,3.156636187870463,6.197315504082965,0.48929502982117923,Day
4,2023-05-28 21:00:00,31.15747082649385,-109.78672478943398,Rain,22.014875183187563,7.979242972485431,0.1389436272051413,Night
4,2023-05-28 22:00:00,31.441879937254477,-87.37695180865407,Clear,20.91392291412699,7.771174622246646,0.0,Day
3,2023-05-28 23:00:00,41.773198687277045,-71.00579690016178,Clear,9.265502490574626,6.591697610652135,0.0,Day
1,2023-05-29 00:00:00,42.78499528868516,-95.07998443235932,Snow,23.175349018440393,8.894319044906148,0.04923119470351086,Day
1,2023-05-29 01:00:00,41.12111400916574,-89.68149010244008,Clear,-5.665221934181755,5.404360327293405,0.0,Night
2,2023-05-29 02:00:00,38.08843581506609,-111.85713234558398,Fog,22.17525105609942,1.8954497231499499,0.0,Night
3,2023-05-29 03:00:00,41.589891977178745,-111.95213578337018,Clear,20.300779210633323,7.355750198097189,0.0,Night
3,2023-05-29 04:00:00,32.280236365412385,-97.08792905431062,Clear,0.5312203627043903,9.458683489625479,0.0,Night
3,2023-05-29 05:00:00,41.703024008942585,-77.76198181012853,Fog,30.91068097599345,1.160678472981893,0.0,Day
2,2023-05-29 06:00:00,36.352128281270325,-74.5424989374572,Cloudy,33.72070001313516,9.210334254695965,0.0,Night
1,2023-05-29 07:00:00,41.25473301494997,-87.9124158907014,Clear,0.5241973626829743,7.587848595737967,0.0,Night
1,2023-05-29 08:00:00,33.41624091629583,-101.97401395728677,Rain,-6.201945788139826,8.92727984305473,0.044888048252504094,Night
1,2023-05-29 09:00:00,42.48815131095536,-82.49803518704474,Rain,20.178773177077474,6.628986973728126,0.444730113986367,Day
2,2023-05-29 10:00:00,38.521748186498506,-105.40298000278165,Cloudy,13.995876349164892,9.07571158593819,0.0,Night
1,2023-05-29 11:00:00,30.110062655337973,-109.02234578680223,Clear,11.379711463102886,7.008430352828844,0.0,Night
3,2023-05-29 12:00:00,37.789007522053765,-80.22862263020554,Snow,28.05041650218486,7.79415580705928,0.31402930687498437,Night
2,2023-05-29 13:00:00,34.654192191380325,-82.4340995150859,Fog,38.48313197544575,1.9340670310670618,0.0,Night
2,2023-05-29 14:00:00,30.862527928261333,-75.89473066153012,Clear,13.883185968809833,9.602165120527783,0.0,Night
1,2023-05-29 15:00:00,36.70964383482391,-91.17580444738104,Fog,-9.692246061261253,0.6506440014613306,0.0,Day
1,2023-05-29 16:00:00,34.67205232759981,-75.16427084734875,Fog,19.813356726918904,1.9172256073250105,0.0,Night
3,2023-05-29 17:00:00,33.06585245849313,-118.6760817937109,Cloudy,22.698293606491966,6.039314535777162,0.0,Night
2,2023-05-29 18:00:00,35.236830037534524,-107.31420744999785,Rain,31.400915299766325,5.338421776346182,0.34723174066706863,Day
2,2023-05-29 19:00:00,32.69410824334365,-79.7772733661288,Clear,-0.029650945194127587,6.686046316555074,0.0,Day
3,2023-05-29 20:00:00,34.497180915339875,-98.81709033568399,Clear,16.216381675946547,7.583426954774659,0.0,Night
2,2023-05-29 21:00:00,31.730015652106204,-108.03054725293971,Rain,12.356575019468274,9.011849414795176,0.09257542528041428,Day
2,2023-05-29 22:00:00,31.26468885333708,-80.19304627188642,Fog,23.22202305813154,0.8200552357329416,0.0,Day
3,2023-05-29 23:00:00,43.65029140062909,-78.8866138952959,Rain,-6.8028468148417645,6.349791624505291,0.09055552113295158,Day
3,2023-05-30 00:00:00,43.541487018647686,-97.18717098271009,Cloudy,34.20064658497624,6.8627255620769025,0.0,Day
2,2023-05-30 01:00:00,42.42007797994696,-96.67032278129719,Clear,15.557870211913919,8.518037052305779,0.0,Day
2,2023-05-30 02:00:00,33.45488301293847,-80.95318829001044,Clear,33.8522722484995,6.681090484755085,0.0,Night
2,2023-05-30 03:00:00,40.888359153965915,-81.43345171972433,Cloudy,7.0118565931568995,9.895828131775708,0.0,Night
3,2023-05-30 04:00:00,38.84568198395972,-76.67180313901935,Clear,22.67611073203137,5.874895443603698,0.0,Day
2,2023-05-30 05:00:00,30.7685012052379,-87.72336958295833,Cloudy,37.836257465470545,8.765480623170014,0.0,Night
3,2023-05-30 06:00:00,43.493786262725294,-110.70542701493308,Clear,37.16895953548898,7.9458180619121155,0.0,Day
3,2023-05-30 07:00:00,44.969731306918135,-92.51435981790851,Rain,37.20513773856085,6.165478000782709,0.31607142375720637,Night
4,2023-05-30 08:00:00,40.63082159148442,-100.8807668815615,Clear,-7.852657974153417,8.768068185703392,0.0,Night
1,2023-05-30 09:00:00,33.47261722754608,-118.6480442515936,Cloudy,10.150800048726136,7.237701052789256,0.0,Day
1,2023-05-30 10:00:00,38.316143912595734,-110.17485689634805,Cloudy,-6.960937127611723,8.4119913777151,0.0,Night
1,2023-05-30 11:00:00,31.6407073779317,-109.72109222158186,Clear,5.473850663754119,8.31128622582321,0.0,Night
3,2023-05-30 12:00:00,34.48168829567537,-115.88317595772948,Clear,-1.271095245308553,5.553217166240331,0.0,Night
2,2023-05-30 13:00:00,40.75884029120704,-97.33402007944004,Clear,21.006871205594777,9.199915124308736,0.0,Day
1,2023-05-30 14:00:00,34.516113482217776,-94.59824543480627,Fog,29.037307563269813,0.6196355625815427,0.0,Day
1,2023-05-30 15:00:00,32.20808857245545,-102.99940914197869,Clear,15.66734826317007,8.902933563183323,0.0,Day
2,2023-05-30 16:00:00,30.112067783154284,-99.38203871743715,Rain,29.773653664894127,7.238829174820344,0.30433218224805053,Night
1,2023-05-30 17:00:00,38.587716063481,-92.52539037761119,Thunderstorm,-9.359335169688439,5.975308608513982,0.481789950288975,Night
1,2023-05-30 18:00:00,44.53005784202665,-113.97582573812025,Rain,31.023818232959783,6.631067618736657,0.31719659715563026,Night
2,2023-05-30 19:00:00,37.261995186206114,-91.88593462669535,Clear,-1.0819887655596734,9.507346141971281,0.0,Night
1,2023-05-30 20:00:00,33.189179109709585,-84.50375050115935,Fog,13.046795070238694,1.1269913868200239,0.0,Day
1,2023-05-30 21:00:00,36.94920034464271,-76.26190025136569,Clear,12.129280795158419,7.409331992636439,0.0,Day
3,2023-05-30 22:00:00,39.03125581389564,-104.92131461040795,Cloudy,33.657776458242346,6.493977875746971,0.0,Night
3,2023-05-30 23:00:00,42.02052475261094,-82.62952690251102,Fog,38.29895736419838,0.9182044435790451,0.0,Day
2,2023-05-31 00:00:00,36.79017916139224,-89.6989578191981,Cloudy,2.7560483268766074,8.829965051331374,0.0,Night
1,2023-05-31 01:00:00,32.59428096882042,-94.86004840687085,Cloudy,-6.629341370339949,9.077331487034572,0.0,Day
3,2023-05-31 02:00:00,32.82014924139082,-74.02222270023856,Clear,22.526089122742327,5.15541905361248,0.0,Day
2,2023-05-31 03:00:00,43.495890246731086,-88.99966356923258,Clear,15.142029337660421,5.0486693619831655,0.0,Night
1,2023-05-31 04:00:00,33.543628331216695,-101.69652890006031,Cloudy,18.28525709553472,6.785778141409263,0.0,Day
1,2023-05-31 05:00:00,40.920264376513664,-84.35335359823539,Clear,-7.686489361500007,5.762483088882549,0.0,Night
1,2023-05-31 06:00:00,34.034231701121705,-72.00615067368628,Thunderstorm,28.76549108089729,9.024909292570573,0.2961952358675473,Day
2,2023-05-31 07:00:00,40.80843090590737,-74.09108111006549,Fog,1.6176707543648838,1.1328959460976695,0.0,Night
3,2023-05-31 08:00:00,31.175455946918046,-70.98650946670067,Fog,6.746839045563856,1.64740885950787,0.0,Day
3,2023-05-31 09:00:00,33.11089574008274,-115.24582851957675,Cloudy,1.4176856274686926,5.884565383720676,0.0,Night
2,2023-05-31 10:00:00,36.130519368132646,-97.82781505814565,Rain,37.29722802960259,8.136113544309138,0.35330593549952755,Night
2,2023-05-31 11:00:00,37.729748700899144,-98.36553545120023,Fog,-1.5639091729707424,1.4496613120982598,0.0,Day
2,2023-05-31 12:00:00,35.29426593407161,-100.80942161448863,Fog,26.61595020090848,1.443545497026871,0.0,Night
2,2023-05-31 13:00:00,38.60274491665268,-111.07545453288321,Cloudy,2.287364696926833,7.585406502788807,0.0,Night
1,2023-05-31 14:00:00,34.88054754885639,-78.39004919789873,Clear,11.245980955415465,7.9451376856235925,0.0,Night
2,2023-05-31 15:00:00,40.176584185906535,-86.34606341621421,Clear,39.80309385860613,9.447439022679108,0.0,Night
3,2023-05-31 16:00:00,37.66810560963556,-89.70047906710822,Cloudy,-4.971162787892144,5.27819192378092,0.0,Night
2,2023-05-31 17:00:00,40.57663909282367,-97.65734496192937,Cloudy,34.0679615543287,9.116869334123802,0.0,Day
3,2023-05-31 18:00:00,36.464684418228515,-100.57389998270823,Snow,37.30249481344394,9.900781946404738,0.268283814423281,Day
2,2023-05-31 19:00:00,43.147502055579686,-80.67688773433215,Clear,24.91136474646396,8.658875290543163,0.0,Day
2,2023-05-31 20:00:00,35.73199159499008,-93.65824536061714,Clear,-9.501890513233826,8.686734911303951,0.0,Day
1,2023-05-31 21:00:00,34.62200504175841,-89.61740293529266,Clear,31.039929201589025,6.08987148720048,0.0,Day
2,2023-05-31 22:00:00,38.35627526746849,-114.99983922891896,Clear,34.11359638053904,7.615366404745686,0.0,Night
3,2023-05-31 23:00:00,37.63758681013732,-96.42582378829404,Clear,39.04670784439669,8.529701600916326,0.0,Day
2,2023-06-01 00:00:00,37.77147110048382,-113.48424918781535,Rain,31.96578738750479,8.0114050217646,0.43208951896154885,Day
1,2023-06-01 01:00:00,41.94195136419706,-117.3083150325495,Cloudy,12.279348365326058,6.925658035583904,0.0,Day
1,2023-06-01 02:00:00,38.82895153958174,-85.53524910722281,Rain,24.432483834696484,9.700592050278775,0.08860467566197852,Night
2,2023-06-01 03:00:00,43.27898188324058,-106.25931336320016,Clear,14.256425597866986,7.569933706939367,0.0,Night
2,2023-06-01 04:00:00,39.28645475008891,-71.74731997510088,Clear,7.650917476135653,9.849379327177642,0.0,Night
2,2023-06-01 05:00:00,30.325517161416215,-89.72505814571673,Cloudy,21.321324657536064,7.819378407512115,0.0,Night
4,2023-06-01 06:00:00,43.055903160788915,-87.74189842290895,Fog,28.491621982088795,1.6221794104028482,0.0,Day
3,2023-06-01 07:00:00,42.596767390426756,-110.15885525383334,Clear,21.795039333909656,8.7101155157691,0.0,Day
2,2023-06-01 08:00:00,30.73274801264274,-113.5558556694675,Snow,31.328918382310576,8.304118875964633,0.11250514213802405,Day
1,2023-06-01 09:00:00,31.87926687866988,-93.72957509418323,Clear,-1.1812512699963325,5.072304228769054,0.0,Night
1,2023-06-01 10:00:00,38.34534016116292,-73.72194493942511,Fog,8.684727580157972,1.919984046328767,0.0,Day
2,2023-06-01 11:00:00,30.642788517962774,-117.21274427459964,Snow,5.629290636711495,7.907421441023208,0.4398673133621697,Night
3,2023-06-01 12:00:00,36.167519675151205,-94.59141437256024,Clear,-0.2936430166100763,9.558907108676417,0.0,Night
3,2023-06-01 13:00:00,44.63040972117415,-110.06446500953197,Rain,12.158716374267545,8.005708334314225,0.0258605816627049,Night
2,2023-06-01 14:00:00,32.591642245408714,-80.90079571454606,Clear,37.39364364323333,6.179979979189161,0.0,Night
1,2023-06-01 15:00:00,33.091437348525815,-85.90256248581278,Fog,16.900414585358117,1.7578057846963968,0.0,Night
4,2023-06-01 16:00:00,40.14522572280975,-115.13967492811184,Cloudy,4.320243835182261,8.115799370401358,0.0,Day
4,2023-06-01 17:00:00,30.659673135762894,-89.18313968546452,Cloudy,7.703030915151874,7.985272328075086,0.0,Night
2,2023-06-01 18:00:00,42.31029242267967,-70.81999279435985,Rain,20.653785585856387,9.778514551075524,0.17478530522218125,Day
1,2023-06-01 19:00:00,32.98546728800938,-93.5930436974871,Snow,7.637337090654015,7.645422820037745,0.11421228272475271,Night
2,2023-06-01 20:00:00,37.973312461339184,-105.72755606968009,Clear,16.91733614603345,6.775074409866198,0.0,Day
3,2023-06-01 21:00:00,33.73144741411695,-112.3932373909603,Rain,3.707994672641366,7.624963783707091,0.2735358567721068,Night
2,2023-06-01 22:00:00,39.8832290566485,-70.51788753438842,Clear,7.296563545009292,8.931169916354008,0.0,Day
3,2023-06-01 23:00:00,38.808241383583734,-91.80920755015322,Clear,25.286392941817994,7.701819028919383,0.0,Day
1,2023-06-02 00:00:00,44.1965960061476,-101.26507998204303,Rain,19.230917582194376,6.630262751438569,0.012889500618025511,Night
1,2023-06-02 01:00:00,36.68401133365586,-109.2842399937806,Clear,-5.325656834331024,6.693105255525392,0.0,Day
1,2023-06-02 02:00:00,43.1231844408643,-72.49003918711867,Clear,38.659125925301986,8.784059096211752,0.0,Day
4,2023-06-02 03:00:00,38.63732754782627,-88.64856457346912,Snow,-7.533153852055743,5.33224138430641,0.26639644359618586,Day
2,2023-06-02 04:00:00,43.7169397828342,-117.11664242665863,Clear,-5.853021385916809,6.373776380872561,0.0,Night
3,2023-06-02 05:00:00,34.37733095651961,-117.02767009447247,Rain,25.069302437056685,5.765187952042708,0.15720083080553052,Night
1,2023-06-02 06:00:00,38.246415719104284,-73.02820411467773,Clear,25.400906971541154,9.723378165986157,0.0,Night
4,2023-06-02 07:00:00,35.85044462351659,-84.49515341479596,Clear,-9.053223338661406,5.450471315840892,0.0,Night
3,2023-06-02 08:00:00,30.988459761814653,-114.82848669268735,Clear,22.137694973179897,8.790918047981283,0.0,Night
1,2023-06-02 09:00:00,38.61398704090288,-88.81206284814391,Cloudy,-8.336999261177176,8.152127847345852,0.0,Day
3,2023-06-02 10:00:00,41.91342600878119,-99.0284257679197,Rain,38.038499694501354,8.164022003354855,0.26084860528130477,Day
1,2023-06-02 11:00:00,38.34305441536651,-80.56486104464742,Clear,24.80712969164677,8.817165135739426,0.0,Night
1,2023-06-02 12:00:00,34.1901324623344,-106.3143620820637,Clear,-0.6710949339524284,7.002439860368968,0.0,Day
1,2023-06-02 13:00:00,33.95743555026604,-100.85765745332864,Fog,-2.094760591979047,1.701579162159243,0.0,Night
4,2023-06-02 14:00:00,33.56757811406182,-111.63043347845422,Clear,18.483115136020448,6.443528911187278,0.0,Night
4,2023-06-02 15:00:00,44.694474426657145,-107.37549368748098,Fog,21.67593628182995,1.2811180420792894,0.0,Day
2,2023-06-02 16:00:00,35.98829311842495,-110.5423572726669,Clear,31.56188149358693,9.649026260551292,0.0,Night
3,2023-06-02 17:00:00,34.75304645464256,-118.78499689170673,Rain,35.16605746067808,9.619915996954656,0.33193043444945863,Day
2,2023-06-02 18:00:00,36.27702113617861,-117.6916922338039,Clear,9.626672202910328,8.514803360906926,0.0,Day
3,2023-06-02 19:00:00,31.736968897747264,-78.21878440346984,Fog,32.20424211857448,1.3621643685084062,0.0,Night
1,2023-06-02 20:00:00,32.940292924252475,-79.80980146996801,Rain,17.119001765836693,9.81759414177884,0.17297208135402406,Night
2,2023-06-02 21:00:00,37.63353212685845,-112.96388195959103,Cloudy,13.529107030100981,8.975524715013957,0.0,Night
2,2023-06-02 22:00:00,41.98270745943567,-86.60523735744505,Clear,24.948532302889397,7.039166644716731,0.0,Night
1,2023-06-02 23:00:00,43.146400351722846,-82.71778526538662,Rain,-4.840251932767311,7.416124831658525,0.4024594709522195,Day
2,2023-06-03 00:00:00,42.989771513754164,-117.43627300579644,Cloudy,3.2693252866256266,9.656284600477992,0.0,Night
2,2023-06-03 01:00:00,44.17126302635792,-115.57282461992588,Clear,30.838134270569412,8.350040376373551,0.0,Day
1,2023-06-03 02:00:00,31.886572856672792,-91.84911522115972,Clear,15.203941916870448,9.103469805930876,0.0,Night
4,2023-06-03 03:00:00,30.614554265122706,-101.29247531197944,Snow,35.4021718241047,5.580570178727089,0.41911773277794073,Day
1,2023-06-03 04:00:00,31.58596827074198,-85.03043829897635,Clear,-5.564813305854457,5.969507075453221,0.0,Night
4,2023-06-03 05:00:00,39.011133799986766,-92.11558344501672,Cloudy,5.670640549002258,6.7205423366148445,0.0,Night
1,2023-06-03 06:00:00,38.34178478664862,-118.44891961470123,Cloudy,7.77749464020183,5.941203277797762,0.0,Night
1,2023-06-03 07:00:00,40.068150946054686,-85.81607275992909,Fog,11.136016136157703,1.9929203619709324,0.0,Night
1,2023-06-03 08:00:00,35.56635960623593,-109.80410017412107,Fog,39.34100257821242,1.9272563180527396,0.0,Night
3,2023-06-03 09:00:00,35.8738320892696,-104.37000773231699,Thunderstorm,5.533135703410084,7.785918571652481,0.27604177884088565,Night
3,2023-06-03 10:00:00,38.18362634787377,-83.18053367647408,Clear,15.934122648271678,5.427269350747385,0.0,Day
1,2023-06-03 11:00:00,31.185841701457615,-81.43732996668942,Fog,16.80356619355009,1.0856052255457898,0.0,Night
1,2023-06-03 12:00:00,41.99808249204153,-102.70927051139286,Clear,28.53989693036833,6.237075674856024,0.0,Day
2,2023-06-03 13:00:00,43.84283322146541,-115.5386404325146,Cloudy,15.893449704290393,9.91446700742193,0.0,Day
2,2023-06-03 14:00:00,35.8101780109392,-81.51635807446137,Cloudy,20.286870031025533,8.98531878501956,0.0,Day
3,2023-06-03 15:00:00,41.09358640893453,-76.48949066706045,Clear,27.66640253804558,8.367775293847846,0.0,Night
1,2023-06-03 16:00:00,38.23252080415317,-71.78439277556166,Fog,-4.9433997660027345,0.6896980672437021,0.0,Night
2,2023-06-03 17:00:00,33.540128914925724,-104.1086544426345,Clear,38.17360617624847,9.781043296838074,0.0,Night
3,2023-06-03 18:00:00,31.016966847541298,-113.80739573850873,Rain,32.3152088039724,7.267864571393746,0.09879369251189161,Day
4,2023-06-03 19:00:00,33.68848366020248,-73.11696830255055,Rain,9.438630681155349,6.63844724721314,0.05461638665163758,Day
2,2023-06-03 20:00:00,39.073592319665025,-100.01171546570296,Rain,26.420879453687164,6.576576634271371,0.1330391096162019,Night
1,2023-06-03 21:00:00,30.603446640391372,-115.32330185422731,Clear,28.11625522043733,5.178645510407243,0.0,Day
1,2023-06-03 22:00:00,42.54286096086828,-95.06095213024776,Cloudy,32.51232247078284,6.3981904686316895,0.0,Night
2,2023-06-03 23:00:00,44.55459290468471,-110.47377354867302,Snow,-0.5841587432973938,6.7752298359687195,0.08883285019360886,Night
2,2023-06-04 00:00:00,31.25252867914697,-102.23606580561852,Clear,25.185137632190127,5.1844941972436684,0.0,Day
3,2023-06-04 01:00:00,33.700468960865216,-103.98248610227252,Cloudy,-8.33297347368582,9.41302407809448,0.0,Day
3,2023-06-04 02:00:00,40.13450423166367,-70.6356566276132,Clear,-4.221043797305931,9.239283678998717,0.0,Day
2,2023-06-04 03:00:00,42.09120485137645,-88.02433757445617,Cloudy,28.803348023275184,6.257504599672014,0.0,Night
2,2023-06-04 04:00:00,35.18991137531545,-95.40986597637753,Fog,30.650150194087978,1.188086080745869,0.0,Day
2,2023-06-04 05:00:00,37.72857645489687,-94.31237991472102,Cloudy,19.621822606228232,8.981059395408572,0.0,Night
1,2023-06-04 06:00:00,43.376391044444134,-89.79556561344629,Cloudy,19.08429870919486,6.675063798675253,0.0,Night
1,2023-06-04 07:00:00,35.76597512924094,-76.3622741026399,Cloudy,27.475571418396484,8.485340193155471,0.0,Day
2,2023-06-04 08:00:00,31.22307410193764,-112.70088562595753,Cloudy,35.30424110443508,6.449289190150672,0.0,Day
1,2023-06-04 09:00:00,44.92341182843477,-90.01834788259627,Clear,11.055758543381486,5.3513811794385,0.0,Day
1,2023-06-04 10:00:00,32.70420308194824,-103.89085478764149,Clear,-4.258944069632589,7.523989169644893,0.0,Night
1,2023-06-04 11:00:00,30.73172726398079,-91.42988955873984,Cloudy,31.949969221364405,7.191635204395297,0.0,Night
1,2023-06-04 12:00:00,36.159803961249985,-94.1134527340899,Cloudy,7.08220729853765,5.690764572596895,0.0,Night
1,2023-06-04 13:00:00,31.82195281940148,-118.50329098909832,Cloudy,-3.3107113394704815,7.452766684950422,0.0,Night
2,2023-06-04 14:00:00,44.681000766386944,-90.87676866042416,Clear,20.730820007141567,9.746878728784582,0.0,Night
2,2023-06-04 15:00:00,35.71190784093394,-84.5393068347663,Clear,18.90419626058448,8.65696573594565,0.0,Day
2,2023-06-04 16:00:00,42.38716699363662,-107.70001659145242,Clear,13.712310325119436,8.69436154972897,0.0,Night
2,2023-06-04 17:00:00,32.64908084256676,-114.6565670122479,Fog,32.98986221235794,1.4651968161897257,0.0,Night
4,2023-06-04 18:00:00,32.08222135125278,-109.41777718875723,Cloudy,3.6112917701683926,8.723169036342728,0.0,Night
1,2023-06-04 19:00:00,39.739396950718294,-88.17935692113002,Clear,-9.338236735780994,5.099507177003034,0.0,Day
2,2023-06-04 20:00:00,43.63965203714753,-96.56036141151455,Clear,6.173435947109997,9.623454678469658,0.0,Day
1,2023-06-04 21:00:00,31.718046824399778,-76.73476357585973,Thunderstorm,-9.51470197989356,9.150688822193867,0.41310157900732847,Night
2,2023-06-04 22:00:00,38.83880948497383,-105.75057906905275,Clear,17.179560544841962,6.372897037165013,0.0,Day
4,2023-06-04 23:00:00,31.274092371269774,-101.74510403058734,Snow,8.912414642992399,7.763717524183152,0.36608304125041613,Day
3,2023-06-05 00:00:00,42.18244416017829,-93.59749388696358,Clear,30.6971370428543,8.075029649765835,0.0,Night
2,2023-06-05 01:00:00,43.63958870357554,-96.99915756604969,Fog,29.879267624540873,0.6286591341309327,0.0,Night
2,2023-06-05 02:00:00,39.4319145483665,-92.61193550586317,Fog,11.731924664933182,1.7919763942987612,0.0,Day
2,2023-06-05 03:00:00,40.3251465381192,-104.39558296296565,Cloudy,0.8242636792911515,5.11625217642076,0.0,Day
1,2023-06-05 04:00:00,30.831546969180337,-111.66644618274755,Clear,11.121493297114853,9.319758600271328,0.0,Night
2,2023-06-05 05:00:00,31.094657803291245,-79.83421754788124,Clear,22.065886627181463,5.1245253487310025,0.0,Day
2,2023-06-05 06:00:00,32.6950583398908,-118.03523722093931,Cloudy,-0.4897009213546326,6.593479189304334,0.0,Day
2,2023-06-05 07:00:00,34.10742700997816,-101.51473112541476,Cloudy,28.652330778515143,5.391232464731115,0.0,Night
1,2023-06-05 08:00:00,41.397841752597806,-115.62990595245917,Clear,6.52801052176369,8.907029630855261,0.0,Day
3,2023-06-05 09:00:00,36.53143870519349,-83.18357868474754,Clear,36.608849745870465,9.62491386535594,0.0,Day
1,2023-06-05 10:00:00,31.173745301200448,-101.72434276992004,Cloudy,15.593526513730396,7.814078099088961,0.0,Night
1,2023-06-05 11:00:00,42.789675934270264,-118.49751485381515,Cloudy,32.35632670648611,5.697834086541608,0.0,Day
2,2023-06-05 12:00:00,44.907400538654414,-116.2062320113343,Clear,20.79462901483013,7.790804291430508,0.0,Day
1,2023-06-05 13:00:00,36.8253943905759,-110.07006921080432,Clear,17.730092188936883,8.851706197263393,0.0,Day
3,2023-06-05 14:00:00,37.67646008363357,-80.65422339318744,Thunderstorm,24.106506674255613,8.592081026131503,0.031814237191683976,Night
2,2023-06-05 15:00:00,31.177641588014477,-80.0405797458824,Cloudy,30.57455618538804,8.708595029332775,0.0,Day
3,2023-06-05 16:00:00,35.74526146330946,-70.16937223579842,Rain,22.22537522048681,6.395869212767389,0.2178382446729347,Day
2,2023-06-05 17:00:00,35.57706539835175,-107.95383580915495,Cloudy,29.862034359585117,5.368687612921211,0.0,Day
3,2023-06-05 18:00:00,44.48687269472337,-116.97814734881972,Clear,-0.4767417770243494,5.744818192742251,0.0,Day
3,2023-06-05 19:00:00,39.90647263740395,-105.84345861531078,Clear,3.875827018740056,9.777532425394703,0.0,Night
2,2023-06-05 20:00:00,41.732747403703826,-111.0590001257757,Clear,1.4861410793653356,8.067569935479906,0.0,Day
2,2023-06-05 21:00:00,31.92498075897134,-84.4806000542301,Snow,29.91515939072879,8.639498029319627,0.326101781527332,Night
3,2023-06-05 22:00:00,36.25390322614018,-71.5379806113266,Rain,-5.693572057146209,9.49532295890303,0.25495805005476135,Night
1,2023-06-05 23:00:00,32.87329203460846,-106.34874865958345,Clear,29.793159872086406,9.263772832756459,0.0,Night
2,2023-06-06 00:00:00,42.90283467426207,-103.56834586094155,Thunderstorm,9.452114990726084,6.092009248595595,0.07763514844635191,Night
1,2023-06-06 01:00:00,32.28558562886701,-102.44419140748192,Clear,-6.024641899130225,5.290300223043769,0.0,Day
1,2023-06-06 02:00:00,36.583068285042884,-77.1523120949658,Thunderstorm,11.221313076323117,9.625641004317293,0.07708168879172243,Day
1,2023-06-06 03:00:00,30.80475422630631,-91.09905796320433,Thunderstorm,5.025115026692564,9.908341463188785,0.1500606908853251,Day
2,2023-06-06 04:00:00,39.51441441300658,-71.30118019481472,Clear,19.59760913913248,7.836720967569876,0.0,Night
2,2023-06-06 05:00:00,37.22887124921641,-88.64189127607153,Clear,13.626331654690645,9.442009574188898,0.0,Day
1,2023-06-06 06:00:00,37.46950158660167,-84.70588980458903,Cloudy,4.838869554417505,6.159080248573767,0.0,Day
3,2023-06-06 07:00:00,31.524283658876644,-115.5416397890757,Rain,33.113297220275776,5.555193522949256,0.029017870703155042,Night
2,2023-06-06 08:00:00,37.709717778256035,-72.415982187788,Cloudy,10.341071242278446,7.49908468704207,0.0,Night
4,2023-06-06 09:00:00,38.45675236173834,-88.59717546274335,Thunderstorm,13.534499590088938,9.05591709741893,0.05438812103912622,Day
4,2023-06-06 10:00:00,44.442601300159986,-93.99096699651994,Rain,32.331426237622885,8.273268116201661,0.18300976712642433,Night
3,2023-06-06 11:00:00,30.4983402492826,-100.62981079652357,Clear,-5.547169582798936,8.186600840718826,0.0,Night
4,2023-06-06 12:00:00,43.84070414237345,-116.14749937887616,Clear,9.494657088887234,5.08729454112583,0.0,Day
3,2023-06-06 13:00:00,37.19346686897377,-113.33264974148152,Rain,10.14283432641949,6.587464461825457,0.1867281355115583,Day
3,2023-06-06 14:00:00,33.151717882364615,-119.41524015369299,Clear,14.791282757834171,9.697478932612407,0.0,Night
1,2023-06-06 15:00:00,39.983191244268376,-70.06537576665747,Rain,-4.693970382029735,5.671367697584618,0.3632043617605724,Day
2,2023-06-06 16:00:00,37.755783258794395,-80.68551887878789,Clear,-4.866993937522431,8.631829725935772,0.0,Day
3,2023-06-06 17:00:00,33.40132524644592,-80.12740279608859,Clear,10.820797788295792,8.796555769040223,0.0,Night
2,2023-06-06 18:00:00,39.40240268753351,-83.49548809307765,Clear,-8.348549582663608,8.664166215961444,0.0,Day
3,2023-06-06 19:00:00,37.09893412777317,-95.79469789552124,Rain,2.7492179529817555,9.946424470500883,0.010863959156433695,Night
3,2023-06-06 20:00:00,40.3352192754293,-115.5901403942205,Clear,0.05883768857818161,7.0460410567596234,0.0,Night
1,2023-06-06 21:00:00,40.33615392194089,-116.38654793004306,Rain,14.469313066178739,8.410966961045096,0.37790687820630386,Night
3,2023-06-06 22:00:00,37.09222978516356,-74.1812881507206,Cloudy,-9.44202213908947,5.9682755669190115,0.0,Day
1,2023-06-06 23:00:00,35.86194316382463,-119.98427740230767,Rain,23.786672513198525,6.99854957935544,0.4972068205639789,Night
2,2023-06-07 00:00:00,30.948663621405263,-85.04485705395575,Cloudy,32.7793653565368,7.457803012165632,0.0,Night
2,2023-06-07 01:00:00,37.40769896941264,-88.57107922351959,Clear,25.337075911965215,6.074137705500128,0.0,Day
1,2023-06-07 02:00:00,33.64672543632642,-94.93873274283438,Rain,30.903908468100006,9.534053711794298,0.35547179119451194,Day
2,2023-06-07 03:00:00,30.798711969384772,-71.25247064814022,Clear,22.165820189909326,8.580989152336812,0.0,Day
2,2023-06-07 04:00:00,34.95570345656153,-110.09358225190033,Cloudy,15.368351719457081,6.418788840462474,0.0,Day
1,2023-06-07 05:00:00,31.312035280917076,-80.73567745628296,Clear,0.9510798654833703,5.674782196487971,0.0,Day
3,2023-06-07 06:00:00,38.69612734392854,-86.25804041419475,Rain,3.981317384143205,6.439336642112538,0.4276633077664536,Day
2,2023-06-07 07:00:00,37.55503597069615,-71.27841013844238,Fog,5.885400185975884,0.6978833126352026,0.0,Night
2,2023-06-07 08:00:00,41.886434960941315,-73.29640869038187,Cloudy,-8.099116526675811,9.132043191551428,0.0,Night
1,2023-06-07 09:00:00,34.014503154588745,-113.57143599115938,Cloudy,35.65443857059501,7.515841285275802,0.0,Night
3,2023-06-07 10:00:00,35.57293598205004,-104.61417679432144,Rain,35.0151351316687,5.5124733675225706,0.11158320988894327,Night
3,2023-06-07 11:00:00,40.334255829576094,-77.45999395225897,Clear,-4.611107523502241,6.246574332055451,0.0,Night
1,2023-06-07 12:00:00,44.89416780347267,-108.56697474582838,Fog,17.834678277502654,1.7995068454378278,0.0,Day
1,2023-06-07 13:00:00,43.56254636169682,-101.07302261501344,Clear,13.382064710191791,8.180681268555134,0.0,Night
3,2023-06-07 14:00:00,37.81237347665217,-88.70180666708055,Thunderstorm,24.170699852099766,6.233216876808376,0.15356438325867716,Day
2,2023-06-07 15:00:00,40.16920943799921,-91.854303610466,Rain,20.150883026916723,6.169641963269459,0.0346058228111954,Day
1,2023-06-07 16:00:00,37.97883489863969,-87.96967200968044,Rain,-3.7839099410334605,6.431009343105972,0.4167081684836451,Day
2,2023-06-07 17:00:00,36.522082978566935,-84.32559177813125,Rain,23.00388224808978,7.962645222267745,0.4540852369345088,Night
2,2023-06-07 18:00:00,39.034465343074444,-83.56150047933588,Cloudy,20.443615197801883,7.463151419710836,0.0,Day
3,2023-06-07 19:00:00,35.79748837988356,-83.12212015890617,Cloudy,16.56118189869028,9.208179766512204,0.0,Night
1,2023-06-07 20:00:00,34.20282533611591,-70.4161609972023,Clear,10.12031332866134,8.489661572066565,0.0,Night
2,2023-06-07 21:00:00,40.58510854202527,-102.17063641845974,Cloudy,37.74604970265822,8.334109359781653,0.0,Night
1,2023-06-07 22:00:00,43.07960119321044,-117.79068191419898,Cloudy,32.471978065555795,5.773250310023068,0.0,Night
4,2023-06-07 23:00:00,34.32036459075973,-102.5568992810464,Fog,19.254248745996016,0.6173598386514143,0.0,Day
3,2023-06-08 00:00:00,40.60337426608331,-74.42120355175763,Cloudy,-9.681108736619178,7.549994322796358,0.0,Night
3,2023-06-08 01:00:00,36.51028505536876,-115.83055571795072,Clear,11.606162108488657,5.358208326857681,0.0,Day
2,2023-06-08 02:00:00,34.53127555776871,-87.65288914046607,Clear,25.016986427504946,6.820089579631682,0.0,Night
2,2023-06-08 03:00:00,39.31666467814781,-98.8419283697735,Rain,-4.135288261525385,5.130561741807943,0.28983537840326445,Day
4,2023-06-08 04:00:00,44.0912169336623,-73.92135828669973,Clear,10.327480828587113,5.884044883149256,0.0,Day
1,2023-06-08 05:00:00,35.27537221990131,-73.57133711295067,Clear,-0.4137388023680941,5.551839343446137,0.0,Night
3,2023-06-08 06:00:00,41.39218953269581,-80.73777089187004,Snow,6.907149357440886,9.004925019879373,0.36027303513406184,Night
1,2023-06-08 07:00:00,34.720471237158954,-115.07398542522034,Cloudy,-8.666539799008845,6.730630762830768,0.0,Day
2,2023-06-08 08:00:00,42.05802571772412,-118.76425212675463,Cloudy,-3.663380886755032,5.394232591359983,0.0,Night
2,2023-06-08 09:00:00,41.39977086591354,-113.17049710504197,Clear,12.737842506963023,6.327401022698396,0.0,Day
3,2023-06-08 10:00:00,41.48449157437639,-103.90880015497541,Rain,34.90949605178901,8.414040430349546,0.3671771757418382,Night
3,2023-06-08 11:00:00,44.9656210200286,-107.92840704012623,Clear,14.529081080043031,8.728176360861777,0.0,Day
2,2023-06-08 12:00:00,32.107763577096215,-101.51204149188766,Rain,12.653873435394207,5.599325649247607,0.04412765226388581,Day
2,2023-06-08 13:00:00,35.83258849684042,-112.84614869736414,Clear,29.378469648574452,8.892832199669668,0.0,Day
4,2023-06-08 14:00:00,39.462182499876235,-82.37484254430095,Fog,3.391503846797786,0.759722841779441,0.0,Night
1,2023-06-08 15:00:00,38.85713208665315,-77.73517375178312,Cloudy,-5.246562538757196,8.396913344675017,0.0,Day
3,2023-06-08 16:00:00,41.70949626909321,-95.60237233351856,Cloudy,0.4786310168339565,8.35753894648472,0.0,Night
2,2023-06-08 17:00:00,30.70364372618815,-72.17366258916414,Cloudy,29.565041847464123,8.967963605388196,0.0,Night
2,2023-06-08 18:00:00,40.57576753161422,-113.98277750324218,Cloudy,23.85239625468091,8.485913901545231,0.0,Day
1,2023-06-08 19:00:00,41.0658593493351,-114.70930534365249,Clear,-5.423340887298208,5.194341783362501,0.0,Night
2,2023-06-08 20:00:00,30.91651673927022,-109.98004244195195,Rain,23.354658014172486,7.597405554447741,0.18471722109551889,Day
1,2023-06-08 21:00:00,38.08023535847796,-70.90437216580906,Clear,36.57757424421875,5.8309058673548595,0.0,Day
1,2023-06-08 22:00:00,33.67489056733619,-99.17510940837803,Fog,-7.752252199932194,1.2818472568799288,0.0,Night
1,2023-06-08 23:00:00,42.02440892056995,-73.79470972303164,Snow,20.820904795891778,6.279172692555489,0.22233359900722124,Night
2,2023-06-09 00:00:00,30.744204092906315,-109.89951228979531,Clear,8.9582284891456,7.100536756346116,0.0,Day
2,2023-06-09 01:00:00,32.192462209439476,-77.69484299595092,Snow,15.051572950675272,5.983510758867187,0.2014572375427476,Day
3,2023-06-09 02:00:00,31.56680656934809,-104.49908151281134,Clear,16.40894079893438,5.672945669089816,0.0,Night
1,2023-06-09 03:00:00,30.978265581773766,-83.28002979004462,Clear,28.552304873367696,8.004648003018552,0.0,Night
2,2023-06-09 04:00:00,39.001104945260565,-71.27690916886314,Thunderstorm,17.850625988646943,7.465898243707603,0.4066445062198624,Night
2,2023-06-09 05:00:00,43.02820383842303,-73.3487678009449,Rain,19.65428140625549,6.873298670515206,0.31684534552068716,Day
2,2023-06-09 06:00:00,37.664596869968065,-78.43359360101893,Cloudy,6.645592188590474,5.427095110757627,0.0,Night
3,2023-06-09 07:00:00,33.15872282871275,-117.48969402425134,Clear,-3.7027351107862287,8.67979682334284,0.0,Day
2,2023-06-09 08:00:00,35.15694402737957,-89.6115059081447,Clear,24.136616671091616,5.029281489492094,0.0,Night
3,2023-06-09 09:00:00,35.40549333105081,-78.22759054443371,Thunderstorm,-9.975892976077418,7.2883079416465915,0.10654719236930202,Day
2,2023-06-09 10:00:00,36.77453096496444,-100.03367050963467,Clear,6.4358584745184615,8.16285990397667,0.0,Night
2,2023-06-09 11:00:00,36.308075489248836,-83.44060256984284,Clear,0.9021977212329979,7.153554178046734,0.0,Day
2,2023-06-09 12:00:00,40.06726878586314,-113.09434104327545,Cloudy,9.426672037806377,5.631044919555971,0.0,Night
3,2023-06-09 13:00:00,35.09868256554765,-111.16174472127122,Cloudy,5.563401353191281,8.891249430925175,0.0,Day
4,2023-06-09 14:00:00,39.94448089217829,-87.81452512938998,Cloudy,25.210853987612957,6.619719761518109,0.0,Night
2,2023-06-09 15:00:00,38.20160176492597,-98.14444898810892,Clear,3.0103025293218213,5.673777755909665,0.0,Night
3,2023-06-09 16:00:00,30.727632705764904,-109.08743722628724,Clear,18.037517279373127,7.751329073732019,0.0,Night
1,2023-06-09 17:00:00,43.795081263246914,-105.85630053546826,Clear,12.78852150289682,5.095857787820076,0.0,Day
4,2023-06-09 18:00:00,32.66936090362131,-89.05406788327925,Fog,30.052875266776134,1.1534975310524491,0.0,Night
1,2023-06-09 19:00:00,36.77293283908779,-83.73146069432391,Clear,11.40462439310829,8.753211847967005,0.0,Day
1,2023-06-09 20:00:00,44.2139580184255,-109.61929171962822,Rain,33.19380389657815,9.563556646820873,0.03580984654067093,Night
1,2023-06-09 21:00:00,33.70999802152812,-72.24030098547576,Rain,-9.992711619637348,7.95863729720244,0.15352627511365557,Day
4,2023-06-09 22:00:00,30.33246822809791,-119.59106465036582,Snow,20.24181776028249,6.0880579269864095,0.15492540428657697,Day
3,2023-06-09 23:00:00,37.35074737391118,-84.99688633215194,Fog,-9.509650323291805,0.8449360764604781,0.0,Night
4,2023-06-10 00:00:00,33.3589679406032,-105.4499676650265,Clear,25.696716167173726,8.019358321061986,0.0,Day
3,2023-06-10 01:00:00,38.730412848069456,-96.07427052086419,Clear,1.7461200914104165,7.033808534193648,0.0,Night
2,2023-06-10 02:00:00,42.25662169015156,-91.50764765264181,Cloudy,8.999062588656468,5.886321493879517,0.0,Night
4,2023-06-10 03:00:00,37.66829873466915,-91.92390827055291,Clear,9.02187571367519,8.936985198368603,0.0,Night
4,2023-06-10 04:00:00,39.67544017325112,-81.18611546106362,Rain,32.321120917994584,6.001215182506153,0.4441493188413593,Night
2,2023-06-10 05:00:00,39.99228593741112,-78.80845906907099,Cloudy,-4.8953619553522865,6.608204173241993,0.0,Night
1,2023-06-10 06:00:00,42.30801744907603,-116.33253201393003,Fog,23.34484766751313,0.5306497491072875,0.0,Day
2,2023-06-10 07:00:00,40.31890213467619,-84.84955429770602,Clear,39.06284145971019,8.50686056551331,0.0,Night
4,2023-06-10 08:00:00,44.642582276873725,-100.04712530225652,Fog,-8.880778543119485,1.6436769439786318,0.0,Night
3,2023-06-10 09:00:00,36.84316879634051,-79.07053644026956,Clear,38.294709938090804,6.164334811741705,0.0,Day
3,2023-06-10 10:00:00,30.75387560290523,-89.55548144109189,Cloudy,-9.07976355282302,6.516791430111267,0.0,Day
4,2023-06-10 11:00:00,35.91040355223373,-119.48817843547612,Cloudy,32.057472922953124,9.37065266486354,0.0,Night
3,2023-06-10 12:00:00,42.59817063979843,-86.67674568155965,Rain,38.06222098295546,7.590092852364154,0.4403087124441117,Day
3,2023-06-10 13:00:00,31.996014800570038,-73.71448795718828,Cloudy,39.651369113595834,5.789423649335983,0.0,Night
3,2023-06-10 14:00:00,41.03909778870595,-115.84515484096596,Fog,12.956067048527608,1.6248503939933032,0.0,Night
1,2023-06-10 15:00:00,38.03492187438193,-95.28846362931554,Fog,33.34787531251053,0.9543530678135792,0.0,Night
2,2023-06-10 16:00:00,43.509991456145805,-88.70732467751579,Fog,-3.883022848519748,1.6689599767826473,0.0,Day
2,2023-06-10 17:00:00,40.96784500077302,-110.20682238471277,Clear,11.269216930713071,7.8403790962393085,0.0,Day
3,2023-06-10 18:00:00,39.907861658490795,-87.46542241833473,Fog,5.398748809151325,1.1450353810175147,0.0,Day
2,2023-06-10 19:00:00,43.303168939475,-117.51007703727835,Rain,9.758852530353927,5.345160582536357,0.1268276132427242,Day
1,2023-06-10 20:00:00,43.62329890939627,-74.71603703601846,Clear,25.09904261321961,9.184022458515214,0.0,Night
1,2023-06-10 21:00:00,35.773750566529586,-81.86730758458842,Clear,-5.625989997862238,7.397153799689311,0.0,Night
2,2023-06-10 22:00:00,43.917709677660795,-72.94882672196567,Clear,39.90819801643149,9.946303498589463,0.0,Night
2,2023-06-10 23:00:00,30.820470027942264,-99.07867880498506,Clear,21.753357951845985,8.587212039737961,0.0,Day
2,2023-06-11 00:00:00,41.4384994183027,-118.2898078654812,Cloudy,33.6758793286131,9.96284452141959,0.0,Night
1,2023-06-11 01:00:00,35.04796413173525,-102.92329561294781,Thunderstorm,31.484778261938956,7.2673762403255475,0.12786356771947463,Night
2,2023-06-11 02:00:00,37.31095418348566,-94.21242251220417,Cloudy,28.29987720194032,5.70390703620339,0.0,Day
1,2023-06-11 03:00:00,42.536248290211844,-73.20640624775656,Cloudy,-8.038823443795863,8.636546885148235,0.0,Night
2,2023-06-11 04:00:00,39.555580857987216,-75.84667566277346,Thunderstorm,15.823353829177005,8.888801412415582,0.09346250084123607,Day
2,2023-06-11 05:00:00,36.862365368001434,-90.29641041966372,Clear,6.407418810725339,9.26417633941248,0.0,Day
2,2023-06-11 06:00:00,32.458998641748465,-83.51238739282144,Fog,-4.353044208907988,0.5207232147079439,0.0,Day
2,2023-06-11 07:00:00,44.088971932656676,-72.30508538981553,Cloudy,7.149510320995159,7.553419920576635,0.0,Night
1,2023-06-11 08:00:00,34.98716214811965,-77.47042037690841,Cloudy,22.240151865409118,9.287527866801991,0.0,Day
3,2023-06-11 09:00:00,31.517422854402128,-87.05903024811582,Clear,1.5313214311072105,9.323681183059495,0.0,Night
2,2023-06-11 10:00:00,38.46220120744676,-92.99724215387326,Cloudy,12.229771461127314,5.128419215280704,0.0,Day
1,2023-06-11 11:00:00,36.094196868171856,-96.19796190520134,Clear,10.224712181432515,8.354583920267459,0.0,Night
1,2023-06-11 12:00:00,38.857667406559585,-82.16951261826367,Rain,-7.376851859679442,8.00843674785391,0.4282906949301625,Night
2,2023-06-11 13:00:00,33.50294943551448,-79.56134924070284,Clear,21.40412646914004,5.416688886806029,0.0,Day
1,2023-06-11 14:00:00,35.680932976405806,-109.11779989797239,Fog,20.942345114626697,1.6411417813757936,0.0,Day
1,2023-06-11 15:00:00,44.58762560574567,-96.2987443471365,Clear,38.32072526235024,7.226861469212853,0.0,Day
2,2023-06-11 16:00:00,44.04804313555996,-81.4423655292799,Clear,4.900260831573853,8.371288550637026,0.0,Day
2,2023-06-11 17:00:00,42.9657261572259,-86.21462509016902,Rain,10.947551432101047,9.41398897751558,0.06786741091367243,Day
2,2023-06-11 18:00:00,41.68681293613586,-90.42115896151213,Clear,10.181881117470656,5.650605354319425,0.0,Day
3,2023-06-11 19:00:00,32.34839662302006,-103.81367364925678,Rain,35.98719504928893,9.27921571752367,0.28293334213777793,Day
1,2023-06-11 20:00:00,37.00395884914656,-89.53906551986572,Thunderstorm,10.432465769463569,8.621528148655784,0.26771592362734686,Night
4,2023-06-11 21:00:00,40.91854178816497,-89.39277644691516,Rain,12.138207210297935,9.197961609785796,0.13390497716078886,Night
1,2023-06-11 22:00:00,33.926513487719696,-98.37834178585143,Clear,2.617226709587337,7.474178525869353,0.0,Day
2,2023-06-11 23:00:00,30.496113197357086,-71.98501396883435,Cloudy,-9.941592678797614,5.167424267688723,0.0,Night
1,2023-06-12 00:00:00,36.27148348986315,-87.34393082085543,Rain,-4.477466431231627,8.35257921855316,0.20613573363309526,Night
3,2023-06-12 01:00:00,36.3771209461203,-77.4651474337192,Snow,25.194457571365447,6.872662142100873,0.37267017131286695,Day
2,2023-06-12 02:00:00,30.9765038613344,-113.55209112987212,Clear,24.124779668782132,7.012079171814419,0.0,Day
1,2023-06-12 03:00:00,34.809233687092416,-82.16102049877716,Cloudy,6.126528642243553,7.2063110075319035,0.0,Day
2,2023-06-12 04:00:00,43.75950089681186,-89.90653547834128,Cloudy,13.650311387348783,7.464548178909088,0.0,Night
1,2023-06-12 05:00:00,33.754452105564226,-104.58612908054786,Clear,4.868919669015812,8.309671162829684,0.0,Night
3,2023-06-12 06:00:00,38.537397258769516,-113.18189476164929,Clear,26.54581942789475,8.633878381259372,0.0,Day
2,2023-06-12 07:00:00,37.31822970445072,-101.0176411393013,Cloudy,32.12496750532025,8.884211431808126,0.0,Day
1,2023-06-12 08:00:00,42.9318867168647,-97.93114163938424,Snow,34.95526463277376,8.358030955507358,0.05736573591117883,Night
2,2023-06-12 09:00:00,39.803253656218,-112.96186766796285,Fog,-1.3064339289439584,1.9992771971231795,0.0,Day
1,2023-06-12 10:00:00,32.3764424220781,-86.49365563922254,Cloudy,24.75083709172766,5.610746039453006,0.0,Night
2,2023-06-12 11:00:00,32.14303090265336,-104.64451739243945,Clear,38.150233856529475,9.184088330989198,0.0,Day
2,2023-06-12 12:00:00,38.36230841289483,-79.69802749808906,Clear,22.530585206564872,6.936395435797301,0.0,Night
2,2023-06-12 13:00:00,30.696995435336937,-87.58256113561033,Thunderstorm,7.548707180055455,7.643883378819901,0.11686514291916826,Day
4,2023-06-12 14:00:00,35.90296418984151,-104.47487921692952,Thunderstorm,21.797318290034905,7.16889700247443,0.31947314185531417,Night
1,2023-06-12 15:00:00,35.98516618727248,-101.99901929550907,Fog,24.421302616046702,1.1689416739642748,0.0,Night
4,2023-06-12 16:00:00,32.94499681814506,-72.8926219191804,Rain,9.852364993019727,6.427138425622367,0.24622648494385044,Day
2,2023-06-12 17:00:00,34.51518314005435,-72.59402397306735,Clear,-4.80045247260695,5.8497545539983635,0.0,Day
1,2023-06-12 18:00:00,34.949223621014454,-99.0814580890491,Snow,20.332993376011164,5.52447366521636,0.2545508175216173,Night
2,2023-06-12 19:00:00,30.176378987291947,-86.04149603683555,Cloudy,30.10704002583634,7.256994195340337,0.0,Day
3,2023-06-12 20:00:00,42.08837105341433,-71.00139103760168,Clear,39.87882418780294,5.626304982759693,0.0,Night
2,2023-06-12 21:00:00,44.361693738220254,-70.2974353187016,Rain,1.1529153481471024,6.224942362739702,0.40376985204844895,Day
1,2023-06-12 22:00:00,34.33899786253498,-116.3932887148709,Clear,25.019448709086745,5.6680794281308255,0.0,Night
1,2023-06-12 23:00:00,31.679783364787987,-92.325043084078,Clear,-8.597839991696318,5.545606157876449,0.0,Day
3,2023-06-13 00:00:00,44.30328214777505,-83.6691377362996,Cloudy,38.491263987390546,9.412305739238757,0.0,Night
2,2023-06-13 01:00:00,41.108265317384294,-110.65669436402219,Cloudy,-9.371776923780974,8.370129765043421,0.0,Day
2,2023-06-13 02:00:00,43.36713642371144,-78.9047488274873,Fog,7.939748081935576,0.9915550232676783,0.0,Night
1,2023-06-13 03:00:00,35.41314227062393,-96.57728284731483,Clear,-6.179861351188389,8.220060791164556,0.0,Night
3,2023-06-13 04:00:00,37.26093413643758,-95.11242051781873,Clear,21.048398080403445,9.219755120169236,0.0,Day
4,2023-06-13 05:00:00,43.953595591278386,-106.2838477219747,Clear,6.974989780401177,7.776492946348199,0.0,Night
1,2023-06-13 06:00:00,36.893286706631194,-104.99261898322354,Clear,26.64719656652302,7.313150253376124,0.0,Night
1,2023-06-13 07:00:00,40.0814294086387,-115.7913405697678,Clear,14.318903333402602,7.642387005016985,0.0,Night
3,2023-06-13 08:00:00,40.57198192214766,-73.42420059459762,Rain,10.970170817598248,6.601127472383874,0.18721580224268652,Night
3,2023-06-13 09:00:00,42.55670763840986,-100.9066609901873,Cloudy,7.425817455739594,8.289861954968956,0.0,Day
2,2023-06-13 10:00:00,44.627684866670016,-111.88849892521252,Rain,-5.693541649267377,9.485874508353401,0.4808227799781702,Day
4,2023-06-13 11:00:00,35.02348999649926,-112.88226467374932,Thunderstorm,0.24124263396073964,8.911767232438951,0.3603656023635603,Night
2,2023-06-13 12:00:00,33.71176273985435,-99.62969511962166,Rain,21.955125249424277,7.3100000536864265,0.3771977456363325,Night
1,2023-06-13 13:00:00,31.165589237781298,-88.38960506028947,Clear,14.83758342693811,9.769595429134904,0.0,Night
3,2023-06-13 14:00:00,42.848062853048845,-81.1108939617688,Clear,-6.495527419722022,9.927115470590548,0.0,Day
2,2023-06-13 15:00:00,34.390198078509435,-73.7697542394574,Fog,17.19758588199274,0.9679250137787241,0.0,Day
4,2023-06-13 16:00:00,30.744191930215635,-88.21489759482083,Cloudy,-7.292866927545857,9.323199206563906,0.0,Night
1,2023-06-13 17:00:00,42.9790570922872,-98.96691233311635,Snow,15.586347375999413,5.023851280890624,0.2485218818927564,Night
2,2023-06-13 18:00:00,37.64864141763661,-98.90267686753317,Fog,38.248072344944454,1.7198824266828483,0.0,Night
3,2023-06-13 19:00:00,42.574698068244714,-91.2811519155847,Fog,5.367227686520103,1.231630564356468,0.0,Day
2,2023-06-13 20:00:00,38.3172293964837,-93.09795520368847,Fog,26.17515693210877,1.6309362410181505,0.0,Day
2,2023-06-13 21:00:00,34.70594623147001,-87.95926963787811,Cloudy,27.27760202959876,5.398895557216175,0.0,Day
3,2023-06-13 22:00:00,31.946723875827374,-94.82947855138987,Clear,10.242976670556985,5.085252730320892,0.0,Night
2,2023-06-13 23:00:00,36.55742269155672,-117.05045741476187,Thunderstorm,19.664607538995497,5.737093866776298,0.3114818885683579,Day
2,2023-06-14 00:00:00,30.398235638902214,-94.96358240953475,Cloudy,13.602304534876879,6.531473956492718,0.0,Day
3,2023-06-14 01:00:00,39.03689164264044,-118.87333670152601,Clear,4.1681509855403185,7.323503409487285,0.0,Night
1,2023-06-14 02:00:00,36.41496955069471,-110.96960181661771,Cloudy,27.737104760026995,5.327016423580585,0.0,Night
4,2023-06-14 03:00:00,32.122854512123055,-100.62861651548553,Cloudy,25.14133078242029,7.494911167754617,0.0,Night
3,2023-06-14 04:00:00,37.953517362192805,-92.4345849400886,Fog,35.02744322866153,0.9879329213981322,0.0,Night
2,2023-06-14 05:00:00,42.01366045741233,-110.75909104012277,Rain,20.906308982980136,6.371857475488111,0.028026569192227083,Day
2,2023-06-14 06:00:00,44.62200429270347,-106.18496706042119,Clear,9.436007059809796,9.109511258239316,0.0,Night
4,2023-06-14 07:00:00,37.91037747126222,-101.28945027348773,Thunderstorm,25.700377905133756,9.93461788026169,0.07284500493900457,Day
1,2023-06-14 08:00:00,31.943264415648603,-110.1392398020167,Snow,20.951811477932107,7.319320146308089,0.19033901156728375,Day
2,2023-06-14 09:00:00,42.160592786167534,-70.06182172777436,Cloudy,20.830709640031735,6.608853475772483,0.0,Night
2,2023-06-14 10:00:00,40.43682883472956,-79.76433576531699,Clear,32.49188785141106,9.657240880797843,0.0,Night
1,2023-06-14 11:00:00,44.30956871331512,-79.45316913777282,Clear,35.523426937347644,7.502242232331582,0.0,Day
2,2023-06-14 12:00:00,38.02819496675995,-91.55680717023975,Rain,-0.9879167789156345,8.651767855903607,0.30242053200616276,Day
4,2023-06-14 13:00:00,35.35655872677522,-71.93376899078254,Clear,5.702511210862774,7.068700154799419,0.0,Day
3,2023-06-14 14:00:00,44.44260180694887,-83.38996709791716,Clear,22.515285048377066,6.012742888290798,0.0,Night
2,2023-06-14 15:00:00,38.0766687215431,-103.45606832537331,Rain,17.861061685481125,8.274425562838129,0.38612160794405637,Day
2,2023-06-14 16:00:00,30.2385851446235,-89.4736670043041,Cloudy,22.616308474972968,8.324213247683598,0.0,Day
2,2023-06-14 17:00:00,37.105035190255514,-92.81499766445124,Cloudy,11.650729966359428,7.300919250394753,0.0,Day
1,2023-06-14 18:00:00,30.035670463985802,-90.9855588177659,Clear,10.621950685802474,6.349748175404182,0.0,Day
3,2023-06-14 19:00:00,41.065617199844375,-79.11366637451647,Cloudy,-4.117304737013285,9.159067460313743,0.0,Night
3,2023-06-14 20:00:00,38.489176703380096,-94.52190679674038,Rain,21.18241200522654,6.376590621927887,0.4703867045849928,Day
3,2023-06-14 21:00:00,31.647016679855955,-83.56797488810034,Clear,-1.2107173717519597,8.29511993133396,0.0,Day
2,2023-06-14 22:00:00,42.19516960870448,-107.47016098341986,Clear,23.5510797818986,6.919928119463483,0.0,Day
2,2023-06-14 23:00:00,38.0465585582137,-73.39690273759618,Rain,38.35361216149906,7.362403389688647,0.28802564170511197,Day
1,2023-06-15 00:00:00,31.710905665242464,-115.68089203064335,Thunderstorm,2.820641373814773,6.05701330750236,0.2762881423855274,Day
2,2023-06-15 01:00:00,32.400163128882426,-70.3210044026664,Cloudy,-2.892384732519762,8.247399727396827,0.0,Day
2,2023-06-15 02:00:00,42.331557778062674,-88.36634458533354,Clear,-8.791237735953318,6.129129168095924,0.0,Night
4,2023-06-15 03:00:00,35.33230313197776,-96.50242656944869,Clear,8.941359317266954,7.428570233038068,0.0,Day
3,2023-06-15 04:00:00,42.31644113773234,-104.46089343622307,Fog,0.7305529428446622,0.9968397744424452,0.0,Night
4,2023-06-15 05:00:00,31.042550369066888,-99.74290570522122,Clear,14.592971157196803,9.818028663923108,0.0,Night
3,2023-06-15 06:00:00,33.65788593441156,-80.87883502497716,Cloudy,16.215301399637525,9.911105479467738,0.0,Day
1,2023-06-15 07:00:00,41.46873893587896,-113.02835185015232,Cloudy,7.466387218855083,8.767456536690219,0.0,Day
2,2023-06-15 08:00:00,39.6255318138005,-107.36574302695156,Clear,27.49531111390713,9.919587474273861,0.0,Day
1,2023-06-15 09:00:00,34.60236778489881,-113.81363125763238,Snow,35.240333535610795,5.5677532140386905,0.43432331721540207,Night
1,2023-06-15 10:00:00,44.040396553494645,-98.66727402334182,Rain,0.5761548896637017,9.961623270067246,0.4729210272391239,Day
2,2023-06-15 11:00:00,33.165993531748256,-100.63886567923679,Rain,31.814888670306324,5.517779581854221,0.3355937118241319,Night
3,2023-06-15 12:00:00,42.74669354141445,-87.56075482539002,Clear,-3.4406050122310923,7.077258868395438,0.0,Night
2,2023-06-15 13:00:00,40.43615807342562,-70.21420425922915,Clear,1.4351092271748662,6.194737850772269,0.0,Night
1,2023-06-15 14:00:00,31.81675613192403,-75.38203652188608,Cloudy,18.070784311689266,9.769229817025955,0.0,Night
1,2023-06-15 15:00:00,38.32673441385751,-75.98111538449893,Cloudy,5.3290744377805215,8.178949673995707,0.0,Night
1,2023-06-15 16:00:00,43.948613710979345,-87.71459120964582,Clear,-7.914460470557701,7.985637669117208,0.0,Day
1,2023-06-15 17:00:00,39.28344073337926,-106.46958518364073,Clear,4.743607085489273,9.987192524436633,0.0,Night
1,2023-06-15 18:00:00,37.932110975616375,-100.79571701396873,Clear,35.24350942984513,8.06213051945377,0.0,Day
2,2023-06-15 19:00:00,35.494847860292126,-107.49389348667363,Thunderstorm,-1.2888419039089456,8.23079940468017,0.13939289648009587,Day
3,2023-06-15 20:00:00,41.83182211035323,-113.24579950138475,Rain,28.1875439921388,5.223871496483795,0.37717084529684586,Night
2,2023-06-15 21:00:00,43.69588820825463,-98.19843773545554,Fog,26.114100300224067,1.1546516622421208,0.0,Day
2,2023-06-15 22:00:00,41.29975182214733,-75.12324739146683,Clear,-4.688759196787897,9.850447158710619,0.0,Night
1,2023-06-15 23:00:00,40.878740393158964,-82.80794497092472,Thunderstorm,6.472148229193333,9.801555752618434,0.01859830578309867,Day
4,2023-06-16 00:00:00,32.88735553647425,-70.75810520462424,Clear,-0.5321855430645037,6.105528047690344,0.0,Day
2,2023-06-16 01:00:00,42.509795128965834,-110.25914299746324,Cloudy,-8.842490940336441,6.129576719850796,0.0,Night
3,2023-06-16 02:00:00,30.610437826515984,-94.97279720765509,Snow,-1.3479662382051867,6.830235626065891,0.3502488717306552,Day
4,2023-06-16 03:00:00,41.36042214803955,-80.34769506392176,Clear,0.07889708168644916,6.551050354587835,0.0,Night
3,2023-06-16 04:00:00,33.16305051672332,-96.9769401553861,Cloudy,-1.7009876347785795,6.528073236987478,0.0,Night
1,2023-06-16 05:00:00,37.30891904976734,-102.24728104154771,Clear,-5.445139528133982,8.026083585675456,0.0,Day
2,2023-06-16 06:00:00,40.42850920547142,-79.20565929713993,Clear,16.31525661106503,9.028040034184748,0.0,Day
1,2023-06-16 07:00:00,41.386176196080264,-98.48459784021352,Cloudy,6.131952085140323,9.683840803373,0.0,Night
1,2023-06-16 08:00:00,43.321259117912135,-74.35162989210443,Rain,35.41246807040598,5.339302392886662,0.28828104660396997,Day
1,2023-06-16 09:00:00,34.238882164422876,-106.5799300113343,Rain,-0.6393265990281414,6.389892381920576,0.2517131662829028,Night
4,2023-06-16 10:00:00,33.364803645428594,-75.17731226956802,Cloudy,20.143131504822307,6.275068867214775,0.0,Night
4,2023-06-16 11:00:00,44.94369311062222,-106.07695794496428,Cloudy,35.03101921328212,6.787198317869185,0.0,Night
1,2023-06-16 12:00:00,33.11337253173733,-105.52178433629561,Clear,-7.6405174467058545,7.121671315572855,0.0,Night
2,2023-06-16 13:00:00,39.9822112008953,-98.97078641046116,Clear,15.813873546948663,6.945857358515108,0.0,Night
4,2023-06-16 14:00:00,44.2911703712331,-94.20940722042252,Thunderstorm,12.533440626559354,9.760736046906,0.23590004206685913,Day
2,2023-06-16 15:00:00,43.448339804696786,-99.08874551991781,Clear,36.43893040387045,7.185645280421928,0.0,Night
2,2023-06-16 16:00:00,36.64895156140878,-76.89254548729784,Rain,23.188238643718087,7.75796285542429,0.44192126227293543,Day
2,2023-06-16 17:00:00,39.563725066707065,-80.2215454419275,Clear,7.45807049760219,8.743166402429534,0.0,Day
3,2023-06-16 18:00:00,37.93644424565444,-104.50682584468044,Rain,25.57606092540744,8.625423984932608,0.318489280973563,Night
2,2023-06-16 19:00:00,35.199833746755715,-94.4240058126368,Rain,19.132701035692538,7.914822833472844,0.3610785984451607,Night
3,2023-06-16 20:00:00,32.166331515870795,-98.44850584623612,Clear,7.3584949017402295,9.30416011749595,0.0,Day
2,2023-06-16 21:00:00,42.050913460144166,-117.19648383688099,Clear,29.262433891769405,8.12090654470414,0.0,Night
1,2023-06-16 22:00:00,31.356625315936046,-82.59265176083322,Rain,23.408487990318214,9.373794236942997,0.24822069734228785,Day
2,2023-06-16 23:00:00,39.14441072034663,-110.91666939480604,Clear,-9.729185082876516,6.513828752912518,0.0,Day
1,2023-06-17 00:00:00,38.91553758765984,-73.2929137328203,Clear,33.256730300549386,5.660118384566678,0.0,Night
2,2023-06-17 01:00:00,35.022365078482245,-100.11108000606356,Rain,9.854594111056517,9.097602282746346,0.04685230727247598,Day
1,2023-06-17 02:00:00,32.031128362473375,-88.8871004898192,Clear,22.272380029366055,6.912589539874547,0.0,Day
3,2023-06-17 03:00:00,41.994556909958845,-79.08503300098079,Fog,9.83841604859592,1.2243371839914152,0.0,Day
2,2023-06-17 04:00:00,36.92886618175983,-110.98516333412194,Cloudy,34.068102211695006,8.686555982347967,0.0,Night
3,2023-06-17 05:00:00,40.87909337216929,-92.94318241349866,Clear,22.541772309450806,6.633552377136245,0.0,Night
4,2023-06-17 06:00:00,30.24728703080003,-108.12901028681873,Rain,18.969310455014487,7.525816942850195,0.13182091832065246,Night
3,2023-06-17 07:00:00,31.117547464155347,-94.51646237996131,Cloudy,39.013237505127385,9.47463257569752,0.0,Night
4,2023-06-17 08:00:00,32.637715267914295,-91.02819916200545,Clear,4.0320260030325485,9.39896617619236,0.0,Night
2,2023-06-17 09:00:00,31.707571258324688,-111.54294500464049,Cloudy,-6.737285469418777,8.746785387563822,0.0,Day
1,2023-06-17 10:00:00,32.87560156442606,-90.95907111338829,Clear,15.800521645307224,8.813697659717512,0.0,Night
4,2023-06-17 11:00:00,40.29732102384226,-97.25459970356088,Clear,11.200891690796976,9.48842224540666,0.0,Day
3,2023-06-17 12:00:00,30.704956087682817,-93.90001789519677,Clear,12.714502453852255,8.681661936449581,0.0,Day
3,2023-06-17 13:00:00,30.567984181605755,-74.75164906395767,Clear,21.005241914286717,6.697926796517477,0.0,Night
2,2023-06-17 14:00:00,30.47478153725332,-95.80984356175685,Clear,20.75608183019196,5.603913398200094,0.0,Night
2,2023-06-17 15:00:00,40.46473686911297,-96.19257307055418,Rain,9.61321466657655,7.1094204998736865,0.1744020295788671,Day
1,2023-06-17 16:00:00,38.04203208592784,-96.48006959578808,Rain,33.143851198127734,5.436717079268382,0.07876756663184245,Night
3,2023-06-17 17:00:00,35.55363617503332,-88.84473576012489,Cloudy,22.57292547435828,5.578853884953942,0.0,Day
1,2023-06-17 18:00:00,40.13411862164297,-101.62413423127404,Rain,34.495583955433396,9.750860464182848,0.03594834222114902,Day
1,2023-06-17 19:00:00,38.30406408372225,-79.93199518200251,Snow,35.65769525512229,8.37943480301245,0.3015541266313825,Night
2,2023-06-17 20:00:00,30.110022608640943,-105.69749433430418,Cloudy,-1.6343962069572857,9.258043502351494,0.0,Night
2,2023-06-17 21:00:00,42.57824617443073,-105.02268996155128,Cloudy,24.028093694553014,8.214495966367453,0.0,Night
1,2023-06-17 22:00:00,35.25276574787108,-90.56248802521209,Clear,5.875593191882137,7.092700142000355,0.0,Day
3,2023-06-17 23:00:00,35.99341894843477,-107.00553261293784,Fog,31.82145272742396,0.79580299827655,0.0,Night
3,2023-06-18 00:00:00,41.73434932440182,-115.5026901798306,Clear,26.642578982775262,9.779185184875187,0.0,Night
2,2023-06-18 01:00:00,32.80636223594404,-109.72072300213591,Clear,-0.06261562370734808,5.354662360262906,0.0,Night
2,2023-06-18 02:00:00,30.151077831668363,-74.3171311162821,Rain,36.936538325161024,8.050815330099162,0.1732065930163467,Night
4,2023-06-18 03:00:00,43.632575170948584,-119.46497049647573,Clear,24.173950349621173,5.511016058652577,0.0,Night
1,2023-06-18 04:00:00,37.58217383312809,-113.32693075564895,Clear,37.43165516187907,6.420738392947841,0.0,Day
3,2023-06-18 05:00:00,35.242906951495705,-82.09801824391153,Cloudy,0.09555860967042484,5.929087286493973,0.0,Day
1,2023-06-18 06:00:00,42.28568369429311,-71.0069579300382,Cloudy,33.485254719931696,7.768584575794383,0.0,Day
2,2023-06-18 07:00:00,30.39442369792846,-85.59073522487894,Rain,23.403641020781762,9.4353767256105,0.24829691135202298,Day
2,2023-06-18 08:00:00,33.03436231708024,-73.88327565865984,Snow,17.614329689132305,8.178111538988581,0.07926597413421335,Day
3,2023-06-18 09:00:00,32.32932093712329,-77.23821216445182,Clear,31.02564499305194,8.320940097531302,0.0,Night
1,2023-06-18 10:00:00,41.06746026384105,-96.0014924030168,Clear,21.64319434228549,9.544657481066512,0.0,Night
1,2023-06-18 11:00:00,34.681301260244496,-103.32383773210725,Rain,23.480008027605237,8.747126139855528,0.11777624368980492,Day
2,2023-06-18 12:00:00,41.59360118309282,-88.38810681450413,Clear,2.6835292128045456,9.329779181920163,0.0,Day
2,2023-06-18 13:00:00,30.622146659063926,-93.32232945229892,Cloudy,30.85268443156457,7.081960459299327,0.0,Day
2,2023-06-18 14:00:00,39.121733667002374,-118.70853401778736,Clear,22.515135116365727,9.3267816888606,0.0,Night
2,2023-06-18 15:00:00,34.77331086560337,-72.1351414958747,Cloudy,32.219458935040066,8.229306942829222,0.0,Night
2,2023-06-18 16:00:00,32.80379902887459,-91.4876317263161,Cloudy,7.576348277169185,5.678038913706691,0.0,Night
1,2023-06-18 17:00:00,42.25147488626638,-76.27541041611653,Cloudy,6.585506120286148,5.19356254183533,0.0,Day
1,2023-06-18 18:00:00,36.18375185394851,-83.26849144978377,Cloudy,-8.804851770076791,6.220172068428922,0.0,Night
2,2023-06-18 19:00:00,38.57444395815165,-102.95835033172301,Cloudy,28.430266339725762,6.891748244133456,0.0,Night
2,2023-06-18 20:00:00,30.496257656693132,-74.9421003899456,Clear,6.515719354587581,9.187839330404284,0.0,Night
1,2023-06-18 21:00:00,41.87436775917645,-80.47888234476075,Clear,6.360615485291348,8.706222785126483,0.0,Day
1,2023-06-18 22:00:00,34.3032381830809,-98.51041865480572,Clear,24.434225773738483,9.776878639034589,0.0,Night
2,2023-06-18 23:00:00,40.40109206657303,-77.97608759983889,Cloudy,2.6434488386397152,7.795873993732529,0.0,Day
1,2023-06-19 00:00:00,41.40711877179142,-106.42238336548917,Clear,35.45102432995681,8.738708258039972,0.0,Day
2,2023-06-19 01:00:00,31.756743862092648,-86.46582605874322,Cloudy,16.903299562760836,6.376416926213124,0.0,Day
2,2023-06-19 02:00:00,34.43850845961846,-114.27091258828322,Clear,38.473861802268154,8.397889464476535,0.0,Day
1,2023-06-19 03:00:00,40.85160122984469,-76.71161322931773,Rain,-6.166557770527289,8.530756012681431,0.07915948272311436,Night
1,2023-06-19 04:00:00,33.482663211667116,-83.52836665260534,Fog,6.841268382285147,1.4987759142394923,0.0,Night
3,2023-06-19 05:00:00,42.722609280818205,-112.37160843695061,Clear,9.073517170719796,7.6820175543754186,0.0,Day
3,2023-06-19 06:00:00,34.67960296324725,-118.93326973688839,Clear,26.521036004028993,8.245025737975885,0.0,Day
2,2023-06-19 07:00:00,36.03495311349869,-100.50660625685389,Clear,0.6481128965306873,6.015244050524494,0.0,Night
2,2023-06-19 08:00:00,31.496150208432134,-86.23637046779939,Cloudy,8.767292669128555,8.683795450632257,0.0,Day
3,2023-06-19 09:00:00,32.21512677914066,-105.84262967469822,Cloudy,35.53212719787958,9.192058613200675,0.0,Night
4,2023-06-19 10:00:00,34.13132442362347,-71.33724060096694,Clear,-4.27245581554855,7.968688730932082,0.0,Day
2,2023-06-19 11:00:00,30.733632423741764,-73.26593058940117,Rain,27.2662000329333,5.578372311870991,0.43705558686060286,Day
1,2023-06-19 12:00:00,32.89548419619247,-90.102976773953,Clear,25.12425558137347,6.564286781559715,0.0,Day
2,2023-06-19 13:00:00,36.134145399992015,-104.22004637066362,Cloudy,-3.474746170294548,7.37757325505645,0.0,Night
2,2023-06-19 14:00:00,35.69943370300874,-75.18653740721221,Cloudy,24.42453436842878,8.385811957014171,0.0,Night
2,2023-06-19 15:00:00,32.98041569740487,-79.82645796185679,Rain,18.489189465445484,6.601635539326127,0.07651465038140089,Night
2,2023-06-19 16:00:00,31.20676025780177,-115.69228236354324,Clear,4.3761168572042415,9.20145525669557,0.0,Day
3,2023-06-19 17:00:00,34.772217522510864,-96.18385851869297,Fog,5.557059752627644,1.4882271473120803,0.0,Day
2,2023-06-19 18:00:00,41.18019911398976,-70.9392552395635,Rain,31.649613766788114,5.214181739734804,0.38094619790118894,Night
1,2023-06-19 19:00:00,37.651493582643305,-97.30473128709667,Clear,1.550749313311087,8.969972083349175,0.0,Night
1,2023-06-19 20:00:00,44.202059613298914,-73.35457650332484,Clear,15.639026471383719,8.221115847555206,0.0,Day
2,2023-06-19 21:00:00,32.09829491615564,-71.13553281853217,Cloudy,24.057486865159845,9.009782473653488,0.0,Night
1,2023-06-19 22:00:00,33.10976916980575,-100.63203760076674,Snow,-3.504915283157292,6.744449066334468,0.4931752164660386,Day
2,2023-06-19 23:00:00,34.204493004584954,-71.77207614778857,Snow,36.617693560815724,5.08815096076323,0.1346310595868426,Night
2,2023-06-20 00:00:00,30.19502849719562,-113.10297316878265,Cloudy,3.0317157514192754,5.3687646182891395,0.0,Night
2,2023-06-20 01:00:00,44.15070717685322,-111.9940277742032,Fog,5.941746150160906,0.8029925673765894,0.0,Day
4,2023-06-20 02:00:00,36.680457471644516,-106.17282952096305,Clear,23.305786905462867,9.025737890778508,0.0,Day
2,2023-06-20 03:00:00,37.22474215846734,-96.6221906631269,Clear,-6.090417643193327,6.507173771800787,0.0,Night
1,2023-06-20 04:00:00,32.367861397478826,-110.94876123729462,Fog,21.38063449593083,1.3491296016021175,0.0,Day
1,2023-06-20 05:00:00,43.090465351613496,-102.99111482445261,Rain,35.80149800928752,8.791941982484426,0.3403423398727608,Night
2,2023-06-20 06:00:00,40.38948354964603,-114.81734471998995,Cloudy,2.454527765071239,8.005774765451159,0.0,Day
1,2023-06-20 07:00:00,36.47041481285865,-98.49959435483544,Rain,8.095386339230135,9.918097059982124,0.24497285807108293,Day
2,2023-06-20 08:00:00,43.169572449691415,-78.62607579575459,Thunderstorm,1.6166978760628865,6.58154594158259,0.2459012893778829,Night
1,2023-06-20 09:00:00,43.58186607396473,-90.24732309355016,Rain,30.938437445646706,5.828077845605856,0.16614082949300216,Night
2,2023-06-20 10:00:00,30.74220811557088,-79.49204337353049,Snow,-1.619608824776682,8.686364848256577,0.39260459928529573,Night
3,2023-06-20 11:00:00,31.78986884569317,-113.21436523675273,Rain,7.3314117717928475,6.390416893948208,0.34623593204592273,Night
1,2023-06-20 12:00:00,30.414424490344523,-100.02821048806223,Clear,20.05109107125683,9.805184640333787,0.0,Day
2,2023-06-20 13:00:00,38.72595370647396,-118.03383952870755,Snow,10.22772163329996,9.940346561250855,0.215474962125381,Day
2,2023-06-20 14:00:00,33.26915790264354,-101.50104766284122,Clear,-6.726534274646098,9.632021975126769,0.0,Day
3,2023-06-20 15:00:00,42.67392125299489,-89.27511321287298,Fog,37.38603338075463,0.8413044968987489,0.0,Night
2,2023-06-20 16:00:00,36.988707907763825,-91.55653981594101,Cloudy,6.895022087928318,8.0782740870818,0.0,Day
2,2023-06-20 17:00:00,42.56564619591191,-116.9838644410993,Rain,12.282560638238891,8.46059324784315,0.21457149765228375,Day
3,2023-06-20 18:00:00,38.334078351932945,-116.89702746861252,Cloudy,-1.6227332398317103,5.471230788863472,0.0,Day
2,2023-06-20 19:00:00,41.9425169577252,-104.74662611035336,Clear,33.26751195229616,8.815250798643444,0.0,Day
2,2023-06-20 20:00:00,35.577825122958565,-81.43004151019726,Clear,4.571439393230579,6.010316815384472,0.0,Day
1,2023-06-20 21:00:00,44.18090760819659,-118.97116294948667,Thunderstorm,-9.008847830026886,9.201630298521913,0.10610899144188929,Day
3,2023-06-20 22:00:00,40.00738083693767,-89.20363725822043,Thunderstorm,5.8201291293958555,9.807659103055007,0.4951736667886695,Day
3,2023-06-20 23:00:00,38.93235816596909,-110.81491353841031,Clear,39.2029842266448,6.061888145827367,0.0,Night
4,2023-06-21 00:00:00,35.28535025736287,-72.78418787897792,Thunderstorm,-2.65785635925024,5.390155588028106,0.3247877470509199,Day
4,2023-06-21 01:00:00,44.05775968356715,-98.48923106084794,Snow,-8.439875600573629,7.4194506963394495,0.25590831967215916,Day
3,2023-06-21 02:00:00,35.06601600341516,-117.60580396724244,Cloudy,18.908779511449133,8.957746859741546,0.0,Night
2,2023-06-21 03:00:00,42.53789152839159,-84.3180759841288,Clear,8.583327323375403,8.853200849717615,0.0,Day
3,2023-06-21 04:00:00,36.06462323892509,-95.76952808131998,Fog,29.74876496052258,0.5234356667550732,0.0,Day
2,2023-06-21 05:00:00,41.507760022523925,-75.93798105633962,Cloudy,26.594388192936265,9.103479951173707,0.0,Night
2,2023-06-21 06:00:00,43.678168733711,-87.40874466541985,Fog,-0.7290485950086705,1.8948959943135555,0.0,Day
2,2023-06-21 07:00:00,36.98410675441122,-85.37371693788549,Snow,18.23161525775499,8.259688789429731,0.48103600732514196,Day
2,2023-06-21 08:00:00,37.892028183601475,-81.63700712343825,Snow,-8.378199627195755,8.028396579488248,0.16956775838810564,Day
3,2023-06-21 09:00:00,34.95514358899178,-98.98228126391892,Rain,11.97391140672385,5.767158618798466,0.4919266236565018,Night
2,2023-06-21 10:00:00,30.820435091627626,-80.37264047408807,Clear,25.702661098417877,7.0721353531927384,0.0,Day
1,2023-06-21 11:00:00,39.7872179697258,-117.4688514956842,Clear,10.747939604388506,9.262648596547738,0.0,Day
1,2023-06-21 12:00:00,31.794637868085836,-81.72362976416919,Clear,-4.102292608991956,9.8590090202408,0.0,Night
3,2023-06-21 13:00:00,35.310883930434656,-88.18460813308576,Clear,-6.923320650532297,8.32715088788676,0.0,Night
2,2023-06-21 14:00:00,35.24240864784615,-91.6667479399244,Cloudy,32.682972489058834,9.60970520993122,0.0,Night
2,2023-06-21 15:00:00,32.26505729211862,-104.09246903846918,Rain,34.566347997455665,5.660246152917087,0.07646855190923194,Night
2,2023-06-21 16:00:00,40.000654738713074,-114.29436957843839,Fog,7.15462406088999,1.224541122785811,0.0,Day
2,2023-06-21 17:00:00,32.61898996228038,-87.63995913369283,Clear,-1.791383768462353,5.167532495903568,0.0,Day
1,2023-06-21 18:00:00,41.67504523769617,-96.41645331002934,Cloudy,38.93081065621105,7.6362963673555075,0.0,Day
2,2023-06-21 19:00:00,33.739186072508275,-109.10775728736704,Clear,17.293190180060527,6.455041647354095,0.0,Day
3,2023-06-21 20:00:00,34.30931229043672,-117.83166536434587,Clear,13.832752185791229,9.069545533924046,0.0,Day
2,2023-06-21 21:00:00,35.155924530799965,-93.0617416284001,Clear,27.080387369663953,6.087718160487554,0.0,Day
2,2023-06-21 22:00:00,32.291288413278835,-113.68518490087212,Rain,-1.55653302893192,5.057650183665694,0.43817363130313663,Night
1,2023-06-21 23:00:00,36.51396729935577,-73.52903066084686,Clear,18.999486170195542,7.073047296180966,0.0,Night
2,2023-06-22 00:00:00,31.204876863348446,-112.46840707536637,Rain,34.50811782037945,5.320539988332224,0.17227644290952324,Night
1,2023-06-22 01:00:00,36.40674127047269,-118.39873019297266,Clear,-8.84657570310707,6.450462845938745,0.0,Day
2,2023-06-22 02:00:00,35.09868198651089,-106.89762429835275,Fog,23.64698534260493,1.4432147026911615,0.0,Day
2,2023-06-22 03:00:00,35.073981708151464,-111.25216934867568,Snow,17.571197787570274,6.47351588308283,0.22001529349245091,Night
3,2023-06-22 04:00:00,39.910113777679854,-80.43808874501138,Thunderstorm,37.54003922372255,6.2289661366061635,0.40647234042546326,Night
2,2023-06-22 05:00:00,41.53534311717377,-105.53286968727303,Fog,2.9349254961106936,1.0100362029439696,0.0,Night
2,2023-06-22 06:00:00,35.339977833828904,-107.73797214133036,Fog,32.94458209631865,1.8755363785667558,0.0,Day
2,2023-06-22 07:00:00,33.93022038089975,-70.25957958941265,Fog,5.449285094164244,1.6327883894386175,0.0,Night
2,2023-06-22 08:00:00,37.41524152084516,-112.49691043975575,Rain,11.49317880314539,8.407535114717357,0.07825987466965137,Night
1,2023-06-22 09:00:00,41.815786132119996,-115.75007312077115,Clear,0.664378238224753,7.263666028678178,0.0,Day
2,2023-06-22 10:00:00,39.66859426980088,-104.71879470754233,Clear,33.17955078927547,5.618015495239252,0.0,Night
4,2023-06-22 11:00:00,30.57002021663437,-99.7454838518714,Clear,-0.22951696731950655,8.238781497607631,0.0,Day
1,2023-06-22 12:00:00,37.19894285617816,-81.97879111780026,Cloudy,32.950649663227274,7.785609491608191,0.0,Night
2,2023-06-22 13:00:00,44.864475954638145,-72.22780406392297,Cloudy,12.780669128527382,6.906377276327236,0.0,Night
3,2023-06-22 14:00:00,35.296912915213234,-81.81614309009043,Fog,31.754274690841036,1.090540930096263,0.0,Night
2,2023-06-22 15:00:00,36.610752020917914,-83.6680765016632,Thunderstorm,3.224427955493251,5.91576445575071,0.2644321264165944,Night
3,2023-06-22 16:00:00,34.311100971281064,-70.42760481354793,Cloudy,-3.363492931439673,5.731497294157284,0.0,Day
2,2023-06-22 17:00:00,37.465420343877405,-81.73181304665832,Cloudy,17.74806324799509,6.693858472343496,0.0,Day
2,2023-06-22 18:00:00,32.41381983853565,-113.02334077895725,Thunderstorm,15.471853352785828,5.208155620517276,0.4263729567912339,Day
2,2023-06-22 19:00:00,33.70520459933641,-96.92351308793002,Clear,7.83036890017663,7.183137064006537,0.0,Day
3,2023-06-22 20:00:00,40.67604462598162,-94.82476900021456,Rain,23.14107092692072,8.00786964642468,0.09952940604600906,Day
4,2023-06-22 21:00:00,32.07430190529605,-104.75948401528993,Clear,-5.242858562124422,9.708271376464452,0.0,Night
1,2023-06-22 22:00:00,43.89215645461441,-111.78622872410592,Rain,21.100053745756473,8.129140716388685,0.2952599660882014,Night
2,2023-06-22 23:00:00,34.619406127469304,-84.4129736186041,Clear,0.5878046750118475,8.120380234279498,0.0,Day
1,2023-06-23 00:00:00,38.6253764537796,-106.12526712174147,Fog,-3.5522721989351433,1.9904333224460484,0.0,Day
1,2023-06-23 01:00:00,34.82746016349762,-88.76725329155143,Cloudy,35.4804090062678,5.666585781405255,0.0,Day
2,2023-06-23 02:00:00,37.17046163662212,-103.87051287464041,Clear,12.98978805769173,7.234688266279211,0.0,Day
2,2023-06-23 03:00:00,43.55701992072004,-94.68818346950391,Clear,28.17084357940122,7.99338159533757,0.0,Day
1,2023-06-23 04:00:00,31.028659227706864,-103.14735982978043,Cloudy,-5.544153577574143,8.620167983279021,0.0,Night
1,2023-06-23 05:00:00,42.84513940061112,-99.41207591171685,Thunderstorm,-7.126756099695832,9.130433869477155,0.13853543510402314,Day
2,2023-06-23 06:00:00,38.36360530132632,-83.39667402374269,Rain,14.742610646053244,6.279640460340607,0.14685719071459355,Day
4,2023-06-23 07:00:00,39.97606888031058,-75.80875465860476,Cloudy,5.777557577256541,6.206100376139437,0.0,Day
3,2023-06-23 08:00:00,30.83830600190498,-94.56271350916583,Clear,-9.754635374525868,7.82649931552259,0.0,Day
1,2023-06-23 09:00:00,41.420986759776596,-89.4874469134039,Cloudy,-0.8352677550566536,7.830075915672147,0.0,Day
3,2023-06-23 10:00:00,31.9166762206573,-76.7795087659929,Rain,0.9387757745228971,6.089738983513872,0.03971849536137532,Day
2,2023-06-23 11:00:00,44.472317696850915,-112.83887994552076,Rain,4.4253177265546935,7.9373765517563655,0.07798220168377493,Day
3,2023-06-23 12:00:00,41.989309143699685,-111.89010081230924,Clear,33.87677885216756,6.729394249871975,0.0,Night
2,2023-06-23 13:00:00,37.393019682576224,-102.03815228725468,Rain,11.030126556598432,8.196574594393164,0.35284634576803653,Day
2,2023-06-23 14:00:00,43.86250435845129,-104.54658596825801,Rain,23.971619523854336,6.455223568361008,0.03353243992395744,Day
3,2023-06-23 15:00:00,32.53609923247082,-70.68131518615013,Thunderstorm,-9.080195366923352,7.9614589603578825,0.1739333184872308,Night
1,2023-06-23 16:00:00,44.87495945817565,-91.79540125090939,Fog,30.696283894143384,0.6027456121440184,0.0,Night
4,2023-06-23 17:00:00,40.7522856751612,-93.80466860204785,Rain,2.0164472098208623,9.900793878509688,0.3981048873206427,Day
3,2023-06-23 18:00:00,31.47566870428864,-91.06406801150203,Rain,5.45196644552173,9.555340282358786,0.10320814500670353,Night
4,2023-06-23 19:00:00,38.048872562072525,-76.24228123990711,Clear,-7.737178400648073,7.517693736637261,0.0,Day
2,2023-06-23 20:00:00,40.66314552693598,-107.82261155848616,Snow,10.484645298680771,7.44174541658809,0.47815173009872447,Day
1,2023-06-23 21:00:00,39.1953339251738,-94.45163604783838,Cloudy,32.628838637002254,7.188500029678744,0.0,Night
2,2023-06-23 22:00:00,36.3592409841372,-106.45184036022127,Clear,8.936712906014456,5.1387529899431925,0.0,Day
4,2023-06-23 23:00:00,33.72214283943832,-80.97118445155368,Clear,35.43026353781962,5.829772487431308,0.0,Night
2,2023-06-24 00:00:00,33.57344240066388,-81.14423725485435,Snow,33.37238015963409,5.295945441520279,0.12521777092968744,Night
2,2023-06-24 01:00:00,43.90425557193375,-72.12851406928228,Clear,-6.901952850283701,8.481775423876604,0.0,Night
2,2023-06-24 02:00:00,33.521111260245085,-97.6588970076691,Cloudy,5.263597189090634,7.066173251090827,0.0,Night
2,2023-06-24 03:00:00,44.4360755107984,-112.06744739862273,Cloudy,35.52086537587303,5.318849390327048,0.0,Night
1,2023-06-24 04:00:00,33.1533882696381,-75.17945542789579,Clear,-8.50955287626651,8.45287538826935,0.0,Day
2,2023-06-24 05:00:00,35.764256680844426,-75.46986910154435,Clear,28.290414230437975,8.22217931413972,0.0,Night
3,2023-06-24 06:00:00,30.184851396250384,-108.26652298616517,Snow,35.32139895756335,8.599814153452485,0.4765297524981068,Night
1,2023-06-24 07:00:00,43.54715909095266,-106.18650917245019,Snow,28.524569916791343,7.9991705888078455,0.1547000421361055,Day
3,2023-06-24 08:00:00,31.565275129980208,-104.3292946379324,Clear,27.190715850295383,5.80769779973642,0.0,Night
2,2023-06-24 09:00:00,35.35993889133106,-97.41249628303702,Fog,32.16778878085749,1.2212037617558797,0.0,Night
2,2023-06-24 10:00:00,42.63777321487894,-78.547840881041,Rain,23.28947805160056,9.085704851135187,0.07409156460626636,Day
2,2023-06-24 11:00:00,41.87846908121928,-112.78150547325447,Cloudy,11.154809439148579,6.07904499482933,0.0,Day
1,2023-06-24 12:00:00,42.62251530106889,-84.98045329673216,Rain,-6.862222433247242,7.712646202370914,0.0535372276850011,Day
2,2023-06-24 13:00:00,43.71161386162429,-102.35998907242264,Thunderstorm,29.398372250722296,7.426085073660936,0.2503861010062093,Night
3,2023-06-24 14:00:00,43.66606182974549,-110.21684205433056,Cloudy,35.262681952044574,9.605262702182571,0.0,Day
2,2023-06-24 15:00:00,41.55748746680864,-103.07807649964188,Clear,15.57932307766001,7.762198804271492,0.0,Night
2,2023-06-24 16:00:00,38.7363549664518,-93.33620292899627,Fog,16.625523722789502,1.6959494872729906,0.0,Night
1,2023-06-24 17:00:00,38.42323899957167,-73.92929857412497,Cloudy,10.164349207303385,6.597525168579064,0.0,Night
3,2023-06-24 18:00:00,30.19379301949939,-88.58656879776981,Clear,32.84413054169295,9.793473508843306,0.0,Day
2,2023-06-24 19:00:00,40.838554020895444,-89.6459435172292,Cloudy,-9.259834801820995,8.061869078696173,0.0,Day
2,2023-06-24 20:00:00,33.40015072859003,-114.56294815714986,Cloudy,21.227427480759257,5.02490191795629,0.0,Day
1,2023-06-24 21:00:00,42.43046128340094,-116.0099513993314,Fog,35.37065488793689,1.3123288210642419,0.0,Day
4,2023-06-24 22:00:00,38.30706127738832,-113.52682015947245,Cloudy,-4.83888372338663,6.819326941526006,0.0,Night
2,2023-06-24 23:00:00,44.808718198481735,-115.22271800677676,Clear,37.9582268698994,5.160561021494161,0.0,Day
2,2023-06-25 00:00:00,33.154102261565285,-91.18177824645798,Rain,38.3839082017557,7.1577489275354225,0.3875573868607387,Night
2,2023-06-25 01:00:00,40.85198041840303,-97.36923751856887,Cloudy,36.4894482578077,8.86783244189315,0.0,Day
3,2023-06-25 02:00:00,38.21300652763981,-119.75039410510124,Clear,13.127304798596128,7.518947289781812,0.0,Day
1,2023-06-25 03:00:00,43.977102668900805,-102.44666735906753,Cloudy,9.148500151614869,8.197295430699974,0.0,Day
3,2023-06-25 04:00:00,33.98990562317867,-113.63179241515678,Snow,25.297386826101864,8.198707328601586,0.26863140370001337,Night
2,2023-06-25 05:00:00,30.8915639637068,-70.59402508781673,Clear,5.934510897204584,8.355096512417134,0.0,Night
2,2023-06-25 06:00:00,38.157984499540646,-96.9921220384123,Cloudy,-6.582792345230523,6.937980972842877,0.0,Day
2,2023-06-25 07:00:00,37.82419531561337,-98.69366806142365,Clear,35.07110816810156,6.850024195284226,0.0,Night
3,2023-06-25 08:00:00,34.6756082999094,-87.79128340664764,Clear,21.742802996587727,5.022922656726376,0.0,Night
2,2023-06-25 09:00:00,44.79806696525562,-102.14532482313862,Clear,0.35772491456339317,5.771112302644605,0.0,Day
3,2023-06-25 10:00:00,31.045671362311882,-84.22426860186356,Clear,-9.07957193258578,9.754051063907758,0.0,Day
1,2023-06-25 11:00:00,38.54280146925076,-74.76031080953979,Snow,26.175798346565394,9.212083578941048,0.02992928900135631,Night
4,2023-06-25 12:00:00,33.90325367806115,-95.05513567090377,Clear,32.63999613821978,6.375542186949515,0.0,Day
1,2023-06-25 13:00:00,30.02868017485435,-100.85384892729965,Rain,10.282378782416355,7.005959744628916,0.34340659694856757,Night
2,2023-06-25 14:00:00,44.81773706227456,-93.90515781460309,Clear,-5.955089457342746,9.699606616923166,0.0,Night
2,2023-06-25 15:00:00,37.22419255063552,-89.82236523355965,Thunderstorm,22.431061885017492,6.252222397767886,0.44975694362124896,Day
2,2023-06-25 16:00:00,42.85785740244272,-77.61486974811503,Cloudy,4.846452611744931,7.662664846444649,0.0,Day
2,2023-06-25 17:00:00,42.60100859476702,-100.27602743254772,Rain,-2.8026637524861533,5.110398920277023,0.30862873951607933,Night
2,2023-06-25 18:00:00,42.184175499962535,-117.42842645498774,Clear,15.51982776031172,8.098674181764032,0.0,Night
1,2023-06-25 19:00:00,36.885258791221915,-88.46330882917512,Cloudy,14.092186244612897,9.650367990871974,0.0,Day
2,2023-06-25 20:00:00,43.43889476782534,-70.65608854399146,Clear,15.838520453867996,9.42371692420011,0.0,Day
1,2023-06-25 21:00:00,35.50908343577265,-77.28816352876564,Fog,31.196616177959953,1.9198355305798616,0.0,Night
2,2023-06-25 22:00:00,36.12580377401555,-82.08720098735847,Cloudy,14.227294123884281,8.24820986138583,0.0,Night
1,2023-06-25 23:00:00,33.835577937761514,-111.17490064924202,Cloudy,35.02702898729316,7.848990970066428,0.0,Day
1,2023-06-26 00:00:00,36.72127613853871,-82.56903904960912,Rain,32.09053098110829,5.334871220770878,0.28909564931371545,Day
1,2023-06-26 01:00:00,44.79750304217115,-115.92617007121979,Clear,22.5557974641601,5.793617434383729,0.0,Night
2,2023-06-26 02:00:00,38.59860993380391,-95.30410141975497,Rain,-7.157407119734701,9.819086573848798,0.42317113184744376,Night
3,2023-06-26 03:00:00,42.46646624279348,-101.45501247533963,Rain,33.24721947314177,6.279843484358366,0.42802065371571274,Night
4,2023-06-26 04:00:00,33.95014376317868,-74.73568336390198,Rain,35.27860147233705,6.922246080481997,0.3690651264585532,Day
1,2023-06-26 05:00:00,44.33881037789284,-112.0082125397899,Cloudy,8.752356725514641,7.544721539772536,0.0,Day
2,2023-06-26 06:00:00,30.197598280757937,-80.55574982228794,Clear,16.307587982830416,9.895660646966707,0.0,Day
2,2023-06-26 07:00:00,43.95367828372488,-117.57440490529102,Clear,4.051033531926361,8.449967531148882,0.0,Day
2,2023-06-26 08:00:00,43.47005835458326,-84.91226197638203,Snow,-9.264183299630403,8.147992488651827,0.46648406190858194,Night
2,2023-06-26 09:00:00,31.010343246603373,-105.31108967759741,Cloudy,13.972553065956543,7.621999862204296,0.0,Day
1,2023-06-26 10:00:00,39.072700909644986,-71.20432885527339,Cloudy,-3.5320513311184376,8.503372072972786,0.0,Night
2,2023-06-26 11:00:00,41.77866078698429,-86.41282800203189,Fog,-0.8337644886708713,1.6693717501619112,0.0,Night
2,2023-06-26 12:00:00,36.0571182141476,-104.55472593924885,Clear,14.035540581113079,9.51420446130491,0.0,Night
1,2023-06-26 13:00:00,31.3778597100308,-108.22394878821964,Fog,33.35191704900111,0.7724615211011983,0.0,Night
2,2023-06-26 14:00:00,42.44099891287547,-88.0345611559418,Thunderstorm,32.23163358771412,7.107512940952449,0.3015158163264044,Night
2,2023-06-26 15:00:00,36.997474763140396,-106.36347775739414,Fog,38.2534210715017,1.6372632835760217,0.0,Night
1,2023-06-26 16:00:00,33.948751521253534,-110.65973237733247,Snow,14.134030926171896,8.998916673434092,0.024495593827166384,Day
2,2023-06-26 17:00:00,31.062831606437335,-87.61651471349033,Clear,17.600445485723114,5.8491821900604375,0.0,Day
3,2023-06-26 18:00:00,39.6025776693043,-83.78564776811726,Clear,31.105811715500437,6.183959989282278,0.0,Night
3,2023-06-26 19:00:00,30.63452791608859,-108.09858466181021,Rain,24.983670519983626,9.793191306498528,0.4088378440628443,Night
2,2023-06-26 20:00:00,41.86640796276045,-93.20637668074207,Clear,-0.8588946548830378,7.220547691911924,0.0,Night
2,2023-06-26 21:00:00,41.56128006467043,-86.81852253095715,Clear,9.908737604497812,7.598303482655949,0.0,Night
2,2023-06-26 22:00:00,34.84414051403245,-72.90416442369866,Rain,36.457964603824486,6.5508006228990485,0.3558844429317004,Night
2,2023-06-26 23:00:00,37.084310128122894,-79.82833530578851,Clear,-2.693642835360862,7.405355114486767,0.0,Night
1,2023-06-27 00:00:00,40.03829408723021,-98.95925748761482,Fog,0.4678187013200201,0.614734659881198,0.0,Day
2,2023-06-27 01:00:00,44.3868578409588,-77.77963280999157,Snow,10.033002096052897,7.411725487318376,0.13011174218270868,Day
2,2023-06-27 02:00:00,37.80226537495439,-97.91530064261654,Snow,36.99370663830518,6.573923399793326,0.3715306865176035,Day
2,2023-06-27 03:00:00,44.950196087306644,-113.49366737538728,Rain,-4.309092919132665,5.480005021971882,0.23295079307870653,Day
4,2023-06-27 04:00:00,34.87658683232654,-102.94497746347442,Fog,23.647118334653072,0.5246096430904231,0.0,Day
3,2023-06-27 05:00:00,37.897379199206405,-79.76379946757922,Snow,-3.3938738043967156,9.358289114009478,0.2941479770671476,Day
1,2023-06-27 06:00:00,31.73423337025057,-72.20976115687444,Cloudy,16.225051779189346,8.95682471674861,0.0,Night
1,2023-06-27 07:00:00,38.34659361108558,-70.82081227048998,Clear,16.828175662006633,8.470354819212826,0.0,Night
1,2023-06-27 08:00:00,38.04469964342152,-88.0452503863979,Fog,-7.868694673290274,1.6516573552902085,0.0,Night
3,2023-06-27 09:00:00,42.7322087168706,-96.08290213114475,Snow,37.705889538578646,9.48698393061225,0.25249396414136915,Day
3,2023-06-27 10:00:00,44.9482737637821,-111.89714679403288,Cloudy,30.331131511792577,8.95850756398525,0.0,Night
4,2023-06-27 11:00:00,44.7926716863037,-114.87378463513976,Clear,5.142710076312799,9.080054209122313,0.0,Night
2,2023-06-27 12:00:00,33.544517935276936,-94.07488971663355,Cloudy,-3.4687854095132327,6.547752364997333,0.0,Day
3,2023-06-27 13:00:00,35.076683304936786,-83.61104574392377,Clear,7.281335651202433,7.117291367011991,0.0,Night
2,2023-06-27 14:00:00,34.11985500491927,-103.80389685622502,Fog,34.71382731221168,0.948879208413395,0.0,Day
3,2023-06-27 15:00:00,32.99519327006062,-86.26616360719277,Thunderstorm,-3.3658201578349995,6.855311516038769,0.3083542297284425,Night
3,2023-06-27 16:00:00,32.25204019824625,-91.45948003795391,Clear,7.465854916238797,7.469873266377405,0.0,Night
2,2023-06-27 17:00:00,37.67616018851797,-72.9625569141973,Rain,14.71522123324145,8.232564838525617,0.13231396554335217,Night
2,2023-06-27 18:00:00,43.087481735953546,-109.52215342515224,Clear,-8.35578416066718,7.188792007921405,0.0,Day
3,2023-06-27 19:00:00,38.84801352391194,-90.44707666360206,Rain,3.40168563256508,8.96519803581445,0.46441980477395906,Day
2,2023-06-27 20:00:00,43.089954754302966,-99.31015466930396,Clear,19.781694678385897,5.5813941944225745,0.0,Day
1,2023-06-27 21:00:00,44.392419418754855,-106.92122251260596,Rain,6.198229060792613,8.590282548910086,0.13925436190783969,Day
1,2023-06-27 22:00:00,35.74712131432652,-102.13538526322588,Clear,33.52627201766296,5.72605030305639,0.0,Night
2,2023-06-27 23:00:00,42.535017100756846,-105.27325225477021,Clear,36.83827093596077,9.68919827464263,0.0,Night
2,2023-06-28 00:00:00,30.785028284096164,-93.61756973411565,Cloudy,12.07714327248619,6.570188403474794,0.0,Day
1,2023-06-28 01:00:00,37.21609729032325,-92.09728472783947,Clear,16.60102377081111,8.977161805197355,0.0,Night
1,2023-06-28 02:00:00,35.524447811008066,-76.72299663322922,Cloudy,21.540413415550496,7.60708489054338,0.0,Night
2,2023-06-28 03:00:00,33.07277829246349,-80.9347093850312,Clear,23.226748304739488,5.455435332939371,0.0,Night
2,2023-06-28 04:00:00,36.57589214465013,-104.87423860030823,Cloudy,-6.83710277997577,7.912934271955498,0.0,Day
1,2023-06-28 05:00:00,36.65553803118516,-73.43373571822835,Fog,-7.316028486692025,1.2480757043120076,0.0,Day
1,2023-06-28 06:00:00,42.128093893901735,-76.58236133892193,Snow,33.2793837123877,5.78617202218952,0.260026332388044,Night
1,2023-06-28 07:00:00,43.03377917506067,-88.70685184960442,Fog,0.9936023396344389,0.5918631598272404,0.0,Night
1,2023-06-28 08:00:00,39.85425636484533,-119.06857336584387,Fog,19.205275147190413,1.8333474443774467,0.0,Day
3,2023-06-28 09:00:00,39.50082236169841,-109.54316913701545,Clear,21.233590725680425,6.375265316703269,0.0,Night
1,2023-06-28 10:00:00,31.65273575719105,-80.53403738064839,Clear,-1.7767861299879648,9.718897373681806,0.0,Night
3,2023-06-28 11:00:00,38.62892718151005,-97.31196010656068,Cloudy,28.079831338482492,6.8875013240423275,0.0,Night
2,2023-06-28 12:00:00,34.1166715209894,-113.70247410528123,Fog,33.297280914883544,0.85379406945653,0.0,Night
4,2023-06-28 13:00:00,34.42144092164123,-99.58701645210579,Thunderstorm,4.268884065884896,6.11958382185033,0.2918261112726873,Day
1,2023-06-28 14:00:00,31.421619783961372,-109.40484380899987,Clear,33.89200904617186,6.0985296874082415,0.0,Night
1,2023-06-28 15:00:00,39.53802229330619,-75.37163015423315,Clear,-5.948141561771772,5.879246678019696,0.0,Night
1,2023-06-28 16:00:00,38.75712614276202,-75.53707978446805,Clear,30.02319631036184,7.174061317633616,0.0,Day
1,2023-06-28 17:00:00,33.30408850747291,-100.6468908945665,Rain,22.00555804718467,7.6642910114502705,0.08040145381383741,Day
2,2023-06-28 18:00:00,33.94555385330953,-113.13032494564624,Cloudy,19.155539469265868,5.053740828757909,0.0,Day
1,2023-06-28 19:00:00,41.595017790921844,-102.05843831008733,Clear,1.5066372412474074,9.164617138065573,0.0,Night
1,2023-06-28 20:00:00,41.894000454463324,-113.56300175115813,Cloudy,8.092090138999247,7.563769462655494,0.0,Day
3,2023-06-28 21:00:00,37.396269720807204,-104.79770025812957,Rain,35.51521921351046,5.78604961708216,0.04004728158918323,Day
2,2023-06-28 22:00:00,32.23504043438647,-81.44092321404814,Rain,13.287054321287538,5.336466562514944,0.40448535880577025,Night
1,2023-06-28 23:00:00,30.83388571622617,-105.40267805679933,Clear,19.719004218139766,5.31599648564664,0.0,Night
1,2023-06-29 00:00:00,34.07203294647664,-92.78990293465205,Fog,36.79257663980109,1.8219859397049318,0.0,Day
1,2023-06-29 01:00:00,40.967786743408645,-114.05633140568573,Cloudy,13.324422016162107,7.496460739854895,0.0,Night
4,2023-06-29 02:00:00,39.01224948508176,-102.6187278917088,Snow,9.41346191967044,9.301197680014992,0.12626805681239248,Night
3,2023-06-29 03:00:00,40.77160153133126,-118.01811663778724,Snow,34.660105552406044,9.514827134454517,0.2906604931325268,Day
3,2023-06-29 04:00:00,37.07621971197405,-92.59158692677285,Clear,35.54439772528055,9.161639599897018,0.0,Night
4,2023-06-29 05:00:00,41.320588230406415,-102.6188407063033,Clear,7.731912965099429,6.642817340603618,0.0,Day
2,2023-06-29 06:00:00,37.212086914029506,-76.39980433854797,Rain,19.599484127510344,6.532788758530497,0.2062717530110978,Day
1,2023-06-29 07:00:00,31.260221290238654,-100.37236998273605,Clear,38.1863886416619,9.937291725774989,0.0,Night
2,2023-06-29 08:00:00,31.197874430898967,-92.11124402594862,Snow,-7.2264652430301854,8.406403149937294,0.10762095690142769,Day
3,2023-06-29 09:00:00,42.472540788640444,-71.16779361586806,Rain,-8.009879023970809,6.524759706287709,0.4546608031508672,Day
3,2023-06-29 10:00:00,39.44436501308764,-87.86470344076514,Snow,15.829025443449037,6.645400761624018,0.057265450856987136,Day
2,2023-06-29 11:00:00,34.18690588665616,-94.97640026217118,Clear,4.562007181329422,7.173222196553485,0.0,Day
2,2023-06-29 12:00:00,41.3576315706277,-115.0937635119006,Clear,19.092494246707513,8.109033489124187,0.0,Night
4,2023-06-29 13:00:00,32.03602961374902,-78.9517854566439,Rain,26.214767646679732,9.489895799858395,0.4322745748034749,Day
1,2023-06-29 14:00:00,39.678651888135875,-87.88083306079395,Clear,-6.5462831239513815,5.991535598482046,0.0,Day
3,2023-06-29 15:00:00,44.84228924641752,-114.57378424854379,Rain,34.11837379010974,5.422016988422313,0.4403212703711533,Day
1,2023-06-29 16:00:00,32.25029319524096,-107.71654246120148,Snow,3.8443500618477984,7.0287606197711625,0.084334785879245,Day
2,2023-06-29 17:00:00,32.12917312878383,-93.11762692812337,Cloudy,9.067374109009709,6.227277413052883,0.0,Night
1,2023-06-29 18:00:00,37.017516167630305,-117.7468783344853,Rain,6.851837598202511,7.880163367195516,0.3435423120794826,Day
2,2023-06-29 19:00:00,39.63992112600566,-84.08449518075416,Clear,31.99174290445994,8.496074185737108,0.0,Night
2,2023-06-29 20:00:00,30.398195044499143,-108.61030777724288,Clear,-1.4673899918949598,6.553679768587149,0.0,Night
2,2023-06-29 21:00:00,37.49506367942226,-95.51447127941323,Thunderstorm,-8.566339084417637,8.427256444309943,0.32765525196924944,Night
3,2023-06-29 22:00:00,31.247555276329315,-107.91782955189929,Thunderstorm,38.59008058596146,6.715736274289033,0.4397529930577973,Night
2,2023-06-29 23:00:00,33.61985665204216,-95.54065488125079,Cloudy,39.0316237610552,8.17484069833131,0.0,Day
3,2023-06-30 00:00:00,40.68596429686705,-110.51604971083587,Fog,2.8846414940092906,1.6486201400514637,0.0,Night
1,2023-06-30 01:00:00,41.0829742136514,-90.30397003569418,Cloudy,-9.532368244787234,6.390798517108219,0.0,Day
3,2023-06-30 02:00:00,40.94598675854837,-74.4796636282482,Clear,22.295855109666682,8.178613758551018,0.0,Night
1,2023-06-30 03:00:00,30.97719501073159,-79.6332026970444,Clear,22.423164138238477,6.904775478618279,0.0,Night
1,2023-06-30 04:00:00,41.801446631105634,-107.92396180409267,Fog,37.01783572328601,1.3607822493533468,0.0,Night
1,2023-06-30 05:00:00,36.48310507315754,-95.09452571662013,Clear,4.923525537128013,6.446438735332463,0.0,Night
2,2023-06-30 06:00:00,37.129643700767176,-98.84457905109952,Cloudy,-0.5247911051756287,6.7282263006714444,0.0,Day
3,2023-06-30 07:00:00,36.295357093582446,-71.72624403055548,Cloudy,20.81911735915289,8.93372446030574,0.0,Night
1,2023-06-30 08:00:00,42.85533562513822,-80.05894363316833,Rain,18.18355327792147,6.225894070862585,0.4436912184929888,Night
2,2023-06-30 09:00:00,40.19955544618999,-114.62856681590137,Cloudy,25.886839685330813,8.409937025731548,0.0,Night
3,2023-06-30 10:00:00,37.50038762535678,-111.57237996432862,Clear,34.256370164522274,9.5031029249045,0.0,Day
2,2023-06-30 11:00:00,42.51430532889319,-84.8985802833647,Clear,17.987259373999475,6.75214470517281,0.0,Night
3,2023-06-30 12:00:00,42.08045244604309,-112.00709121836367,Cloudy,-2.496237010310411,5.147560322474502,0.0,Night
1,2023-06-30 13:00:00,30.075662457593946,-72.47657252450178,Rain,19.906447168082146,5.12303014562495,0.09951757810459749,Night
3,2023-06-30 14:00:00,37.18319946937641,-70.3526575120064,Cloudy,8.705078371562898,5.6975144417515216,0.0,Night
1,2023-06-30 15:00:00,30.633691643817198,-81.08145668594196,Rain,12.636751430455178,5.550224215493328,0.03928563774425965,Night
4,2023-06-30 16:00:00,34.607797224260736,-118.65998803422964,Clear,37.9742195444583,8.740426249357167,0.0,Day
2,2023-06-30 17:00:00,42.057560151937665,-95.86366113250007,Fog,17.747352712126883,0.673387790586933,0.0,Night
2,2023-06-30 18:00:00,44.160785281618956,-99.69602453500552,Cloudy,-2.517642056052879,8.262548868003421,0.0,Night
1,2023-06-30 19:00:00,33.63099991026785,-80.02321791729517,Clear,12.157930356225801,5.2122771786268185,0.0,Day
1,2023-06-30 20:00:00,30.321377232522913,-105.64958360477841,Cloudy,1.4215251308081474,6.478701380390713,0.0,Night
1,2023-06-30 21:00:00,36.03504515661322,-100.6936978413161,Snow,-3.225875283353499,6.170731173386402,0.47699551537880414,Night
2,2023-06-30 22:00:00,35.026782580197576,-115.32493271982729,Fog,25.61170561675165,1.116085354943642,0.0,Night
1,2023-06-30 23:00:00,40.15449274093262,-102.86819567244662,Clear,21.428453456945,5.953588845668997,0.0,Day
3,2023-07-01 00:00:00,37.42586508672604,-71.3073077425467,Rain,14.889443325888085,8.0895801055116,0.0845636508954335,Day
1,2023-07-01 01:00:00,35.98270895207307,-72.89250729904222,Clear,11.161914789542312,8.313364348283335,0.0,Day
3,2023-07-01 02:00:00,33.44333396560249,-82.48703969306624,Clear,6.110886541043907,5.742327452416301,0.0,Day
1,2023-07-01 03:00:00,42.42720597875544,-74.63681722345724,Cloudy,-5.599564389074887,8.70572992307379,0.0,Night
1,2023-07-01 04:00:00,33.72583930209345,-109.4414746572752,Rain,4.963482376509674,6.250227381293145,0.47189757313204794,Night
3,2023-07-01 05:00:00,30.82102468565308,-88.90840657336204,Rain,31.91973114808929,6.414612512497827,0.17756970477446235,Night
3,2023-07-01 06:00:00,38.46915762696017,-95.00138808875411,Clear,29.1837697293656,9.144041694218112,0.0,Night
2,2023-07-01 07:00:00,34.76023119314747,-98.86549798160956,Clear,38.61588619706207,9.50582957635596,0.0,Night
1,2023-07-01 08:00:00,40.68652706159717,-103.75824315201208,Cloudy,22.803355606551932,9.123781567342117,0.0,Night
2,2023-07-01 09:00:00,31.213075026387532,-76.68402039969564,Clear,17.681987878419644,5.738814101754645,0.0,Day
2,2023-07-01 10:00:00,44.49461346637845,-95.77474055035792,Clear,4.802224162143501,9.996338175482599,0.0,Night
2,2023-07-01 11:00:00,32.802870234051234,-83.79832552654868,Clear,-6.156987874321992,8.36077707391184,0.0,Day
2,2023-07-01 12:00:00,35.35585345959734,-84.70248780970097,Cloudy,20.900916924309072,7.553343107703521,0.0,Night
2,2023-07-01 13:00:00,37.21432440077659,-113.1964441476057,Clear,14.408109583788601,9.774207038767178,0.0,Night
1,2023-07-01 14:00:00,43.351762632366615,-117.55321507185369,Cloudy,27.953725669880534,9.086901977132968,0.0,Night
4,2023-07-01 15:00:00,40.83811329998659,-78.00184132024876,Clear,10.592896420781802,8.458715198143683,0.0,Day
3,2023-07-01 16:00:00,32.17242697041495,-95.4839981081058,Clear,39.277567893218496,9.191986242410668,0.0,Day
1,2023-07-01 17:00:00,36.57920437420218,-79.49572341617106,Rain,9.880602743171693,6.927332916389631,0.3891746404772421,Night
2,2023-07-01 18:00:00,38.14367797488723,-105.14673761688925,Clear,6.653581745579039,8.422192227201068,0.0,Day
1,2023-07-01 19:00:00,40.531885864200504,-76.90840143587756,Cloudy,33.54931883752902,5.95290009364884,0.0,Night
3,2023-07-01 20:00:00,38.5772149739601,-78.45897575618251,Clear,9.775321150946755,9.94000317633551,0.0,Day
2,2023-07-01 21:00:00,36.86002330018016,-100.9164286169654,Cloudy,33.54486595603401,7.944908500467017,0.0,Night
1,2023-07-01 22:00:00,41.48321474441955,-99.4150969131889,Clear,-8.632285718807488,9.071186237176537,0.0,Day
1,2023-07-01 23:00:00,35.67086442714981,-102.45538002742633,Clear,24.629665553279388,7.03669940265517,0.0,Night
1,2023-07-02 00:00:00,44.80759061912154,-118.25887133929726,Cloudy,-6.407356325045135,8.792944096375903,0.0,Day
2,2023-07-02 01:00:00,44.21673762331293,-85.61697043861352,Fog,-2.588376845752407,0.5238116326907717,0.0,Day
3,2023-07-02 02:00:00,40.6107060689742,-106.36337253727585,Clear,25.003750993479557,7.950025434802914,0.0,Day
1,2023-07-02 03:00:00,43.2391788630268,-75.7993128818747,Cloudy,4.486167060676236,8.89067407843156,0.0,Night
1,2023-07-02 04:00:00,35.89763274105549,-75.1311426189237,Rain,0.5216700639699727,5.5823695664811925,0.32445419457033575,Night
2,2023-07-02 05:00:00,38.722053317969674,-83.87103969390941,Cloudy,30.07630688146721,6.783929256848241,0.0,Day
1,2023-07-02 06:00:00,34.089827460463894,-110.92180055162649,Snow,37.31234320868485,7.724684744880484,0.08776432905558484,Day
2,2023-07-02 07:00:00,43.28458955072351,-115.53537537686528,Clear,1.6190324269150658,6.669988530440847,0.0,Night
2,2023-07-02 08:00:00,37.065375572924566,-79.17767022713083,Thunderstorm,5.859797811784265,6.545836173778294,0.04684449537386063,Night
2,2023-07-02 09:00:00,38.04215417819505,-75.3466945569028,Clear,25.70366530032051,6.40832044791356,0.0,Night
4,2023-07-02 10:00:00,42.968511969104036,-102.39804376330773,Clear,30.764643527793808,6.138959109046808,0.0,Night
4,2023-07-02 11:00:00,41.95917761879,-102.35220331369464,Fog,39.95811501636463,1.3671381811898378,0.0,Night
2,2023-07-02 12:00:00,34.826147975278076,-100.4862046315733,Cloudy,3.6685361626799615,9.618445647002963,0.0,Day
3,2023-07-02 13:00:00,31.311414053369756,-78.61888466167767,Cloudy,17.830929437676023,8.50084724078164,0.0,Day
4,2023-07-02 14:00:00,32.43139803019592,-84.64640212496096,Rain,-3.299052927264797,5.149997563825384,0.2889800028015955,Day
1,2023-07-02 15:00:00,35.086437798594844,-113.90118329487865,Cloudy,6.54200525492487,8.93116597564501,0.0,Night
1,2023-07-02 16:00:00,34.57936244747346,-88.26547136771192,Clear,-7.751571438769858,7.6596992055768265,0.0,Day
1,2023-07-02 17:00:00,30.574658238868956,-119.51111700209239,Rain,0.541927141817526,8.79055043941803,0.39610543103004925,Day
2,2023-07-02 18:00:00,36.48097709857294,-84.48068974863432,Clear,15.327248839229622,7.186691868314148,0.0,Night
3,2023-07-02 19:00:00,31.587755053049676,-81.76838413129485,Snow,-1.8120438576478506,5.206409574442599,0.10463019172923088,Day
2,2023-07-02 20:00:00,33.31334579213548,-79.25257901507989,Thunderstorm,34.46916550863046,8.40872492938399,0.035653680591041396,Day
2,2023-07-02 21:00:00,41.81224766132824,-88.71786890977218,Clear,25.515450571482397,7.2206424626436325,0.0,Day
2,2023-07-02 22:00:00,37.42319320758576,-110.97059477923102,Cloudy,-8.613199873028446,9.370217477726232,0.0,Day
1,2023-07-02 23:00:00,35.59429583740147,-80.31266096759197,Clear,33.83507778626069,8.690689684107138,0.0,Night
2,2023-07-03 00:00:00,32.78153001395802,-75.01047203790837,Clear,38.86604970977344,6.797808738889047,0.0,Day
1,2023-07-03 01:00:00,42.994201596111544,-88.31019284719413,Fog,15.09307848835018,1.8378301597660267,0.0,Night
1,2023-07-03 02:00:00,43.55534673539829,-106.24410630172348,Clear,5.730533877478885,7.476042997247654,0.0,Day
3,2023-07-03 03:00:00,37.78017025792294,-111.03196391576483,Cloudy,3.1732224700024663,5.997219761297726,0.0,Night
3,2023-07-03 04:00:00,43.819120758735565,-108.42684891484286,Snow,-5.629025289072567,7.099431597201109,0.42951036305430956,Day
3,2023-07-03 05:00:00,36.97183443792406,-119.15478729826015,Fog,14.580468903451546,1.8513413123529843,0.0,Night
3,2023-07-03 06:00:00,31.60863710400778,-119.4915704466716,Cloudy,-7.492998894863198,5.024882599691885,0.0,Night
3,2023-07-03 07:00:00,30.25559364079458,-105.1480789577132,Cloudy,15.191859566375918,6.23397886794573,0.0,Night
2,2023-07-03 08:00:00,31.925667092002495,-73.85201428631879,Rain,2.6274220362546536,6.047606629541251,0.2082533464222144,Day
2,2023-07-03 09:00:00,39.339844995297085,-88.93362720635768,Thunderstorm,13.821597778909176,5.021684543434508,0.19186499267728557,Night
2,2023-07-03 10:00:00,34.81357795455387,-100.69464704280425,Cloudy,10.919206317222688,8.919626840501088,0.0,Night
2,2023-07-03 11:00:00,39.7246350490481,-119.45762186398,Cloudy,5.255712600215061,5.384924690854261,0.0,Night
2,2023-07-03 12:00:00,37.619641848662056,-70.51499239876105,Clear,12.431911975833646,7.245295369694411,0.0,Day
3,2023-07-03 13:00:00,34.99518862156509,-97.20778060364775,Clear,13.701694462282617,7.089415878485324,0.0,Day
1,2023-07-03 14:00:00,33.280196992475396,-70.4248583175017,Cloudy,31.684588078761934,5.907040586527717,0.0,Night
2,2023-07-03 15:00:00,31.215656157141776,-83.99300223583919,Fog,23.289167171613506,1.120045093915917,0.0,Night
2,2023-07-03 16:00:00,41.73586592069801,-117.4380574440753,Fog,11.6578298840676,1.550798173387996,0.0,Day
1,2023-07-03 17:00:00,42.28506271748186,-77.04871799613821,Thunderstorm,35.26209687878682,9.06756522862418,0.3922362284554124,Day
4,2023-07-03 18:00:00,38.121762197640166,-93.48003025896614,Cloudy,27.78703882516541,7.480702786174751,0.0,Day
1,2023-07-03 19:00:00,32.35642009222184,-97.36357958986206,Rain,-6.214155144585511,8.614059586864565,0.4762496198449672,Night
2,2023-07-03 20:00:00,33.95293569159383,-82.10741494470241,Snow,-2.3127085367054843,9.84889604155879,0.10344227959584301,Night
1,2023-07-03 21:00:00,44.32717865237399,-81.25995336742568,Cloudy,-5.916605819456169,6.742027069015508,0.0,Day
3,2023-07-03 22:00:00,33.389111906888225,-80.17851251246286,Clear,5.943167988948941,7.521319263549727,0.0,Night
2,2023-07-03 23:00:00,30.852072007618123,-81.9731822542261,Cloudy,11.78233104015867,7.572684493460033,0.0,Day
2,2023-07-04 00:00:00,38.250742078687644,-87.93649740041434,Fog,15.212296137993718,0.6631523473306649,0.0,Day
3,2023-07-04 01:00:00,33.92870936328859,-86.21888423353468,Clear,32.57060993483895,6.165495731961066,0.0,Night
2,2023-07-04 02:00:00,44.361523542081876,-77.07087069821856,Fog,-9.102185710844253,1.248457035305652,0.0,Day
1,2023-07-04 03:00:00,38.6215184163308,-85.47296884226184,Clear,11.414420287256174,5.691148392278461,0.0,Day
1,2023-07-04 04:00:00,44.48722102056451,-114.93212501092015,Rain,10.549918684108164,9.635367660271239,0.4058677448979073,Day
3,2023-07-04 05:00:00,41.78364944668442,-87.72496859960731,Cloudy,37.37379683296511,7.951909595008493,0.0,Night
2,2023-07-04 06:00:00,40.846272084243395,-111.50031111358786,Rain,2.051845881209644,9.297057635197351,0.29435790049795946,Night
1,2023-07-04 07:00:00,42.45546875080096,-119.28735187913914,Cloudy,-3.879709404726553,9.476207721697538,0.0,Night
1,2023-07-04 08:00:00,39.07328301117826,-109.29166388626192,Fog,-2.8869893908012,0.8662394843459328,0.0,Night
1,2023-07-04 09:00:00,30.166819397814947,-112.27975082736353,Cloudy,16.007136196391446,8.410036356190993,0.0,Night
2,2023-07-04 10:00:00,35.8869717436923,-114.89521324422276,Clear,9.54519017527332,8.493603200144552,0.0,Night
1,2023-07-04 11:00:00,33.28527131682492,-109.25066125471574,Cloudy,27.70710141819947,7.3024041175437935,0.0,Day
1,2023-07-04 12:00:00,36.514690100928085,-91.82153302498222,Clear,6.159118607677144,7.174191236513324,0.0,Day
2,2023-07-04 13:00:00,37.058242862489315,-112.42650984735037,Clear,-3.6019123998822593,5.930941094890715,0.0,Day
2,2023-07-04 14:00:00,31.91746600272922,-106.02808614958933,Clear,9.343789486051698,6.919572802506046,0.0,Day
2,2023-07-04 15:00:00,30.35147323333544,-77.52039448935557,Fog,34.15178086612775,1.150579440830231,0.0,Day
2,2023-07-04 16:00:00,32.07300440022015,-75.59743627359765,Cloudy,10.276327671053135,6.349307885592429,0.0,Day
2,2023-07-04 17:00:00,42.86140697974792,-103.34578166067662,Rain,31.6813861237574,8.812204543380519,0.11905131776655876,Night
2,2023-07-04 18:00:00,41.33781292278389,-75.0524449554371,Clear,8.576504292679054,5.296737350283194,0.0,Night
4,2023-07-04 19:00:00,41.983393572869005,-90.71361149436052,Clear,4.069281195822736,7.337343987038292,0.0,Day
1,2023-07-04 20:00:00,34.144599290010774,-108.68157977847379,Thunderstorm,28.74313649526728,5.292050659585728,0.10682722488152077,Night
2,2023-07-04 21:00:00,33.541487850133976,-82.28532974303181,Cloudy,0.46172638356883056,7.378999669039492,0.0,Day
2,2023-07-04 22:00:00,30.56058614035969,-73.89529276311009,Fog,1.591535308490574,0.8618162592456942,0.0,Night
1,2023-07-04 23:00:00,37.084026917150545,-87.03820862092533,Clear,-7.509358096201682,8.066473857419524,0.0,Night
3,2023-07-05 00:00:00,35.73613287730167,-109.93346356921228,Clear,-0.6077144359002773,7.9325454998944025,0.0,Day
1,2023-07-05 01:00:00,42.53829150472609,-115.70599616628081,Fog,8.940769680489932,1.431203782659729,0.0,Day
2,2023-07-05 02:00:00,40.228013377896545,-108.52940146469017,Rain,9.978634935745188,7.916431011006735,0.45959512998235164,Night
2,2023-07-05 03:00:00,32.164289022841224,-103.0745747290325,Clear,11.031404346578665,9.629995811755366,0.0,Day
1,2023-07-05 04:00:00,44.80732710640903,-103.3132347996485,Clear,13.984647311768718,8.91552307037178,0.0,Night
2,2023-07-05 05:00:00,41.55961099502633,-95.07270334931798,Snow,18.595530787957546,5.663282601611447,0.09612852992325577,Night
2,2023-07-05 06:00:00,40.8035627352553,-94.74153919840255,Cloudy,-0.5285487702271414,6.327365941530454,0.0,Day
3,2023-07-05 07:00:00,33.24923373910711,-96.42836941924318,Rain,20.69720915380329,5.131152988843968,0.07039070472796076,Day
3,2023-07-05 08:00:00,43.57734900924348,-102.8088062058545,Clear,6.827729373464429,6.930670007864037,0.0,Night
1,2023-07-05 09:00:00,37.108811662316484,-114.65847630806476,Clear,26.700536756956417,7.547681268847252,0.0,Day
2,2023-07-05 10:00:00,34.4648392929973,-99.08408542507024,Thunderstorm,17.860222509315875,9.729731243910333,0.2937726792102,Night
3,2023-07-05 11:00:00,39.82250382157602,-70.71198287738379,Clear,17.713431341905302,7.611337161409092,0.0,Night
1,2023-07-05 12:00:00,33.17627941479609,-87.30625634577761,Cloudy,24.274349429643657,8.905140209714734,0.0,Night
2,2023-07-05 13:00:00,43.61348446107172,-98.01113263980977,Snow,6.650949547678369,6.340120062964506,0.33898159236424424,Night
3,2023-07-05 14:00:00,42.81515476600452,-115.82546859617621,Clear,11.46164702807377,5.765792186294158,0.0,Night
2,2023-07-05 15:00:00,36.97367054143735,-109.33756404687371,Cloudy,19.144893421644095,9.054181269131263,0.0,Night
1,2023-07-05 16:00:00,32.85986132448975,-91.26763529974122,Cloudy,11.07778102578628,6.237125726872957,0.0,Night
2,2023-07-05 17:00:00,37.447561853469914,-95.10630771759969,Cloudy,12.212873721687664,9.356675588355532,0.0,Day
2,2023-07-05 18:00:00,32.23707326336207,-119.04024687179646,Cloudy,3.624353639452158,5.849249378459815,0.0,Day
4,2023-07-05 19:00:00,34.04773327032565,-115.68820841170522,Clear,4.369251312828791,9.257932705075536,0.0,Night
1,2023-07-05 20:00:00,37.24098585886365,-102.19957094393055,Cloudy,24.947870350239306,8.86423790037225,0.0,Night
4,2023-07-05 21:00:00,30.31709611573209,-112.9587108584864,Cloudy,-9.785942898659712,8.05610336570302,0.0,Night
2,2023-07-05 22:00:00,41.48583905320302,-72.10786605113455,Rain,-5.235478889583075,9.25110338911308,0.32917206068248395,Night
1,2023-07-05 23:00:00,32.953723157784964,-118.29411525747018,Clear,37.440494475225286,6.6535505894123075,0.0,Day
2,2023-07-06 00:00:00,42.99916885928356,-71.29753136456804,Cloudy,-0.6490959068496576,5.830170728326939,0.0,Night
2,2023-07-06 01:00:00,30.333897411297915,-87.17231398696259,Thunderstorm,10.906044593743701,5.785203375522278,0.26165972542095234,Day
1,2023-07-06 02:00:00,37.98197536052671,-99.638613803214,Cloudy,32.4842568061501,6.35179456907852,0.0,Day
1,2023-07-06 03:00:00,41.649764324159165,-93.02837269381325,Rain,-9.994881373707656,7.231135660900264,0.280285404332206,Day
3,2023-07-06 04:00:00,33.56922649969012,-99.49376439243042,Cloudy,36.25895947354249,9.380114325406133,0.0,Night
4,2023-07-06 05:00:00,40.61329590316995,-91.33961874525522,Fog,-7.325568805181567,1.3034454279572367,0.0,Night
2,2023-07-06 06:00:00,40.81301736980118,-112.39969229335014,Fog,-1.4565475237994647,1.98829572969265,0.0,Day
1,2023-07-06 07:00:00,39.56765498871219,-113.99933955132664,Clear,-8.54482283337953,9.627473551700431,0.0,Day
3,2023-07-06 08:00:00,35.46379097095507,-93.57046619510841,Cloudy,15.976002311729925,8.636181953346467,0.0,Day
2,2023-07-06 09:00:00,41.77597197223835,-116.43301710776329,Clear,37.15471550427511,9.501418068129734,0.0,Day
1,2023-07-06 10:00:00,39.426505765130564,-105.3757848676549,Cloudy,31.951830579701827,8.849933150889811,0.0,Night
4,2023-07-06 11:00:00,38.85582313713814,-73.65524835307578,Clear,21.98742731323394,7.641504825778768,0.0,Night
1,2023-07-06 12:00:00,42.28741903750295,-76.189344582606,Snow,-0.7255681213201495,8.003751131129722,0.23358141329048032,Day
2,2023-07-06 13:00:00,33.669570646417654,-78.42988522961011,Clear,33.47985492634921,8.141122382387913,0.0,Night
2,2023-07-06 14:00:00,33.487319303341096,-94.64181567609012,Cloudy,27.738769556835948,5.634466404915555,0.0,Night
2,2023-07-06 15:00:00,35.79670330723402,-118.60576477012593,Rain,3.3423881773741595,5.9652706875875525,0.22106766756322377,Night
1,2023-07-06 16:00:00,31.09699603002821,-113.93153692990417,Clear,30.254458169792834,7.616843619350805,0.0,Night
2,2023-07-06 17:00:00,35.06090204027795,-74.02744625552987,Fog,33.85756690159244,1.200391082360487,0.0,Night
4,2023-07-06 18:00:00,36.09408117800802,-78.17963339479127,Snow,24.911300621483562,9.824896480230557,0.1172640196697451,Night
2,2023-07-06 19:00:00,37.42587274290779,-101.17390889281396,Cloudy,-4.980792451473589,7.535636392572108,0.0,Day
2,2023-07-06 20:00:00,33.81020196151383,-83.55122325600055,Cloudy,39.21234216649001,6.9004307240652984,0.0,Day
1,2023-07-06 21:00:00,43.6026367155726,-77.27361033908556,Clear,-6.199950551700686,5.787700187957796,0.0,Day
3,2023-07-06 22:00:00,34.27617551665158,-88.98322002302243,Rain,22.72369940751169,7.082669487375932,0.2907667063440789,Night
4,2023-07-06 23:00:00,42.77326166269194,-77.32365266054677,Clear,-4.4737372397101876,6.5121309349627445,0.0,Night
3,2023-07-07 00:00:00,36.67428654366232,-107.76629960655215,Rain,35.27066793104109,5.439635856010173,0.4309188956416765,Night
2,2023-07-07 01:00:00,40.77235043885596,-96.89321266118449,Snow,7.498884171118938,9.835026476190107,0.01375869165199649,Day
4,2023-07-07 02:00:00,31.663535819758508,-91.04791075921783,Clear,15.575151119390288,6.324890480244734,0.0,Day
1,2023-07-07 03:00:00,38.16955830362414,-88.44212765433153,Fog,-1.061920781799472,1.2071447729482552,0.0,Night
2,2023-07-07 04:00:00,44.412388424142016,-70.65048387156655,Clear,17.328109489156887,5.456612509112114,0.0,Night
2,2023-07-07 05:00:00,39.99376814047163,-77.70343308122814,Fog,36.941995261949465,1.3706447954281378,0.0,Night
2,2023-07-07 06:00:00,42.30433890655466,-117.23695434789511,Clear,35.08165353165784,7.953757257802884,0.0,Day
3,2023-07-07 07:00:00,33.91605693266284,-111.54332977782207,Cloudy,-6.805203989888206,8.28436000188306,0.0,Night
2,2023-07-07 08:00:00,42.0025338133272,-87.14290183293221,Clear,8.912925323716866,8.908921803344342,0.0,Day
1,2023-07-07 09:00:00,35.26880071804263,-107.97449851790873,Snow,3.371568152108315,8.029576643325418,0.40640284632888235,Day
2,2023-07-07 10:00:00,37.276171500694716,-112.05160433796755,Cloudy,14.068073855654443,5.354537292066278,0.0,Night
2,2023-07-07 11:00:00,32.819365765598825,-86.66745589018345,Clear,31.686458116753485,7.147912118160763,0.0,Day
2,2023-07-07 12:00:00,37.28547582007306,-93.1787724333274,Cloudy,26.94258928247153,6.310150466655724,0.0,Day
1,2023-07-07 13:00:00,37.73552764958491,-79.7405011264335,Cloudy,7.19890960819237,7.433585103405919,0.0,Night
1,2023-07-07 14:00:00,39.33490767437765,-104.03194013968255,Rain,9.133291478109847,7.02162580840869,0.25352985247450893,Day
2,2023-07-07 15:00:00,43.029506914155554,-103.51480457439996,Fog,22.71274960041201,0.6353619765011258,0.0,Night
3,2023-07-07 16:00:00,34.57276732098346,-112.47540186438022,Cloudy,-0.28874155836760806,6.235237761048855,0.0,Day
4,2023-07-07 17:00:00,44.76205163637731,-87.3870926985696,Clear,-4.863598992775433,6.006505296389742,0.0,Day
4,2023-07-07 18:00:00,42.715349306333,-84.55540778524605,Clear,2.129423210546115,9.790431477252874,0.0,Night
3,2023-07-07 19:00:00,36.04383929287464,-113.07865886911806,Cloudy,-3.7983784323785095,9.747583069445898,0.0,Night
1,2023-07-07 20:00:00,33.39995462898304,-107.29432793409289,Cloudy,7.599212162366317,9.967324824588005,0.0,Night
3,2023-07-07 21:00:00,31.072418662035318,-112.28643413149801,Clear,36.87828920297131,7.841902897731686,0.0,Day
2,2023-07-07 22:00:00,33.51546281903436,-82.61615015004855,Clear,-3.985026198741611,5.565719802944993,0.0,Night
3,2023-07-07 23:00:00,43.26784382467564,-109.54511351820456,Cloudy,30.916107180453338,9.400838703685986,0.0,Night
2,2023-07-08 00:00:00,34.38047117133447,-112.38767177048214,Thunderstorm,16.732401571907634,5.725574921288203,0.3234512253996149,Night
3,2023-07-08 01:00:00,32.06969724438116,-116.50741462567059,Clear,21.645153825039856,5.777971630145781,0.0,Night
2,2023-07-08 02:00:00,30.34011884139521,-78.4350262886908,Cloudy,-1.4958815990959025,5.966987837430439,0.0,Day
1,2023-07-08 03:00:00,34.465205155167375,-113.80104255760082,Rain,-2.431334426405276,8.267094176965465,0.20383317820110067,Day
2,2023-07-08 04:00:00,33.242290652034036,-118.51664730677378,Rain,-1.862816159409471,5.535995266136612,0.2435436226942097,Day
1,2023-07-08 05:00:00,31.533035183179628,-116.78473398245266,Clear,23.353143819587395,8.89140814505883,0.0,Night
4,2023-07-08 06:00:00,44.2662870182277,-101.65845639358616,Cloudy,27.389413337086452,5.291257979790271,0.0,Night
2,2023-07-08 07:00:00,34.01432813184968,-90.16737296367852,Fog,36.01224722497595,1.12344085780639,0.0,Night
2,2023-07-08 08:00:00,30.092652442464477,-100.0897646219542,Clear,9.909617633356774,7.172435708332642,0.0,Night
4,2023-07-08 09:00:00,44.16413375305806,-97.22965397617389,Cloudy,13.098469205007007,6.895857509749503,0.0,Day
2,2023-07-08 10:00:00,38.67769779427367,-74.03472717368452,Clear,13.479750799790622,9.94854134198717,0.0,Day
2,2023-07-08 11:00:00,31.242194453926192,-82.05394193349679,Clear,3.4948951393283565,9.834319783593516,0.0,Night
1,2023-07-08 12:00:00,30.471329660834183,-102.94793483249074,Cloudy,6.411632732199834,5.948409036778128,0.0,Night
2,2023-07-08 13:00:00,31.61773595375864,-112.28427088514549,Rain,32.34101180383781,9.733327725392313,0.3834616135484031,Day
3,2023-07-08 14:00:00,38.872362799431734,-82.54137775268217,Clear,7.186109229296083,8.46130952005983,0.0,Night
3,2023-07-08 15:00:00,30.928074073566922,-91.32381113940437,Cloudy,33.45480509617426,7.04421582766617,0.0,Night
4,2023-07-08 16:00:00,38.52210895248062,-71.8876656419508,Cloudy,5.263385574152654,8.698154660804708,0.0,Day
1,2023-07-08 17:00:00,39.78811529797051,-74.57788261712992,Cloudy,6.994158127132515,9.500704828532733,0.0,Day
1,2023-07-08 18:00:00,32.21365172257511,-91.81786346721563,Rain,18.014043588945565,5.9007077689948755,0.17344127115464406,Night
1,2023-07-08 19:00:00,37.32649114124586,-116.50449032470844,Clear,-4.843657642838708,5.979921306888306,0.0,Day
3,2023-07-08 20:00:00,44.458198944501945,-118.4520159397512,Fog,36.10311335831045,1.228082448915457,0.0,Night
1,2023-07-08 21:00:00,42.54732669750487,-78.12397996869578,Cloudy,31.019991931925965,5.846058856675354,0.0,Night
1,2023-07-08 22:00:00,40.85046521216078,-85.0978937057278,Cloudy,23.525191375378867,6.801987428529079,0.0,Night
2,2023-07-08 23:00:00,37.76602686689006,-91.99213065718364,Snow,39.40625068490635,8.22845763531257,0.31202621281292875,Night
2,2023-07-09 00:00:00,35.91412133899486,-85.55373828128029,Clear,-9.200031932654898,9.064090626669273,0.0,Night
3,2023-07-09 01:00:00,36.771521041818346,-93.01065828719712,Clear,10.553015821616142,6.509674688426998,0.0,Night
2,2023-07-09 02:00:00,41.469150117787635,-91.0831132211383,Rain,32.91715291658371,6.408653419024191,0.4714836462044787,Day
2,2023-07-09 03:00:00,38.31446942637607,-108.70555192951832,Cloudy,11.65086398869957,8.898714821945887,0.0,Day
2,2023-07-09 04:00:00,41.469809779389436,-97.22477933318704,Fog,-9.737933159536468,1.9707197735158206,0.0,Day
3,2023-07-09 05:00:00,44.548094556495045,-119.44632287672896,Thunderstorm,-2.112294220202301,9.092376839344208,0.20258900513748895,Day
2,2023-07-09 06:00:00,39.60771226156966,-86.56331752695056,Clear,11.70362061933762,9.966901601646066,0.0,Day
2,2023-07-09 07:00:00,39.046553361153094,-103.38487208907405,Cloudy,23.39739304763618,9.898343379918586,0.0,Day
2,2023-07-09 08:00:00,36.09242922764751,-87.18379237813323,Cloudy,-1.867286580758872,8.313434774236445,0.0,Night
1,2023-07-09 09:00:00,32.951309297831074,-73.67691652223337,Clear,12.40215301491849,6.876066056887253,0.0,Night
3,2023-07-09 10:00:00,35.613011133707175,-90.4178342669461,Rain,-9.360573113222788,5.327449297383813,0.3609909112198,Night
1,2023-07-09 11:00:00,37.80145785773047,-103.5957498818195,Rain,13.875026111714863,8.690203163585304,0.442232801022244,Day
4,2023-07-09 12:00:00,30.522834859829175,-109.64206897899858,Cloudy,34.79622381195879,9.88983620526622,0.0,Night
1,2023-07-09 13:00:00,37.13707537233439,-107.41457570120158,Clear,19.838401576179503,5.339922316078141,0.0,Day
3,2023-07-09 14:00:00,42.93223991122468,-70.63514853289556,Clear,12.032781561358455,5.030838553103201,0.0,Night
3,2023-07-09 15:00:00,44.64936543800437,-89.23184747733029,Clear,-1.8870332152837808,9.158880982908588,0.0,Day
2,2023-07-09 16:00:00,42.83323008466275,-97.97272459613531,Snow,0.12092817582558268,5.511294810191186,0.4784438830129387,Day
2,2023-07-09 17:00:00,32.57972619024806,-108.45124882093307,Clear,-6.174502496496045,5.408114902227897,0.0,Day
2,2023-07-09 18:00:00,32.32519787647956,-81.34746416129705,Snow,27.120552178029996,9.551680341115894,0.06836276309650258,Day
2,2023-07-09 19:00:00,35.899683018593265,-100.6278328042358,Rain,-6.143236121259634,5.397804058359407,0.4680822791836576,Day
1,2023-07-09 20:00:00,33.381457058874766,-104.94366972484173,Rain,9.197441436710083,5.570088273877131,0.1549282316774704,Night
2,2023-07-09 21:00:00,40.139917561809185,-108.88476396605826,Cloudy,27.49223467563774,7.847868376348466,0.0,Day
3,2023-07-09 22:00:00,31.2683715671346,-110.71843841707299,Rain,25.641134970674756,8.784070865166456,0.027455204219508353,Night
1,2023-07-09 23:00:00,36.65578874305019,-106.33115119702673,Cloudy,18.876608329263746,6.997861293571136,0.0,Night
3,2023-07-10 00:00:00,34.20534369329115,-88.639852598514,Rain,18.565386706303403,7.102945803451952,0.34982794934073425,Day
2,2023-07-10 01:00:00,38.93104330499731,-108.00761137757765,Cloudy,-5.483595985404696,8.163129935755693,0.0,Night
2,2023-07-10 02:00:00,41.955975296909486,-116.97007934955765,Cloudy,-1.2542364122755032,7.527126474153906,0.0,Night
4,2023-07-10 03:00:00,43.85344712522205,-102.04877376355827,Cloudy,16.737222855360542,5.093141463888587,0.0,Day
2,2023-07-10 04:00:00,44.45779101333129,-90.75740459694386,Clear,7.40401641277899,5.567915931360999,0.0,Night
2,2023-07-10 05:00:00,35.267918009609915,-116.98909732124011,Cloudy,-9.053144945333049,7.908000077627014,0.0,Night
3,2023-07-10 06:00:00,42.83771672745704,-97.36874087519622,Thunderstorm,29.908336643958172,8.96831254848933,0.42744606707070815,Day
4,2023-07-10 07:00:00,38.879446030683155,-117.38556325471279,Clear,22.69066335537483,8.81551572714978,0.0,Night
1,2023-07-10 08:00:00,40.383831218161845,-81.59102170538493,Clear,6.289273333454833,8.700282796468226,0.0,Day
2,2023-07-10 09:00:00,42.76695849990524,-76.40587534173036,Clear,-5.089740135381301,8.85636308104067,0.0,Day
2,2023-07-10 10:00:00,31.95169814842623,-71.80959298252333,Cloudy,19.560038032101744,5.222217381622615,0.0,Night
1,2023-07-10 11:00:00,44.21110902048366,-85.43681681188002,Clear,7.427478428332254,9.475507824812944,0.0,Night
1,2023-07-10 12:00:00,38.210956356273385,-88.39678011272335,Cloudy,2.769466850407129,9.446415526058374,0.0,Day
2,2023-07-10 13:00:00,35.04004976312397,-85.29614572635757,Clear,26.07346265080794,7.659619945488069,0.0,Night
2,2023-07-10 14:00:00,35.080968906142346,-77.26759070463895,Clear,6.407503052471789,6.242971661343827,0.0,Night
3,2023-07-10 15:00:00,41.26500505017402,-79.6453605294135,Rain,-3.1975754201543607,7.960892363907167,0.4116718850538613,Day
3,2023-07-10 16:00:00,40.179897946949744,-98.07517830607193,Clear,14.082687391479674,7.789429631876432,0.0,Night
2,2023-07-10 17:00:00,40.942201369027515,-87.44634128868587,Thunderstorm,31.42328941247534,6.114786038451052,0.268510374677535,Night
1,2023-07-10 18:00:00,33.79493256636353,-111.90398596678028,Clear,32.48293920998137,8.015650894643347,0.0,Night
1,2023-07-10 19:00:00,32.5529432421492,-85.25371875320997,Cloudy,32.467158240017426,8.986470580503049,0.0,Day
2,2023-07-10 20:00:00,40.82789479539315,-83.46147357302551,Clear,11.045991970074084,9.03053432372628,0.0,Night
2,2023-07-10 21:00:00,34.4772109374224,-79.93450496956088,Clear,29.546710561971736,5.298489111399572,0.0,Night
1,2023-07-10 22:00:00,33.33654230380088,-79.11756992072056,Thunderstorm,32.511538398273004,5.985816559062322,0.3579174364550787,Night
2,2023-07-10 23:00:00,33.219127552196746,-98.00459736784896,Fog,12.976910509632326,1.7347939954103182,0.0,Night
4,2023-07-11 00:00:00,32.22601398841212,-74.82416089336867,Clear,5.936969446018972,9.299159727071512,0.0,Night
3,2023-07-11 01:00:00,36.40223483512767,-70.95248431294362,Cloudy,25.09822734052969,7.6060854122460775,0.0,Night
3,2023-07-11 02:00:00,33.914228625374214,-71.09794587669614,Cloudy,35.223463617799744,8.537628341674903,0.0,Day
2,2023-07-11 03:00:00,43.40798212825626,-90.71195208826799,Clear,38.60762425622561,5.105360053284503,0.0,Day
1,2023-07-11 04:00:00,40.33709455276647,-92.02586203819487,Clear,4.511240283857774,8.042104059426997,0.0,Day
1,2023-07-11 05:00:00,41.15793067077017,-97.1332904866373,Fog,37.808552806585865,0.8690822630463955,0.0,Night
3,2023-07-11 06:00:00,36.054157381527524,-105.0102952849946,Thunderstorm,14.964112335374665,8.30507303516369,0.36118785462852776,Day
2,2023-07-11 07:00:00,39.00314277196156,-103.31211069564404,Thunderstorm,5.301735215049023,9.6113785830016,0.4047309918792291,Night
2,2023-07-11 08:00:00,37.51196761056071,-109.21239475844106,Rain,39.41990551117645,7.830047290655369,0.49563319600959177,Day
1,2023-07-11 09:00:00,32.51177190783773,-72.21386860113803,Rain,33.8903987561922,9.216893688879638,0.0760303965892754,Night
2,2023-07-11 10:00:00,30.717805425761767,-89.00867023546493,Clear,24.620829463764522,5.620812041285737,0.0,Night
1,2023-07-11 11:00:00,40.2527768211126,-73.2768412346316,Clear,34.747111506081986,5.617566314434082,0.0,Night
1,2023-07-11 12:00:00,31.817586888413906,-100.643717214914,Clear,24.074393635245833,5.600896645978973,0.0,Night
2,2023-07-11 13:00:00,30.86023729810852,-105.09025677670336,Rain,12.020189922104745,7.444247760183545,0.3285828989779583,Night
2,2023-07-11 14:00:00,36.628009990074176,-113.36275355571189,Rain,37.40247785270025,6.651317804185576,0.2893185165048211,Day
1,2023-07-11 15:00:00,41.070395550128524,-104.98770457704657,Snow,38.16238388580465,8.59592926870518,0.35477330707062704,Night
1,2023-07-11 16:00:00,41.5330265884856,-75.49196962137609,Fog,5.708754864486918,0.8733663247698653,0.0,Day
3,2023-07-11 17:00:00,43.1020441007408,-90.8861900648687,Fog,7.71976672816653,1.797088354276984,0.0,Night
2,2023-07-11 18:00:00,32.98821033748146,-97.37609850505625,Thunderstorm,9.136022038270227,6.066052780492896,0.06649336030733156,Night
2,2023-07-11 19:00:00,44.78436590721979,-91.58752310231009,Clear,31.10729758586207,9.654384337645569,0.0,Day
2,2023-07-11 20:00:00,41.448136079461406,-75.36553674633808,Rain,29.55728254215512,7.639286690689913,0.025269553068246624,Night
4,2023-07-11 21:00:00,32.35820018925259,-110.35886647833027,Cloudy,39.1557552378064,8.599727765678775,0.0,Night
1,2023-07-11 22:00:00,42.610819289931165,-71.71703217572707,Clear,13.260683851618001,9.452529252175886,0.0,Night
1,2023-07-11 23:00:00,37.48438908727283,-86.69028100273854,Thunderstorm,26.83835470337975,9.949159660494512,0.03431912173252929,Night
2,2023-07-12 00:00:00,30.998195520597342,-77.23248929382541,Fog,32.83602349227374,0.8096583267157216,0.0,Night
1,2023-07-12 01:00:00,31.980626577438912,-93.72965651347819,Clear,1.0615219066988342,9.040313593418368,0.0,Day
2,2023-07-12 02:00:00,36.508399228639206,-108.16810639018135,Clear,21.02777137558162,7.83433532659121,0.0,Night
2,2023-07-12 03:00:00,37.95760217406121,-91.62828177833732,Rain,17.385383819859943,7.43226972997903,0.13830676039012296,Day
4,2023-07-12 04:00:00,44.21238625519892,-116.60302230589788,Cloudy,27.141350250019997,7.688562596381449,0.0,Day
3,2023-07-12 05:00:00,33.235687087472435,-77.39024182618954,Fog,24.77139913088346,0.8418989860057315,0.0,Night
4,2023-07-12 06:00:00,37.11156765364213,-87.52104493515452,Clear,30.63963054258187,7.1051405939734025,0.0,Day
1,2023-07-12 07:00:00,33.38834203916081,-105.85714469413433,Clear,5.557259517573197,8.618603452569939,0.0,Day
3,2023-07-12 08:00:00,38.376010333897014,-106.27653232387327,Clear,0.8178195836797055,6.248379079738296,0.0,Day
1,2023-07-12 09:00:00,43.63977109457672,-74.85969902541771,Clear,30.259936545371254,8.081907329030003,0.0,Night
2,2023-07-12 10:00:00,38.51625856744311,-77.95464503355007,Clear,8.028171551361499,8.564800888822148,0.0,Night
3,2023-07-12 11:00:00,37.65105808447429,-81.84456638044847,Fog,4.378677896328924,0.9346263331684304,0.0,Night
1,2023-07-12 12:00:00,41.251941103772765,-99.26040486317338,Clear,6.8409262763434775,6.6593857446879285,0.0,Day
2,2023-07-12 13:00:00,32.214203175464846,-76.37474576262545,Cloudy,-6.682300447448627,9.302995517580321,0.0,Night
1,2023-07-12 14:00:00,43.58422485652473,-107.6554938304486,Clear,28.657217307863377,9.726455856629318,0.0,Day
1,2023-07-12 15:00:00,38.66450959448752,-118.78730410904188,Clear,25.757982927003994,8.243396913708594,0.0,Day
4,2023-07-12 16:00:00,40.294641227218676,-98.36150207600284,Snow,17.634622691437,8.857165039615065,0.03204679717377166,Day
1,2023-07-12 17:00:00,42.28441141026599,-74.02373539134855,Cloudy,25.804248995360467,7.028534799094367,0.0,Day
1,2023-07-12 18:00:00,39.52556774839728,-91.43864923810088,Rain,8.656658337414761,9.760677098923463,0.3319524210294787,Night
2,2023-07-12 19:00:00,39.61807777890872,-108.52821246499839,Cloudy,4.768453805518977,8.35430727543212,0.0,Day
3,2023-07-12 20:00:00,40.944321614488544,-87.45893486493871,Clear,33.11504946740729,6.5507840430888375,0.0,Night
1,2023-07-12 21:00:00,30.783548346661657,-82.75071575359745,Cloudy,11.12272851446031,7.021306736170114,0.0,Day
2,2023-07-12 22:00:00,35.73315762259873,-92.48310861396865,Clear,-0.20439141076549383,8.08877757065788,0.0,Day
3,2023-07-12 23:00:00,44.444051173195305,-77.87009881791815,Snow,27.452195780617068,6.170675822561476,0.012136646637344118,Day
1,2023-07-13 00:00:00,33.86903782695214,-90.38137040413312,Clear,6.793592714309629,8.76957202170146,0.0,Night
2,2023-07-13 01:00:00,38.13383172410647,-115.19897056429375,Rain,0.5925650449863582,6.123457581348216,0.05400066037570156,Day
3,2023-07-13 02:00:00,32.63141193306247,-79.52274580423867,Clear,-8.6392861142054,7.958945978854697,0.0,Night
2,2023-07-13 03:00:00,34.84911472917878,-112.68219000007805,Rain,38.53008791407289,8.485032564974137,0.3029143117126161,Night
3,2023-07-13 04:00:00,40.75620064112249,-75.86224181580974,Fog,13.364469197388356,0.5459535383092149,0.0,Night
1,2023-07-13 05:00:00,39.64641036100588,-93.9077491367948,Cloudy,-1.912106348603018,8.669502078944666,0.0,Day
4,2023-07-13 06:00:00,36.21474542756849,-83.40666361884416,Cloudy,27.890557977536474,8.994125457761424,0.0,Day
4,2023-07-13 07:00:00,44.071142871408114,-71.39525440872369,Thunderstorm,34.382556402314826,9.56465900748924,0.3513371298067978,Night
1,2023-07-13 08:00:00,41.62570223224801,-98.40284282057279,Cloudy,16.398399629943057,7.988857806110362,0.0,Day
1,2023-07-13 09:00:00,34.018857435432594,-97.01390780110852,Clear,-8.582027060772893,9.231400053310082,0.0,Night
4,2023-07-13 10:00:00,36.98169470355243,-78.70770614036302,Clear,8.257148070062279,6.15936115512586,0.0,Night
2,2023-07-13 11:00:00,43.17051758704136,-114.48811222700735,Rain,2.1550817815880166,9.073665853959865,0.3087586297285149,Day
2,2023-07-13 12:00:00,30.336961701883393,-118.61505514482175,Rain,21.819873492798223,6.108433706532401,0.30148973462274986,Day
2,2023-07-13 13:00:00,38.72199427303067,-89.784172932019,Clear,15.942890087585141,9.6731460937139,0.0,Day
3,2023-07-13 14:00:00,33.47940616734595,-111.62401100559617,Clear,7.786842186633518,6.649866687288343,0.0,Day
3,2023-07-13 15:00:00,30.957301767798462,-107.21308861282772,Thunderstorm,22.425256903576873,5.859189990878065,0.2820667326539393,Day
1,2023-07-13 16:00:00,43.69291623033162,-71.18600405333615,Clear,19.22146410492007,5.74084380064601,0.0,Night
1,2023-07-13 17:00:00,42.24424534625595,-87.3425976342346,Cloudy,35.3245062230131,5.936361084689162,0.0,Day
3,2023-07-13 18:00:00,32.7794033820696,-77.21186610324426,Clear,19.840147614004152,7.23770154281583,0.0,Day
3,2023-07-13 19:00:00,42.55419734491381,-75.11044770414458,Snow,15.38559423558159,7.610746955400295,0.1848107728068702,Day
2,2023-07-13 20:00:00,32.19641109912119,-113.93249872336044,Clear,31.183504207703116,9.568929162619593,0.0,Day
4,2023-07-13 21:00:00,37.14242039788258,-73.6111240916319,Rain,0.12098346303216267,6.905074014638478,0.20521767331429785,Night
3,2023-07-13 22:00:00,40.88659950717357,-76.67404065732654,Clear,2.1782308919531186,6.0874115439352705,0.0,Night
1,2023-07-13 23:00:00,38.007083949598076,-117.73286820368318,Rain,29.17865675539953,8.719105559196908,0.31843756098652964,Day
3,2023-07-14 00:00:00,42.761710727143914,-71.13961898381439,Snow,12.117511351616926,5.67327203964303,0.25739029939094366,Night
2,2023-07-14 01:00:00,39.253167926293735,-97.08415248776211,Clear,10.461793104624949,9.46141686007594,0.0,Day
1,2023-07-14 02:00:00,36.47927470780795,-71.27557938244864,Cloudy,34.35389772389024,7.04699817604402,0.0,Night
2,2023-07-14 03:00:00,43.87743135343726,-78.80727732281602,Cloudy,20.505451714653407,8.0692074182749,0.0,Day
3,2023-07-14 04:00:00,30.544419854593492,-97.99329014570898,Clear,30.145457019990914,5.930921713082613,0.0,Night
4,2023-07-14 05:00:00,37.32598288073568,-94.42212834137572,Snow,30.49194353048432,5.727645745399183,0.49367338356191004,Day
1,2023-07-14 06:00:00,39.91172310286966,-106.24512440125548,Clear,-3.9986670844115686,8.994196873774278,0.0,Day
1,2023-07-14 07:00:00,42.54087585627052,-95.65400972549811,Rain,22.68511982348518,7.148511459572799,0.4493236359238998,Night
2,2023-07-14 08:00:00,38.11734787400738,-114.62538133442648,Clear,37.62581693530406,9.93371406363105,0.0,Day
3,2023-07-14 09:00:00,43.28276579796034,-74.5682474691803,Clear,14.001354481403858,7.6214897222622575,0.0,Day
3,2023-07-14 10:00:00,36.39415253546337,-84.33939510085953,Clear,26.60912127611676,9.22826455378845,0.0,Day
2,2023-07-14 11:00:00,34.756928776377976,-79.73966380474172,Cloudy,18.33664499722564,9.899818393607177,0.0,Night
2,2023-07-14 12:00:00,44.60718071181722,-93.44388938512131,Cloudy,0.24229871204857467,6.405750807542508,0.0,Night
1,2023-07-14 13:00:00,40.00771438251363,-113.71830590435333,Rain,-0.24031771405455693,9.004408560776831,0.3404028377279462,Day
2,2023-07-14 14:00:00,36.38667277516584,-93.13776742146712,Clear,11.691658259298624,5.1100308166232296,0.0,Day
1,2023-07-14 15:00:00,43.172846054868955,-103.53968705867277,Clear,14.14952869047119,8.398770590305144,0.0,Day
3,2023-07-14 16:00:00,40.24620621069957,-119.4947098837312,Rain,15.156622132323562,8.726005455589247,0.2935132604322678,Day
1,2023-07-14 17:00:00,39.56902058582884,-89.24821034820422,Snow,37.750037875127624,7.3868185621775115,0.340940082880326,Night
2,2023-07-14 18:00:00,40.928068947292,-77.31753878798813,Clear,-4.987272793126176,5.8105260505875105,0.0,Day
1,2023-07-14 19:00:00,41.07439664440674,-84.47239707760761,Cloudy,9.026336714891428,8.083602740392248,0.0,Day
2,2023-07-14 20:00:00,37.39475080258658,-108.82338062461442,Clear,15.72737175605101,9.487643297177787,0.0,Night
1,2023-07-14 21:00:00,36.28961342096772,-79.04334008174513,Rain,38.1556369700451,9.656595997891344,0.20998131576188916,Night
2,2023-07-14 22:00:00,43.63924021745453,-104.52502580513975,Fog,15.215740850351914,0.6228387923000072,0.0,Night
1,2023-07-14 23:00:00,37.45871609343603,-109.07572763801365,Fog,28.763786006044704,0.9654401289301611,0.0,Day
3,2023-07-15 00:00:00,33.237324568493065,-71.94291059510375,Rain,27.46390540211096,9.3516346302996,0.24658910168682976,Night
2,2023-07-15 01:00:00,37.824041787375876,-119.17014085825119,Clear,18.3222024714236,9.444115333508474,0.0,Day
3,2023-07-15 02:00:00,30.51633149870462,-111.62154314560347,Snow,-3.4648449007008333,6.836211028726103,0.25126018651681165,Night
2,2023-07-15 03:00:00,40.84977527941158,-96.64994835597051,Cloudy,0.9379354979130152,5.914908682718403,0.0,Day
2,2023-07-15 04:00:00,31.904760885882137,-111.6465397040935,Clear,2.007012931075062,9.373297170666842,0.0,Night
2,2023-07-15 05:00:00,31.675863980138573,-111.65652487581488,Cloudy,-8.067017617243307,9.42548657626407,0.0,Night
4,2023-07-15 06:00:00,44.195342147679725,-88.28258443331842,Fog,8.960900492889536,0.9445722852420786,0.0,Night
2,2023-07-15 07:00:00,41.58835022188093,-79.04849391473738,Fog,20.52568611881174,1.4354954716779884,0.0,Night
1,2023-07-15 08:00:00,36.213431645119606,-86.91912751355594,Clear,-2.786685063051044,7.6654027653939885,0.0,Day
4,2023-07-15 09:00:00,33.59364213608418,-114.92738974919308,Rain,-1.248199510066863,9.96865097471468,0.458840265871963,Day
1,2023-07-15 10:00:00,42.65235720790429,-75.23107634426387,Snow,25.349316420132077,7.2250412510834074,0.05158960495991053,Night
3,2023-07-15 11:00:00,44.52875765416128,-73.86260824312575,Clear,-1.5373305593718154,7.66641669679774,0.0,Day
1,2023-07-15 12:00:00,37.62531156910627,-105.94987265802895,Cloudy,-3.233221119052173,6.330414159856228,0.0,Day
2,2023-07-15 13:00:00,38.70114108369981,-92.34437304130117,Rain,38.8920943228214,9.494737227576847,0.4042213144737744,Day
1,2023-07-15 14:00:00,33.64580237238485,-95.7381691511772,Cloudy,-9.263235962823604,7.218560585362886,0.0,Day
4,2023-07-15 15:00:00,38.83875396092845,-86.58876368214831,Clear,6.270408467718138,9.07307026813692,0.0,Night
2,2023-07-15 16:00:00,36.0089645255462,-71.10267938732707,Rain,-8.253166930467895,5.398671375475414,0.2453948182118898,Day
2,2023-07-15 17:00:00,42.68367749176301,-70.68098268799702,Fog,31.90240967972929,0.9442147466021308,0.0,Day
1,2023-07-15 18:00:00,35.65669529735164,-94.54278370214168,Rain,19.176785713378546,7.451215711257374,0.42134105573831854,Day
2,2023-07-15 19:00:00,39.73168722700148,-115.40251687604669,Rain,-7.602407355308868,5.02703939866553,0.37511935872603447,Night
3,2023-07-15 20:00:00,33.05199020159453,-103.27637366355788,Clear,20.768107701360016,6.131314694993975,0.0,Night
2,2023-07-15 21:00:00,31.360092537919552,-99.3216754235744,Clear,-3.8451803683356625,5.968651057215585,0.0,Night
1,2023-07-15 22:00:00,30.60532829888477,-93.26833185687052,Cloudy,14.786630386102793,8.758822906547199,0.0,Day
2,2023-07-15 23:00:00,36.23468155995861,-71.98148146570497,Clear,23.470645727125607,7.386010948966093,0.0,Day
2,2023-07-16 00:00:00,32.45293082087105,-106.87912348759247,Fog,-2.5746483582984503,1.4547366520564284,0.0,Night
1,2023-07-16 01:00:00,44.902202853997395,-93.16561408767137,Clear,14.852520387298462,6.284014885226263,0.0,Night
1,2023-07-16 02:00:00,41.97575082639422,-105.44761274341313,Cloudy,12.87054645385225,7.520384026529424,0.0,Night
3,2023-07-16 03:00:00,40.400597275638134,-74.02690690136885,Clear,35.78752384616395,5.098190986598369,0.0,Day
4,2023-07-16 04:00:00,42.049777010672095,-70.50211520180349,Fog,39.785069728765265,0.5437962830292211,0.0,Night
1,2023-07-16 05:00:00,33.941208879075795,-76.46303667547654,Clear,22.723722331586792,8.3903070182687,0.0,Day
3,2023-07-16 06:00:00,43.18895974327861,-103.06282040124509,Clear,32.74295778102134,7.588772926429394,0.0,Night
1,2023-07-16 07:00:00,44.934545925052134,-106.10579888180405,Clear,22.344097871846678,7.990497705377494,0.0,Day
2,2023-07-16 08:00:00,34.347817036072335,-98.44146946262191,Snow,33.81431277154934,6.633090585058249,0.1847207908955894,Day
2,2023-07-16 09:00:00,44.769730308503306,-82.62119691688825,Clear,11.663602594914888,5.915378620098779,0.0,Night
1,2023-07-16 10:00:00,34.80594819511373,-119.53422501478627,Clear,20.399492891681795,9.048706451775905,0.0,Day
2,2023-07-16 11:00:00,30.17584676545039,-70.24444209396434,Clear,32.25847615767235,9.528174357181802,0.0,Day
3,2023-07-16 12:00:00,35.50821086590964,-75.82943195463474,Rain,35.904286011045876,7.553702851874468,0.21420902502334416,Night
4,2023-07-16 13:00:00,44.962725013754536,-118.80922342724254,Clear,-8.765863334140835,6.525206062906954,0.0,Night
1,2023-07-16 14:00:00,39.52726882106204,-100.89499239778155,Clear,-4.802365385622772,7.556024147589928,0.0,Day
1,2023-07-16 15:00:00,40.43208802374112,-85.60829707001258,Clear,36.55860306690634,9.394927603186979,0.0,Day
4,2023-07-16 16:00:00,33.57520728130575,-107.92970667275411,Cloudy,18.425438486726566,8.457031736875587,0.0,Night
1,2023-07-16 17:00:00,32.18880142944173,-112.85806415541605,Rain,39.50960469669315,9.293080431450587,0.46045514551116357,Night
2,2023-07-16 18:00:00,43.28265656364842,-88.53407946715137,Cloudy,29.631652135844355,6.641897115390252,0.0,Day
1,2023-07-16 19:00:00,36.20088307017198,-74.82372742706195,Fog,30.907009187157215,0.5135477104109756,0.0,Day
2,2023-07-16 20:00:00,30.061613773740355,-72.220333877276,Thunderstorm,9.30612538255036,8.265244857558082,0.1935299720676158,Night
1,2023-07-16 21:00:00,34.413689311215215,-119.48683468581572,Clear,2.877069391749952,7.858082303252086,0.0,Night
3,2023-07-16 22:00:00,32.93598162471351,-76.27713232997232,Rain,19.912958699094013,7.6411243261525446,0.2543882551345745,Night
3,2023-07-16 23:00:00,39.05658386262425,-91.96160472329684,Rain,33.951604931749955,7.754889415697985,0.46792026427961536,Day
1,2023-07-17 00:00:00,41.34184754921044,-108.11478505722707,Fog,26.2849254354157,0.9231487428074756,0.0,Night
3,2023-07-17 01:00:00,37.46247749225667,-89.15281461317136,Cloudy,13.60875700869725,9.579972505020725,0.0,Night
2,2023-07-17 02:00:00,32.788485393537876,-70.21056162779416,Cloudy,27.660023802051917,5.564302321926191,0.0,Night
1,2023-07-17 03:00:00,30.869466953742048,-106.19138306764403,Cloudy,24.51988116037974,7.843857887951672,0.0,Day
3,2023-07-17 04:00:00,34.70301006866755,-106.15558653991,Fog,35.652571245246456,1.8845482561950084,0.0,Night
2,2023-07-17 05:00:00,42.089450497421744,-85.05287694859965,Clear,3.1778611565751707,5.6736999257954706,0.0,Day
1,2023-07-17 06:00:00,36.29270302703945,-117.83962196500958,Clear,-4.034427037149515,7.064296866484531,0.0,Night
1,2023-07-17 07:00:00,33.7837665374034,-78.97263908684587,Clear,13.50255814861319,5.44540085675452,0.0,Night
4,2023-07-17 08:00:00,30.310871661644086,-87.37355387754292,Clear,8.054040543107558,5.5673820100486875,0.0,Night
3,2023-07-17 09:00:00,37.4409307836591,-77.94043636848042,Cloudy,38.74305735334892,9.520554062797666,0.0,Night
3,2023-07-17 10:00:00,40.272331622812736,-108.46299613396837,Clear,-9.62479061668732,7.230897924152467,0.0,Day
1,2023-07-17 11:00:00,32.85494195062353,-77.64048879263461,Clear,36.66915309898981,8.443698270022992,0.0,Night
3,2023-07-17 12:00:00,38.0578325934898,-97.56932407874474,Fog,37.7539611249982,0.64027352370406,0.0,Day
1,2023-07-17 13:00:00,36.311080900294506,-113.36388833524926,Cloudy,-7.452081161577198,5.109737411963779,0.0,Day
4,2023-07-17 14:00:00,40.55921514934145,-74.92887016990854,Rain,34.47849255728335,9.45241978674432,0.158666765205071,Night
1,2023-07-17 15:00:00,42.90907354066131,-84.74934260623803,Clear,13.538941981572144,7.87272819774511,0.0,Day
2,2023-07-17 16:00:00,34.605733265352484,-111.58574321914728,Clear,28.307536822693315,5.0999387778550345,0.0,Day
2,2023-07-17 17:00:00,43.5715661586719,-107.67475521767093,Snow,-6.037223443252628,9.961697404639935,0.10825410913151126,Night
3,2023-07-17 18:00:00,40.60427697408369,-106.55682304394207,Rain,37.760279705904026,7.46096191506879,0.35845041511591447,Day
3,2023-07-17 19:00:00,30.55749169266428,-71.83329063697408,Clear,20.377423752703216,7.379382540826379,0.0,Day
2,2023-07-17 20:00:00,41.86864346336448,-75.69114182146487,Thunderstorm,34.93471516597719,8.104570921613107,0.4500532500149083,Night
2,2023-07-17 21:00:00,37.41940595285748,-102.68274339787168,Fog,23.64815471049736,0.644165098548026,0.0,Night
3,2023-07-17 22:00:00,44.181913377181914,-96.66815248534328,Thunderstorm,16.84051470282041,7.8456918685322,0.16801084529460597,Night
1,2023-07-17 23:00:00,34.854472458613444,-105.73600425384679,Cloudy,-1.3752157836783656,8.147419519948285,0.0,Night
3,2023-07-18 00:00:00,38.86820488704559,-82.86756710024171,Clear,-1.102293489559976,6.484767840515363,0.0,Night
4,2023-07-18 01:00:00,44.342192746966376,-111.93954250403456,Cloudy,13.628514597651463,8.634262048841492,0.0,Night
1,2023-07-18 02:00:00,34.067395995414024,-103.06928612654332,Rain,33.522110782068864,6.887159081089838,0.025482887610615845,Night
1,2023-07-18 03:00:00,37.07930316599567,-89.69477651766422,Clear,-4.239066105907188,8.588865672290702,0.0,Day
2,2023-07-18 04:00:00,41.28743226797529,-76.13277608379931,Rain,39.91925748128719,5.719125892262571,0.07739962617154464,Night
1,2023-07-18 05:00:00,40.36648027670376,-88.22248711856918,Clear,33.79561282507497,9.56848908020509,0.0,Day
2,2023-07-18 06:00:00,42.580548998812745,-73.01367758804409,Cloudy,9.627938533232676,9.397286868281302,0.0,Night
3,2023-07-18 07:00:00,37.79695019142725,-73.4595359042992,Clear,2.655916537888256,5.753132380438853,0.0,Night
2,2023-07-18 08:00:00,34.783817878237144,-84.08502684844868,Rain,36.09980475828271,9.692269685427604,0.40532303905276335,Night
1,2023-07-18 09:00:00,38.026269148197066,-106.06490361272498,Clear,-3.8394190381682147,7.78890136383637,0.0,Night
2,2023-07-18 10:00:00,35.24940047460101,-85.84604645071468,Snow,7.364496770958226,8.508248391824843,0.4305496287707559,Day
2,2023-07-18 11:00:00,32.64645805408674,-110.36311478744516,Cloudy,-5.804382575300318,9.201468961882643,0.0,Night
4,2023-07-18 12:00:00,38.32454553936527,-103.33976486611454,Rain,37.673113986560516,5.417849735400019,0.04847401095358918,Day
1,2023-07-18 13:00:00,30.725708306798943,-82.10502938730278,Thunderstorm,20.881147433769367,5.846421787330833,0.2954748529686599,Night
2,2023-07-18 14:00:00,30.548629544905744,-77.46840337155537,Rain,6.808982233671937,6.451954607429808,0.3235994627624066,Night
4,2023-07-18 15:00:00,30.968603091609427,-99.16155559421031,Thunderstorm,3.7741582685197095,7.386022406935068,0.010420072437225866,Night
2,2023-07-18 16:00:00,40.089167592658974,-93.82815612878697,Clear,12.204714677151237,6.730272531493703,0.0,Day
2,2023-07-18 17:00:00,36.104802758117145,-100.6933568403483,Clear,-5.431076149636457,7.529231884710265,0.0,Day
1,2023-07-18 18:00:00,37.41172773530638,-96.03498979040253,Clear,34.46744651160411,5.929585136718681,0.0,Day
3,2023-07-18 19:00:00,35.15098294138744,-94.37561822815962,Clear,15.54701884753635,8.410770699665823,0.0,Day
2,2023-07-18 20:00:00,33.80454336826717,-85.40827677561654,Snow,26.25490623416521,5.278674405918656,0.309350102983458,Day
4,2023-07-18 21:00:00,35.37457743611378,-82.47377677816073,Clear,1.6872920847216069,6.807247531039808,0.0,Day
3,2023-07-18 22:00:00,32.90067254304914,-71.24918786768802,Cloudy,15.187463043834395,5.895166223355613,0.0,Night
2,2023-07-18 23:00:00,40.18136862238435,-98.11742459462796,Cloudy,0.5543068163477916,8.649666359353402,0.0,Day
2,2023-07-19 00:00:00,31.52603241794193,-115.84300860387651,Cloudy,30.804730731029856,9.418266694149557,0.0,Night
1,2023-07-19 01:00:00,37.75351073115644,-85.59168317414648,Cloudy,28.763750492051955,5.393931046017374,0.0,Day
1,2023-07-19 02:00:00,37.15240491144085,-95.08627598009821,Rain,-2.5898837901800276,8.925189279331999,0.2235482921434855,Night
3,2023-07-19 03:00:00,34.528854266175955,-77.94891131601979,Clear,-6.274654963196688,9.478611468610511,0.0,Night
2,2023-07-19 04:00:00,31.53434084173138,-112.67278316996742,Clear,31.209836827735977,9.869851083070277,0.0,Day
2,2023-07-19 05:00:00,40.5503656570929,-87.75430019174641,Cloudy,-4.517604763036811,7.896931254725445,0.0,Night
3,2023-07-19 06:00:00,38.543105423998085,-97.03708070927868,Rain,17.42419903426677,6.636959430037034,0.47182496563771636,Day
1,2023-07-19 07:00:00,42.142145267861096,-99.03484856167219,Cloudy,16.724364896570346,6.609867999336651,0.0,Night
2,2023-07-19 08:00:00,33.532855584212555,-91.75670291052106,Fog,0.14720340660780273,0.807977936349926,0.0,Day
2,2023-07-19 09:00:00,41.873461732888785,-85.79086324850701,Cloudy,19.567823294239137,8.063337036638135,0.0,Night
2,2023-07-19 10:00:00,34.379185860034504,-77.45362770326115,Cloudy,15.137760373230162,7.451150060695625,0.0,Night
4,2023-07-19 11:00:00,31.688860965430006,-108.24442060808254,Clear,15.459461118656947,8.268175132034175,0.0,Day
2,2023-07-19 12:00:00,32.0237443292045,-105.34526366853589,Cloudy,7.984998821233454,5.19656936764788,0.0,Night
2,2023-07-19 13:00:00,33.315877205614186,-92.57092394483067,Rain,31.92142784625836,5.529407751905568,0.31441826040351917,Day
2,2023-07-19 14:00:00,40.23643344171138,-102.67214287919727,Clear,-5.78147185658753,9.882697497133805,0.0,Day
1,2023-07-19 15:00:00,33.65942602607329,-91.58277390515079,Clear,11.931152392433468,9.976927510931192,0.0,Night
2,2023-07-19 16:00:00,39.058064319325695,-109.9924600926598,Rain,2.9908179082259814,8.733294085696949,0.1663747992253597,Day
2,2023-07-19 17:00:00,33.847841695862776,-104.61760961465872,Clear,32.421662598109066,6.281985750905149,0.0,Night
4,2023-07-19 18:00:00,35.47835197986383,-103.75790047704851,Clear,1.2540242026276776,9.76690867200275,0.0,Night
3,2023-07-19 19:00:00,43.345818893060255,-70.38397047634302,Rain,28.351241178290003,6.068513968958518,0.22838951542670968,Day
2,2023-07-19 20:00:00,37.5054305906258,-77.2825834813332,Clear,20.575766119610133,8.657156612138028,0.0,Day
2,2023-07-19 21:00:00,39.00377730992352,-78.11496826567829,Fog,33.73951276900147,1.6889373521762427,0.0,Night
1,2023-07-19 22:00:00,32.83915244115902,-94.32150479904817,Clear,19.689697146053852,8.24452249279917,0.0,Night
1,2023-07-19 23:00:00,31.972591047239188,-96.65759809448582,Rain,17.824218320175696,8.79757501678068,0.4637609456610825,Day
2,2023-07-20 00:00:00,36.197703870720716,-116.49372274613269,Cloudy,30.056496979075654,9.298200722940413,0.0,Day
2,2023-07-20 01:00:00,42.83078248699387,-110.13367115322131,Fog,18.12432332491151,0.562446078071752,0.0,Night
1,2023-07-20 02:00:00,33.6138549142131,-75.23266059394834,Clear,32.2271029490019,9.61742677677726,0.0,Day
2,2023-07-20 03:00:00,39.32538682789837,-93.71792892983973,Rain,-7.534098509544121,7.604616289503625,0.35344559715779766,Day
3,2023-07-20 04:00:00,43.0814432643942,-70.6280870345695,Cloudy,14.757492683026207,8.38714303446664,0.0,Night
1,2023-07-20 05:00:00,44.01615635859612,-90.41060011475466,Cloudy,30.634575668887138,6.84775042544176,0.0,Day
3,2023-07-20 06:00:00,44.90685400865532,-101.12564564161976,Cloudy,32.41825734577673,5.051947246446563,0.0,Day
1,2023-07-20 07:00:00,41.44435740018939,-106.29450456281019,Rain,31.70276887046836,8.783464777336702,0.029629675997685637,Night
2,2023-07-20 08:00:00,31.125151766706566,-74.08201675362929,Fog,20.219065980578186,1.8931586383758217,0.0,Day
3,2023-07-20 09:00:00,43.0719298995419,-101.46338548066822,Clear,39.69856710700508,5.869622385048635,0.0,Night
2,2023-07-20 10:00:00,43.28455312805377,-112.6929199953475,Clear,-0.9306846097159394,5.143203758326456,0.0,Night
4,2023-07-20 11:00:00,38.359242588025886,-106.08706463075592,Snow,-1.277121030623265,5.822509227507318,0.4836450789782842,Night
1,2023-07-20 12:00:00,31.011474913286335,-87.71884181349037,Clear,-8.358866273774586,9.476446466196446,0.0,Night
2,2023-07-20 13:00:00,37.149979668987434,-113.34947786134254,Thunderstorm,39.466858812781126,6.477551946856649,0.299022536825227,Day
2,2023-07-20 14:00:00,33.16050053817177,-115.4216823460916,Cloudy,7.40102537778354,6.168520574268358,0.0,Day
2,2023-07-20 15:00:00,36.63160601293349,-97.11866987693038,Rain,28.1027089769385,5.072949124216082,0.04256369771899567,Night
3,2023-07-20 16:00:00,40.861897164758275,-115.81741442497116,Clear,-7.014484361226028,6.4852757360503315,0.0,Night
3,2023-07-20 17:00:00,40.01325969835708,-100.35309426584963,Clear,4.934405316497823,8.578195385111181,0.0,Night
3,2023-07-20 18:00:00,41.69987759405045,-103.86373784647199,Rain,21.19236706974508,9.795446441881097,0.2882029499258862,Day
1,2023-07-20 19:00:00,37.147841109517636,-100.42614082052171,Fog,16.23900480496325,1.9962367413142648,0.0,Day
2,2023-07-20 20:00:00,37.66188124983346,-95.61058461698279,Thunderstorm,0.3874119847942925,6.203426601053466,0.4108751479195496,Day
2,2023-07-20 21:00:00,44.03533856865502,-110.73355081232731,Clear,13.079645639608891,9.44034510231317,0.0,Night
2,2023-07-20 22:00:00,39.46775525647266,-97.87877825420736,Clear,-4.5609004064077,9.262524254161143,0.0,Day
4,2023-07-20 23:00:00,41.2131094594664,-101.92404367909475,Clear,17.135173612475192,6.640802100718432,0.0,Day
1,2023-07-21 00:00:00,39.96775854797804,-80.2263233975363,Fog,-5.152927847246493,1.189535438241933,0.0,Day
2,2023-07-21 01:00:00,39.60728120354713,-85.26554268582835,Clear,21.79677287797563,9.959947202333712,0.0,Night
2,2023-07-21 02:00:00,43.70313224152225,-76.37291089852991,Clear,-2.2321210959894113,8.403521437308925,0.0,Night
3,2023-07-21 03:00:00,35.34728691568787,-86.54951656276566,Clear,17.35429461339794,9.632902485420672,0.0,Night
4,2023-07-21 04:00:00,36.41535497583163,-113.9457524399624,Clear,-3.54396600883903,6.709372371597308,0.0,Day
2,2023-07-21 05:00:00,35.69625604631805,-94.64614916822384,Thunderstorm,10.03552168357669,8.23842709541497,0.303627040649459,Day
1,2023-07-21 06:00:00,41.477953585882304,-82.87652007458315,Cloudy,7.591577239322952,8.372486151033064,0.0,Day
2,2023-07-21 07:00:00,43.026294230317234,-77.9160761690915,Clear,27.82053499165096,9.364527337694597,0.0,Day
2,2023-07-21 08:00:00,35.36253600246687,-110.93621489634175,Clear,22.058082230713076,9.96529018558002,0.0,Day
4,2023-07-21 09:00:00,32.13520603443486,-108.82486757324288,Clear,36.85444102014952,5.543330892619933,0.0,Night
2,2023-07-21 10:00:00,37.411599299390204,-76.88796520198184,Clear,36.09553259759321,8.155584227152158,0.0,Day
2,2023-07-21 11:00:00,44.764928200116245,-95.72978615946259,Clear,26.249801428068146,6.682199741812931,0.0,Night
2,2023-07-21 12:00:00,33.05522647526062,-97.37884935685891,Rain,28.529287029489588,9.05829213530061,0.09055565953587762,Night
2,2023-07-21 13:00:00,36.78001407080648,-95.29424014939539,Clear,21.245620828854225,8.770739923732211,0.0,Night
3,2023-07-21 14:00:00,34.07080204941752,-111.33335922432286,Clear,24.583161537235974,9.462592621119569,0.0,Day
1,2023-07-21 15:00:00,43.84018325452767,-88.61817742380991,Clear,20.861118431671425,6.718514386402416,0.0,Night
2,2023-07-21 16:00:00,38.26375961349802,-79.60131569898871,Rain,5.5882515650695606,5.922651720788825,0.3198604826381603,Day
4,2023-07-21 17:00:00,38.68116688599561,-78.1469400076812,Cloudy,7.534479126901882,5.10900838575582,0.0,Day
1,2023-07-21 18:00:00,30.123918699451508,-118.48108070149743,Rain,18.736691398481106,6.277533418591056,0.07784238829193262,Day
3,2023-07-21 19:00:00,39.791696331782894,-84.24054210579277,Cloudy,26.00884636974081,6.835857698776155,0.0,Day
2,2023-07-21 20:00:00,34.59528632112074,-115.43876690231865,Rain,10.305952298288808,9.73033492973996,0.07349354540119904,Night
2,2023-07-21 21:00:00,37.70124515728796,-71.65653921417211,Clear,-2.8666099586622718,7.4568631692362635,0.0,Night
1,2023-07-21 22:00:00,37.96601074299896,-95.88795643039748,Fog,12.970858417630335,0.5710157968241599,0.0,Night
2,2023-07-21 23:00:00,38.88336790157029,-81.22924275776765,Clear,38.15939102675279,9.400643810240574,0.0,Night
2,2023-07-22 00:00:00,42.35309085833163,-88.9071151817802,Cloudy,0.70434339586871,9.425347568820705,0.0,Day
1,2023-07-22 01:00:00,34.484019578689995,-72.40317526624266,Rain,22.4534543480397,7.63957913281601,0.10433334087648248,Day
2,2023-07-22 02:00:00,33.84242076305714,-71.31710199094594,Cloudy,39.127089908183194,5.568517493666659,0.0,Day
1,2023-07-22 03:00:00,41.937132717639315,-106.05601545023066,Fog,8.811885973031483,1.3659180205675618,0.0,Day
2,2023-07-22 04:00:00,40.78077855991643,-95.85654806161926,Cloudy,34.39418044208013,7.284441000030611,0.0,Night
4,2023-07-22 05:00:00,33.38422406763426,-94.78797849383703,Fog,33.200435858801065,0.7901449391121047,0.0,Day
1,2023-07-22 06:00:00,30.012545345633477,-111.11511484967858,Snow,6.95224795126018,8.558408741645561,0.11513156174496758,Night
1,2023-07-22 07:00:00,39.98904476635023,-74.80311572176804,Thunderstorm,-5.074133744211303,8.213541176498826,0.2645293915280469,Night
3,2023-07-22 08:00:00,32.357670403586056,-102.51967427499979,Fog,-1.0730422716607482,0.512244067185824,0.0,Day
2,2023-07-22 09:00:00,44.35494422714092,-115.62716049576696,Fog,8.287458905072775,1.6012431530545719,0.0,Night
1,2023-07-22 10:00:00,39.066109250930936,-112.2733566252047,Rain,37.95671544726365,9.910571204038153,0.12150539485673427,Night
2,2023-07-22 11:00:00,42.744777322857566,-94.33480471895314,Clear,3.722507252404853,9.445792604665778,0.0,Night
1,2023-07-22 12:00:00,42.084322773781366,-75.91573413857267,Clear,36.34323729635829,5.978282139217143,0.0,Day
1,2023-07-22 13:00:00,38.366965870154935,-88.58906666967033,Rain,-0.9317657191442752,5.288082827601978,0.12176300649014889,Day
4,2023-07-22 14:00:00,36.5752607042637,-109.25842504969869,Thunderstorm,38.490621284560085,7.072554720221617,0.021713622723920155,Day
3,2023-07-22 15:00:00,37.45197612143788,-105.15985393574476,Rain,4.680226769899857,8.087522254506396,0.1792823598076391,Day
2,2023-07-22 16:00:00,42.04483110685318,-71.19874571595474,Fog,21.65461317206028,1.991248448440301,0.0,Day
1,2023-07-22 17:00:00,39.60676058317503,-117.35755612058021,Snow,-6.51543877647335,6.337563807591794,0.29414884313161427,Night
1,2023-07-22 18:00:00,33.08575771512382,-70.2830835767798,Clear,4.983208559365741,9.299404822243352,0.0,Day
3,2023-07-22 19:00:00,39.14032679498383,-74.70711539016182,Clear,0.535520318919195,6.646232318227135,0.0,Night
1,2023-07-22 20:00:00,36.069998684041735,-86.07583641064093,Clear,-9.829166565805389,9.595573031915716,0.0,Day
2,2023-07-22 21:00:00,30.91946260926369,-72.839882354944,Clear,-2.1615106141337908,7.358007006516107,0.0,Day
1,2023-07-22 22:00:00,35.719037906543655,-112.37660763223573,Cloudy,19.655182491859545,5.05195333020918,0.0,Day
2,2023-07-22 23:00:00,33.414022968430885,-72.87053197351179,Thunderstorm,9.496008660232945,5.810206555973731,0.18857375993766254,Night
1,2023-07-23 00:00:00,42.57876800676252,-109.37124582096817,Rain,26.128549068571743,5.511596283274988,0.08204470451542158,Day
2,2023-07-23 01:00:00,31.574991928839637,-92.6893536732251,Cloudy,23.55373001535036,5.220128979001538,0.0,Night
3,2023-07-23 02:00:00,35.40935173955138,-95.56191426588875,Clear,29.964975450395933,8.570086554053379,0.0,Day
2,2023-07-23 03:00:00,40.43237971961618,-94.37709506366654,Clear,33.35125115163146,5.961579365302011,0.0,Day
1,2023-07-23 04:00:00,43.460878766104535,-106.6310119355567,Cloudy,30.991275156183086,9.19309897203243,0.0,Day
3,2023-07-23 05:00:00,35.029750650874746,-80.96806530095765,Clear,12.403041985919238,6.32234414407215,0.0,Night
1,2023-07-23 06:00:00,39.09657788698972,-82.87083495881222,Clear,5.436386518275386,5.161635532454207,0.0,Night
2,2023-07-23 07:00:00,35.60474385104733,-72.30174338361647,Cloudy,15.115123148423585,9.103376719876145,0.0,Day
2,2023-07-23 08:00:00,33.043217030728364,-94.65044860466071,Clear,16.7564253319021,7.330729252654935,0.0,Day
1,2023-07-23 09:00:00,34.88576701472033,-92.59539668218704,Fog,5.658725847094452,1.8021854168320321,0.0,Day
2,2023-07-23 10:00:00,39.538532448469596,-74.83135454030926,Clear,17.000327256988417,6.681136443207816,0.0,Night
3,2023-07-23 11:00:00,40.74509007918425,-74.02801884796862,Clear,-4.71101739176842,5.230201980778209,0.0,Day
4,2023-07-23 12:00:00,35.55908408203078,-87.5231656963298,Clear,1.5520897507643987,6.850885445820623,0.0,Night
2,2023-07-23 13:00:00,32.287980737774795,-78.98024560289771,Clear,27.30240434452778,7.591431851467861,0.0,Day
1,2023-07-23 14:00:00,32.09336268533808,-94.74301460034015,Rain,-0.8583885838129994,5.058433017683093,0.10192289836797344,Day
2,2023-07-23 15:00:00,42.18921149344896,-100.59022349408616,Rain,-3.0481075878299926,7.871450161019094,0.39080034857604745,Night
2,2023-07-23 16:00:00,39.79910281438382,-76.79658352769177,Cloudy,4.367159566038174,9.465210772795864,0.0,Day
2,2023-07-23 17:00:00,40.920462099456756,-81.13640225569343,Rain,8.552455838062652,6.089202612100131,0.40965430507999057,Night
2,2023-07-23 18:00:00,37.32381326448329,-107.87942030034863,Clear,6.427434222410771,9.633845805741995,0.0,Night
2,2023-07-23 19:00:00,36.85979671430296,-117.61774380637361,Rain,8.730269243220238,5.48804259411793,0.17400285031439255,Night
1,2023-07-23 20:00:00,33.167251968857414,-91.72000848189971,Clear,-3.004382855119583,9.127181751114108,0.0,Night
1,2023-07-23 21:00:00,32.52509554823541,-77.9191739311514,Clear,-1.7302421012856524,9.201621791510785,0.0,Day
2,2023-07-23 22:00:00,32.308700168311894,-107.63992675711658,Rain,1.791748979878724,6.288799314490694,0.22893702458122653,Day
2,2023-07-23 23:00:00,44.87682971161997,-81.63023077805349,Snow,10.099600872665619,9.789217039542336,0.47853793630705793,Night
4,2023-07-24 00:00:00,42.313376025619945,-99.29963829684499,Rain,6.794955080921831,7.082993628558889,0.36419854804092355,Day
2,2023-07-24 01:00:00,39.39194410604223,-103.21457283061366,Clear,29.566746571330476,5.706280437327969,0.0,Night
3,2023-07-24 02:00:00,33.216058749459386,-111.35918494319043,Clear,16.275895663153797,7.9585722541358335,0.0,Night
3,2023-07-24 03:00:00,35.06488211365224,-73.28532015737851,Thunderstorm,18.785051352306773,9.98307352022633,0.34507328345221655,Day
3,2023-07-24 04:00:00,35.26178574369886,-108.71509834676824,Clear,18.029646720195007,9.496457744796473,0.0,Day
1,2023-07-24 05:00:00,37.1651010902166,-106.04056804385499,Clear,9.938752928114827,6.393014130575512,0.0,Day
4,2023-07-24 06:00:00,36.329951914357515,-103.42560814554602,Clear,39.02416493932168,7.884932996891878,0.0,Night
1,2023-07-24 07:00:00,44.01229776234874,-105.76690435568857,Clear,-8.133561142725284,5.576838298384083,0.0,Night
1,2023-07-24 08:00:00,40.81214493861425,-111.85471946940575,Clear,0.7918889054888787,7.309224021685447,0.0,Night
2,2023-07-24 09:00:00,31.221078659846498,-102.27749682434487,Cloudy,4.23273493275366,7.615350338455907,0.0,Day
1,2023-07-24 10:00:00,35.39935200101168,-96.41136013275563,Cloudy,34.064903333575494,6.5763914916556425,0.0,Day
1,2023-07-24 11:00:00,31.994439442428227,-92.4113743347772,Fog,35.94345679020774,1.210010333142838,0.0,Day
1,2023-07-24 12:00:00,34.19031832400961,-112.17501990123809,Clear,32.30519099071981,9.599692290905868,0.0,Night
1,2023-07-24 13:00:00,44.383395050311165,-81.0293116901839,Clear,10.847549053684457,7.500688185898653,0.0,Day
2,2023-07-24 14:00:00,40.57895317762486,-104.42352988324896,Cloudy,35.73119448700884,9.154951552837987,0.0,Night
1,2023-07-24 15:00:00,30.11778294074074,-74.10256668119644,Cloudy,-5.074595188905309,6.586952145817169,0.0,Day
2,2023-07-24 16:00:00,34.93291938663787,-103.52237825022492,Cloudy,22.621735014115252,9.857021111862409,0.0,Day
4,2023-07-24 17:00:00,36.580526055516245,-76.85605608862173,Snow,36.86118887907623,5.467316167225928,0.43131321195467887,Day
2,2023-07-24 18:00:00,39.03752143549151,-102.37337120111079,Clear,27.74499200360507,7.927933234209946,0.0,Night
2,2023-07-24 19:00:00,37.49590526976976,-94.70836062594432,Snow,3.893358430111814,8.949438975834013,0.09447253214603474,Day
4,2023-07-24 20:00:00,31.046591259044,-101.38226545214957,Cloudy,25.875290888399213,9.070204931551228,0.0,Night
1,2023-07-24 21:00:00,37.733212030252226,-100.64523427190869,Clear,4.7381684781331845,5.991405553935209,0.0,Day
2,2023-07-24 22:00:00,31.953889140796125,-89.07088981546491,Fog,-4.420894289496399,1.3411291591691545,0.0,Night
3,2023-07-24 23:00:00,37.7879965309746,-85.35357026195027,Cloudy,25.86107669168794,8.120980862320515,0.0,Night
4,2023-07-25 00:00:00,33.69102914958158,-76.47632392518068,Clear,-1.03866781430267,6.5794135488620835,0.0,Day
2,2023-07-25 01:00:00,32.1628844861355,-91.54737288891047,Clear,-4.4467530592154265,8.291480076067401,0.0,Day
1,2023-07-25 02:00:00,34.31884408658242,-109.15779237554932,Clear,17.5880027324243,6.893903356563513,0.0,Day
4,2023-07-25 03:00:00,31.494331177969926,-70.52099516267788,Cloudy,21.031262946542647,6.754331612926112,0.0,Night
1,2023-07-25 04:00:00,34.25975584979721,-85.81132807715275,Clear,-7.4471857771787295,5.540340857452048,0.0,Day
2,2023-07-25 05:00:00,43.00399056854283,-101.2623896292922,Clear,-9.776555600043165,5.196264394265229,0.0,Night
2,2023-07-25 06:00:00,34.60756045745254,-71.58977625527919,Clear,34.10351651965759,9.17636895006091,0.0,Day
2,2023-07-25 07:00:00,37.05333051218233,-72.0763249591766,Rain,-4.237371951847853,7.447722460780371,0.037852555833975475,Day
3,2023-07-25 08:00:00,37.79712537329412,-116.02303893013264,Snow,19.194902639982768,7.814365666045033,0.11126389354305062,Day
3,2023-07-25 09:00:00,32.67436139001687,-119.00871685627854,Rain,37.677312371044565,6.861105112642402,0.054011483195925906,Night
3,2023-07-25 10:00:00,36.62676688488454,-117.77717007849407,Clear,15.595505795521,5.683710227368852,0.0,Day
1,2023-07-25 11:00:00,42.794716823739236,-85.73427885545294,Fog,-3.0100995411144824,1.3801659323347253,0.0,Day
2,2023-07-25 12:00:00,31.207906106580467,-84.45604572525357,Rain,9.674225161105745,6.144785390155843,0.29279392075567284,Night
3,2023-07-25 13:00:00,43.842294326633706,-83.79861122538912,Fog,21.20210739222414,1.6122363889802127,0.0,Day
2,2023-07-25 14:00:00,43.06670353375059,-88.48803060832248,Cloudy,28.14198185346028,9.933942690372449,0.0,Night
4,2023-07-25 15:00:00,42.83744278037325,-105.72543422879738,Cloudy,20.346899728526523,9.445480677379027,0.0,Day
3,2023-07-25 16:00:00,32.978141635056986,-111.64355468042548,Rain,-8.284213274915105,7.641371329628152,0.07507039034537978,Night
2,2023-07-25 17:00:00,37.26470397774728,-73.60708417361701,Clear,-2.8448567367528454,8.140658725910223,0.0,Night
1,2023-07-25 18:00:00,39.24233205758852,-74.34299156520198,Cloudy,8.590084439749678,9.74061271369619,0.0,Night
2,2023-07-25 19:00:00,31.4992488601762,-107.87569494583101,Snow,25.285684266298937,7.693409667943626,0.45282894248623434,Night
4,2023-07-25 20:00:00,38.352682688033966,-111.60314320712202,Snow,19.216398747360227,8.192945616457752,0.05009343027347132,Day
2,2023-07-25 21:00:00,42.600648202917355,-101.23295039506847,Thunderstorm,-7.765250820147448,8.146147518711642,0.337617720210747,Day
3,2023-07-25 22:00:00,44.048309086784656,-117.5796688234006,Rain,29.84429538019441,8.540605759062325,0.01689982989739048,Night
2,2023-07-25 23:00:00,34.17492789816906,-111.89304405378485,Clear,20.256221567788216,8.201425497891595,0.0,Night
2,2023-07-26 00:00:00,34.33108983698482,-100.98505010732634,Clear,34.357501775046074,8.353526990277864,0.0,Night
2,2023-07-26 01:00:00,34.06095926054867,-108.06280213471771,Cloudy,10.882654938253921,8.629472361163991,0.0,Day
2,2023-07-26 02:00:00,32.30175109670866,-83.158986770473,Cloudy,14.510089041877375,9.045496148339744,0.0,Day
3,2023-07-26 03:00:00,36.46070630723358,-74.7520184084026,Clear,10.277538481770506,7.0152748463150205,0.0,Day
1,2023-07-26 04:00:00,41.76703272369009,-74.5429918950831,Clear,26.122726475450882,8.72916992130289,0.0,Night
1,2023-07-26 05:00:00,40.681329609272986,-89.78611049103752,Cloudy,27.60654279307836,5.501018795769811,0.0,Day
3,2023-07-26 06:00:00,43.5047902697694,-84.82551316536178,Rain,26.162119702395465,9.380940661207642,0.2719602104052513,Day
1,2023-07-26 07:00:00,35.33612224064905,-95.29842813150749,Thunderstorm,4.579964992716876,6.450221539545959,0.4452777440577985,Night
2,2023-07-26 08:00:00,38.583288776328125,-112.66561435965522,Rain,21.801576852157652,7.017301570436418,0.26222480203828785,Night
1,2023-07-26 09:00:00,41.4980324187337,-88.24820851279021,Rain,6.9264083071922045,9.018052063287541,0.3721604001582872,Day
1,2023-07-26 10:00:00,43.47259956129436,-102.50230935080613,Cloudy,31.7100205932192,8.184935190455029,0.0,Day
2,2023-07-26 11:00:00,43.076314679849425,-119.71032472972166,Thunderstorm,-7.2441918854363765,6.54313994925584,0.2295841213386362,Night
3,2023-07-26 12:00:00,36.9827639164436,-91.25231470793807,Cloudy,-8.113962365377871,6.126995555623202,0.0,Day
1,2023-07-26 13:00:00,43.602867505271675,-110.08156044029987,Fog,-4.914578772870345,0.8158454798938591,0.0,Day
1,2023-07-26 14:00:00,36.66083638939369,-75.67471818033667,Fog,0.11815972315948642,1.6082652638817896,0.0,Night
1,2023-07-26 15:00:00,43.54248326983212,-73.30276383863207,Fog,-8.1182320457533,1.3221329256395604,0.0,Day
2,2023-07-26 16:00:00,41.65456210342059,-111.8913469323687,Clear,-6.419165539432649,8.364674511431751,0.0,Day
1,2023-07-26 17:00:00,33.32471883288945,-118.5293607721371,Clear,5.302824636732366,8.072372135412593,0.0,Day
2,2023-07-26 18:00:00,43.945015112296645,-119.79777827399866,Clear,-5.010465910737213,8.688069814758919,0.0,Night
3,2023-07-26 19:00:00,33.63696886400724,-74.34782223248297,Clear,30.103688833739547,8.658169158045235,0.0,Day
2,2023-07-26 20:00:00,43.626299432712734,-112.39907134191756,Clear,-7.306630551968465,9.316295636330116,0.0,Night
1,2023-07-26 21:00:00,39.22663604173569,-98.2333779727059,Clear,35.3964723442718,9.610542952042284,0.0,Night
2,2023-07-26 22:00:00,40.010641608009855,-117.14193167551205,Clear,33.5419771970487,8.87512294128943,0.0,Night
4,2023-07-26 23:00:00,31.640002245266075,-101.33270663781695,Cloudy,0.4192182940320013,6.1614640081104834,0.0,Day
2,2023-07-27 00:00:00,30.986115426588302,-80.72875511732259,Rain,-6.423647361539643,7.317480891494871,0.10795303140517123,Day
2,2023-07-27 01:00:00,44.52511536510459,-99.66656681320387,Clear,-4.723247742213845,8.208576203279446,0.0,Day
2,2023-07-27 02:00:00,35.05391588588598,-81.22098992363826,Rain,17.95441183321466,7.696826344223711,0.44487953791788964,Night
1,2023-07-27 03:00:00,42.66556680295644,-85.5580387841053,Rain,20.045786999243912,5.794487562173123,0.12301775235079171,Day
2,2023-07-27 04:00:00,40.567131752851445,-94.13459536028834,Cloudy,5.779139303790124,7.946365153120229,0.0,Day
3,2023-07-27 05:00:00,39.06207571730147,-83.11450945814255,Fog,4.841683414840034,0.6599790761418951,0.0,Night
2,2023-07-27 06:00:00,40.27814928169518,-76.04430028755054,Clear,16.575063424319257,7.092586116325489,0.0,Night
2,2023-07-27 07:00:00,31.340807553171846,-80.34942762518308,Clear,5.281402203359468,8.344664122177017,0.0,Night
2,2023-07-27 08:00:00,36.18592869470656,-85.4135036103155,Cloudy,36.715974729430854,8.07967143138169,0.0,Night
1,2023-07-27 09:00:00,39.10614585901523,-84.90889022216767,Clear,9.131588945154483,6.8852156842725805,0.0,Day
1,2023-07-27 10:00:00,43.01344432357969,-111.94507581817373,Cloudy,0.9906874387264928,7.826356035736165,0.0,Night
3,2023-07-27 11:00:00,40.72031024401852,-72.46640050188873,Clear,-2.7017576731510307,6.0510601694943045,0.0,Night
4,2023-07-27 12:00:00,33.79210899989572,-109.7167863055731,Clear,21.58540966963772,7.730536293475938,0.0,Night
3,2023-07-27 13:00:00,44.7738943483636,-102.5523917741697,Clear,6.333080798230792,8.994147952451897,0.0,Day
4,2023-07-27 14:00:00,39.64554886230232,-94.1006742853508,Clear,-0.5602583707612645,8.794738847956332,0.0,Day
2,2023-07-27 15:00:00,37.519749271403526,-113.69096094863671,Cloudy,3.7907762317496623,6.789772749035358,0.0,Day
1,2023-07-27 16:00:00,41.72068220414843,-90.32120818505302,Cloudy,5.394078653022653,5.560426079532544,0.0,Day
2,2023-07-27 17:00:00,39.040506067124255,-110.86607395626332,Clear,21.291673548022935,8.99971282519933,0.0,Day
1,2023-07-27 18:00:00,40.649828192528524,-73.83161398809196,Clear,-1.265924987248475,6.325195447472614,0.0,Night
3,2023-07-27 19:00:00,39.256998588725985,-75.5661933193069,Clear,26.64018825578612,5.265218836060338,0.0,Day
4,2023-07-27 20:00:00,32.68257036347679,-92.77872859133367,Clear,5.2441134039660025,7.225964801080014,0.0,Day
3,2023-07-27 21:00:00,38.15034091256444,-97.52618397944752,Fog,14.415479531589007,1.4734732973567661,0.0,Day
2,2023-07-27 22:00:00,34.2465173023508,-114.86990439349033,Clear,22.74195049335507,9.042466702445939,0.0,Day
1,2023-07-27 23:00:00,38.55432667814379,-78.83499009441775,Rain,17.181005359738485,9.91101074610967,0.15727630370486606,Day
1,2023-07-28 00:00:00,31.882553156448022,-101.03149506763172,Fog,23.11167709774862,0.6068360431035824,0.0,Night
2,2023-07-28 01:00:00,33.47948637961038,-107.6837982944065,Clear,6.129775191750628,6.468974252302663,0.0,Day
2,2023-07-28 02:00:00,42.130838901738386,-70.23509904948651,Cloudy,38.172495963250014,8.047452492397486,0.0,Day
2,2023-07-28 03:00:00,36.07905815460247,-86.58512938364515,Thunderstorm,12.949486080446718,9.056718485580124,0.1355642709552244,Day
4,2023-07-28 04:00:00,40.10677328467414,-116.30686958212684,Snow,6.09668048991923,6.170375106212462,0.03904366551630883,Day
3,2023-07-28 05:00:00,37.46772736599518,-79.93521478330683,Cloudy,4.819698061880304,7.0495722518687955,0.0,Day
1,2023-07-28 06:00:00,35.11045860865495,-82.47988536723723,Rain,-7.865251517167589,7.04200334226246,0.23540968619982733,Day
1,2023-07-28 07:00:00,37.42762875624105,-99.93998721917586,Snow,24.24029345112075,8.864683665491606,0.3466416806548906,Day
